-- phpMyAdmin SQL Dump
-- version 4.5.1
-- http://www.phpmyadmin.net
--
-- Host: 127.0.0.1
-- Generation Time: Aug 05, 2018 at 04:39 PM
-- Server version: 10.1.13-MariaDB
-- PHP Version: 7.0.5

SET SQL_MODE = "NO_AUTO_VALUE_ON_ZERO";
SET time_zone = "+00:00";


/*!40101 SET @OLD_CHARACTER_SET_CLIENT=@@CHARACTER_SET_CLIENT */;
/*!40101 SET @OLD_CHARACTER_SET_RESULTS=@@CHARACTER_SET_RESULTS */;
/*!40101 SET @OLD_COLLATION_CONNECTION=@@COLLATION_CONNECTION */;
/*!40101 SET NAMES utf8mb4 */;

--
-- Database: `seller_erp`
--

-- --------------------------------------------------------

--
-- Table structure for table `about_us`
--

CREATE TABLE `about_us` (
  `content_id` int(11) NOT NULL,
  `position` int(11) NOT NULL,
  `language_id` varchar(255) NOT NULL,
  `headline` text NOT NULL,
  `icon` text NOT NULL,
  `details` text NOT NULL,
  `status` int(11) NOT NULL
) ENGINE=InnoDB DEFAULT CHARSET=utf8;

--
-- Dumping data for table `about_us`
--

INSERT INTO `about_us` (`content_id`, `position`, `language_id`, `headline`, `icon`, `details`, `status`) VALUES
(1, 1, 'english', '<h4>Gift Box</h4>', '<i class="fa fa-gift"></i>', '<p>The European languages are members of the same family. Their separate existence is a myth. For science, music, sport, etc, Europe uses the same vocabulary.</p>', 1),
(2, 1, 'bangla', '', '<i class="fa fa-gift"></i>', '', 1),
(3, 2, 'english', '<h4>Quick Delivery</h4>', '<i class="fa fa-rocket"></i>', '<p>The European languages are members of the same family. Their separate existence is a myth. For science, music, sport, etc, Europe uses the same vocabulary.</p>', 1),
(4, 2, 'bangla', '', '<i class="fa fa-rocket"></i>', '', 1),
(5, 3, 'english', '<h4>Customar Satisfaction</h4>', '<i class="fa fa-smile-o"></i>', '<p>The European languages are members of the same family. Their separate existence is a myth. For science, music, sport, etc, Europe uses the same vocabulary.</p>', 1),
(6, 3, 'bangla', '', '<i class="fa fa-smile-o"></i>', '', 1),
(7, 4, 'english', '<h4>Cash Back Guarantee</h4>', '<i class="fa fa-undo"></i>', '<p>The European languages are members of the same family. Their separate existence is a myth. For science, music, sport, etc, Europe uses the same vocabulary.</p>', 1),
(8, 4, 'bangla', '', '<i class="fa fa-undo"></i>', '', 1),
(9, 5, 'english', '<h4>Privacy Protection</h4>', '<i class="fa fa-lock"></i>', '<p>The European languages are members of the same family. Their separate existence is a myth. For science, music, sport, etc, Europe uses the same vocabulary.</p>', 1),
(10, 5, 'bangla', '', '<i class="fa fa-lock"></i>', '', 1),
(11, 6, 'english', '<h4>Alltime Support</h4>', '<i class="fa fa-handshake-o"></i>', '<p>The European languages are members of the same family. Their separate existence is a myth. For science, music, sport, etc, Europe uses the same vocabulary.</p>', 1),
(12, 6, 'bangla', '', '<i class="fa fa-handshake-o"></i>', '', 1);

-- --------------------------------------------------------

--
-- Table structure for table `advertisement`
--

CREATE TABLE `advertisement` (
  `adv_id` varchar(100) NOT NULL,
  `add_page` varchar(100) DEFAULT NULL,
  `adv_position` int(11) NOT NULL,
  `adv_code` text NOT NULL,
  `adv_type` int(11) NOT NULL,
  `status` int(11) NOT NULL
) ENGINE=InnoDB DEFAULT CHARSET=utf8;

--
-- Dumping data for table `advertisement`
--

INSERT INTO `advertisement` (`adv_id`, `add_page`, `adv_position`, `adv_code`, `adv_type`, `status`) VALUES
('4GPTKUD5RA3K1MS', 'category', 1, '<a href="http://softest3.bdtask.com" target="_blank"><img src="http://localhost/seller_erp/my-assets/image/add/0b4a98d659c817a41ab34b32feae7bf0.jpg" alt=""></a>', 1, 1),
('DY8ETL1QQDBKKCF', 'home', 2, '<a href="https://www.bdtask.com/" target="_blank"><img src="http://localhost/seller_erp/my-assets/image/add/3a52abbbcec1b61b4aa68211490d49a8.jpg" alt=""></a>', 2, 1),
('OX6TMISAB8LV54F', 'home', 1, '<a href="" target="_blank"><img src="http://localhost/seller_erp/my-assets/image/add/6989075d2e606956572ee7f435c5bd3d.png" alt="" class="img-responsive"></a>', 2, 0),
('VDPWDRNERB8WI4P', 'home', 345, '<a href="http://www.google.com" target="_blank"><img src="http://localhost/seller_erp/my-assets/image/add/29e5cc8056e1f87e95bef49918d6f17c.jpg" alt="" class="img-responsive"></a>', 2, 1);

-- --------------------------------------------------------

--
-- Table structure for table `block`
--

CREATE TABLE `block` (
  `block_id` varchar(100) NOT NULL,
  `block_cat_id` varchar(100) DEFAULT NULL,
  `block_css` text,
  `block_position` int(11) DEFAULT NULL,
  `block_style` int(11) DEFAULT NULL,
  `status` int(11) DEFAULT NULL
) ENGINE=InnoDB DEFAULT CHARSET=utf8;

--
-- Dumping data for table `block`
--

INSERT INTO `block` (`block_id`, `block_cat_id`, `block_css`, `block_position`, `block_style`, `status`) VALUES
('9RUAOGGBQGUSFDL', 'XMK67BYX89D8GRQ', '', 1, 1, 1),
('NW4JL5MVVQANCQJ', '1SLTY1Y3HT6DT7Z', '', 2, 1, 1),
('XMATY6UZ1FTMIWL', 'VRL2QSFT1MESG8M', '', 4, 1, 1);

-- --------------------------------------------------------

--
-- Table structure for table `brand`
--

CREATE TABLE `brand` (
  `brand_id` varchar(255) NOT NULL,
  `brand_name` varchar(255) NOT NULL,
  `brand_image` varchar(255) NOT NULL,
  `website` varchar(255) NOT NULL,
  `status` int(2) NOT NULL
) ENGINE=InnoDB DEFAULT CHARSET=utf8;

--
-- Dumping data for table `brand`
--

INSERT INTO `brand` (`brand_id`, `brand_name`, `brand_image`, `website`, `status`) VALUES
('3G73FMMTZ7IQ1WQ', 'Walton', 'http://localhost/seller_erp/my-assets/image/brand_image/6c1bb417610f3dc8765b22e72f5a4c22.png', 'https://www.gearbest.com/top-brands/kemei/169.html', 1),
('4U2M79OO9D7VZI3', 'LG', 'http://localhost/seller_erp/my-assets/image/brand_image/e56661bbf76ba4ada37db76fb23e0f07.png', 'https://www.w3schools.com/jsref/met_win_confirm.asp', 1),
('975UJSQP6H2T8IW', 'Asus', 'http://localhost/seller_erp/my-assets/image/brand_image/0ff7601f944edf8114f0f8c9688710cb.png', 'https://www.w3schools.com/jsref/met_win_confirm.asp', 1),
('ALI9KUP7STZTKGM', 'Lenovo', 'http://localhost/seller_erp/my-assets/image/brand_image/2bec07865b42e6860017bb3ba56b2a50.png', 'https://www.gearbest.com/top-brands/kemei/169.html', 1),
('EP3RN7R6G1E3YFV', 'OPPO', 'http://localhost/seller_erp/my-assets/image/brand_image/f7899ba8de6fa0ad09520846c9ce0ad7.png', 'https://www.gearbest.com/top-brands/kemei/169.html', 1),
('GBVUN55D3Z9Q7B8', 'Panasonic', 'http://localhost/seller_erp/my-assets/image/brand_image/282cb72085e198b5741c83e00d6c560c.png', 'https://www.bdtask.com/', 1),
('IJ5EBSA7LHWQQ25', 'Samsung', 'http://localhost/seller_erp/my-assets/image/brand_image/b844731c3285813b69095f22d5d63803.png', 'http://styledunea.com/', 1),
('NI8RX2OP74U99M9', 'Bata', 'http://localhost/seller_erp/my-assets/image/brand_image/dc34f76e921252621c80176ae36823ee.png', 'https://www.gearbest.com/top-brands/kemei/169.html', 1),
('SYUJWKM1MI7X2D6', 'Apex', 'http://localhost/seller_erp/my-assets/image/brand_image/ac4c8ce4abd66cfdcbd3a0f42577b82b.png', 'https://www.w3schools.com/jsref/met_win_confirm.asp', 1),
('WCS4G3S74CAOESA', 'Veet', 'http://localhost/seller_erp/my-assets/image/brand_image/b1e6c5584724f0621456832383f957b8.png', 'https://www.bdtask.com/', 1);

-- --------------------------------------------------------

--
-- Table structure for table `cardpayment`
--

CREATE TABLE `cardpayment` (
  `cardpayment_id` varchar(100) NOT NULL,
  `invoice_id` varchar(100) NOT NULL,
  `date` varchar(100) NOT NULL,
  `terminal_id` varchar(100) NOT NULL,
  `card_type` varchar(255) NOT NULL,
  `card_no` varchar(100) NOT NULL,
  `amount` float NOT NULL
) ENGINE=InnoDB DEFAULT CHARSET=utf8;

-- --------------------------------------------------------

--
-- Table structure for table `comission`
--

CREATE TABLE `comission` (
  `id` int(11) NOT NULL,
  `category_id` varchar(100) NOT NULL,
  `rate` int(11) NOT NULL,
  `status` int(11) NOT NULL
) ENGINE=InnoDB DEFAULT CHARSET=utf8;

--
-- Dumping data for table `comission`
--

INSERT INTO `comission` (`id`, `category_id`, `rate`, `status`) VALUES
(1, 'AM4XWGPNAZVIDN2', 32, 1),
(2, '1SLTY1Y3HT6DT7Z', 12, 1),
(3, 'VS3VPEBVG2FP3K8', 5, 1),
(4, 'CB315BHM7N7276H', 43, 1);

-- --------------------------------------------------------

--
-- Table structure for table `company_information`
--

CREATE TABLE `company_information` (
  `company_id` varchar(255) NOT NULL,
  `company_name` varchar(255) NOT NULL,
  `email` varchar(255) NOT NULL,
  `address` text NOT NULL,
  `mobile` varchar(255) NOT NULL,
  `website` text NOT NULL,
  `status` int(2) NOT NULL
) ENGINE=InnoDB DEFAULT CHARSET=utf8;

--
-- Dumping data for table `company_information`
--

INSERT INTO `company_information` (`company_id`, `company_name`, `email`, `address`, `mobile`, `website`, `status`) VALUES
('NOILG8EGCRXXBWUEUQBM', 'BDTASK', 'bdtask@gmail.com', '98 Green Road, Farmgate, Dhaka- 1215,Bangladesh', '+88-01922-296392', 'https://www.bdtask.com', 1);

-- --------------------------------------------------------

--
-- Table structure for table `contact`
--

CREATE TABLE `contact` (
  `id` int(11) NOT NULL,
  `first_name` varchar(255) DEFAULT NULL,
  `last_name` varchar(255) DEFAULT NULL,
  `email` varchar(255) DEFAULT NULL,
  `message` text
) ENGINE=InnoDB DEFAULT CHARSET=utf8;

-- --------------------------------------------------------

--
-- Table structure for table `countries`
--

CREATE TABLE `countries` (
  `id` int(11) NOT NULL,
  `sortname` varchar(3) NOT NULL,
  `name` varchar(150) NOT NULL,
  `phonecode` int(11) NOT NULL
) ENGINE=InnoDB DEFAULT CHARSET=utf8;

--
-- Dumping data for table `countries`
--

INSERT INTO `countries` (`id`, `sortname`, `name`, `phonecode`) VALUES
(1, 'AF', 'Afghanistan', 93),
(2, 'AL', 'Albania', 355),
(3, 'DZ', 'Algeria', 213),
(4, 'AS', 'American Samoa', 1684),
(5, 'AD', 'Andorra', 376),
(6, 'AO', 'Angola', 244),
(7, 'AI', 'Anguilla', 1264),
(8, 'AQ', 'Antarctica', 0),
(9, 'AG', 'Antigua And Barbuda', 1268),
(10, 'AR', 'Argentina', 54),
(11, 'AM', 'Armenia', 374),
(12, 'AW', 'Aruba', 297),
(13, 'AU', 'Australia', 61),
(14, 'AT', 'Austria', 43),
(15, 'AZ', 'Azerbaijan', 994),
(16, 'BS', 'Bahamas The', 1242),
(17, 'BH', 'Bahrain', 973),
(18, 'BD', 'Bangladesh', 880),
(19, 'BB', 'Barbados', 1246),
(20, 'BY', 'Belarus', 375),
(21, 'BE', 'Belgium', 32),
(22, 'BZ', 'Belize', 501),
(23, 'BJ', 'Benin', 229),
(24, 'BM', 'Bermuda', 1441),
(25, 'BT', 'Bhutan', 975),
(26, 'BO', 'Bolivia', 591),
(27, 'BA', 'Bosnia and Herzegovina', 387),
(28, 'BW', 'Botswana', 267),
(29, 'BV', 'Bouvet Island', 0),
(30, 'BR', 'Brazil', 55),
(31, 'IO', 'British Indian Ocean Territory', 246),
(32, 'BN', 'Brunei', 673),
(33, 'BG', 'Bulgaria', 359),
(34, 'BF', 'Burkina Faso', 226),
(35, 'BI', 'Burundi', 257),
(36, 'KH', 'Cambodia', 855),
(37, 'CM', 'Cameroon', 237),
(38, 'CA', 'Canada', 1),
(39, 'CV', 'Cape Verde', 238),
(40, 'KY', 'Cayman Islands', 1345),
(41, 'CF', 'Central African Republic', 236),
(42, 'TD', 'Chad', 235),
(43, 'CL', 'Chile', 56),
(44, 'CN', 'China', 86),
(45, 'CX', 'Christmas Island', 61),
(46, 'CC', 'Cocos (Keeling) Islands', 672),
(47, 'CO', 'Colombia', 57),
(48, 'KM', 'Comoros', 269),
(49, 'CG', 'Republic Of The Congo', 242),
(50, 'CD', 'Democratic Republic Of The Congo', 242),
(51, 'CK', 'Cook Islands', 682),
(52, 'CR', 'Costa Rica', 506),
(53, 'CI', 'Cote D''Ivoire (Ivory Coast)', 225),
(54, 'HR', 'Croatia (Hrvatska)', 385),
(55, 'CU', 'Cuba', 53),
(56, 'CY', 'Cyprus', 357),
(57, 'CZ', 'Czech Republic', 420),
(58, 'DK', 'Denmark', 45),
(59, 'DJ', 'Djibouti', 253),
(60, 'DM', 'Dominica', 1767),
(61, 'DO', 'Dominican Republic', 1809),
(62, 'TP', 'East Timor', 670),
(63, 'EC', 'Ecuador', 593),
(64, 'EG', 'Egypt', 20),
(65, 'SV', 'El Salvador', 503),
(66, 'GQ', 'Equatorial Guinea', 240),
(67, 'ER', 'Eritrea', 291),
(68, 'EE', 'Estonia', 372),
(69, 'ET', 'Ethiopia', 251),
(70, 'XA', 'External Territories of Australia', 61),
(71, 'FK', 'Falkland Islands', 500),
(72, 'FO', 'Faroe Islands', 298),
(73, 'FJ', 'Fiji Islands', 679),
(74, 'FI', 'Finland', 358),
(75, 'FR', 'France', 33),
(76, 'GF', 'French Guiana', 594),
(77, 'PF', 'French Polynesia', 689),
(78, 'TF', 'French Southern Territories', 0),
(79, 'GA', 'Gabon', 241),
(80, 'GM', 'Gambia The', 220),
(81, 'GE', 'Georgia', 995),
(82, 'DE', 'Germany', 49),
(83, 'GH', 'Ghana', 233),
(84, 'GI', 'Gibraltar', 350),
(85, 'GR', 'Greece', 30),
(86, 'GL', 'Greenland', 299),
(87, 'GD', 'Grenada', 1473),
(88, 'GP', 'Guadeloupe', 590),
(89, 'GU', 'Guam', 1671),
(90, 'GT', 'Guatemala', 502),
(91, 'XU', 'Guernsey and Alderney', 44),
(92, 'GN', 'Guinea', 224),
(93, 'GW', 'Guinea-Bissau', 245),
(94, 'GY', 'Guyana', 592),
(95, 'HT', 'Haiti', 509),
(96, 'HM', 'Heard and McDonald Islands', 0),
(97, 'HN', 'Honduras', 504),
(98, 'HK', 'Hong Kong S.A.R.', 852),
(99, 'HU', 'Hungary', 36),
(100, 'IS', 'Iceland', 354),
(101, 'IN', 'India', 91),
(102, 'ID', 'Indonesia', 62),
(103, 'IR', 'Iran', 98),
(104, 'IQ', 'Iraq', 964),
(105, 'IE', 'Ireland', 353),
(106, 'IL', 'Israel', 972),
(107, 'IT', 'Italy', 39),
(108, 'JM', 'Jamaica', 1876),
(109, 'JP', 'Japan', 81),
(110, 'XJ', 'Jersey', 44),
(111, 'JO', 'Jordan', 962),
(112, 'KZ', 'Kazakhstan', 7),
(113, 'KE', 'Kenya', 254),
(114, 'KI', 'Kiribati', 686),
(115, 'KP', 'Korea North', 850),
(116, 'KR', 'Korea South', 82),
(117, 'KW', 'Kuwait', 965),
(118, 'KG', 'Kyrgyzstan', 996),
(119, 'LA', 'Laos', 856),
(120, 'LV', 'Latvia', 371),
(121, 'LB', 'Lebanon', 961),
(122, 'LS', 'Lesotho', 266),
(123, 'LR', 'Liberia', 231),
(124, 'LY', 'Libya', 218),
(125, 'LI', 'Liechtenstein', 423),
(126, 'LT', 'Lithuania', 370),
(127, 'LU', 'Luxembourg', 352),
(128, 'MO', 'Macau S.A.R.', 853),
(129, 'MK', 'Macedonia', 389),
(130, 'MG', 'Madagascar', 261),
(131, 'MW', 'Malawi', 265),
(132, 'MY', 'Malaysia', 60),
(133, 'MV', 'Maldives', 960),
(134, 'ML', 'Mali', 223),
(135, 'MT', 'Malta', 356),
(136, 'XM', 'Man (Isle of)', 44),
(137, 'MH', 'Marshall Islands', 692),
(138, 'MQ', 'Martinique', 596),
(139, 'MR', 'Mauritania', 222),
(140, 'MU', 'Mauritius', 230),
(141, 'YT', 'Mayotte', 269),
(142, 'MX', 'Mexico', 52),
(143, 'FM', 'Micronesia', 691),
(144, 'MD', 'Moldova', 373),
(145, 'MC', 'Monaco', 377),
(146, 'MN', 'Mongolia', 976),
(147, 'MS', 'Montserrat', 1664),
(148, 'MA', 'Morocco', 212),
(149, 'MZ', 'Mozambique', 258),
(150, 'MM', 'Myanmar', 95),
(151, 'NA', 'Namibia', 264),
(152, 'NR', 'Nauru', 674),
(153, 'NP', 'Nepal', 977),
(154, 'AN', 'Netherlands Antilles', 599),
(155, 'NL', 'Netherlands The', 31),
(156, 'NC', 'New Caledonia', 687),
(157, 'NZ', 'New Zealand', 64),
(158, 'NI', 'Nicaragua', 505),
(159, 'NE', 'Niger', 227),
(160, 'NG', 'Nigeria', 234),
(161, 'NU', 'Niue', 683),
(162, 'NF', 'Norfolk Island', 672),
(163, 'MP', 'Northern Mariana Islands', 1670),
(164, 'NO', 'Norway', 47),
(165, 'OM', 'Oman', 968),
(166, 'PK', 'Pakistan', 92),
(167, 'PW', 'Palau', 680),
(168, 'PS', 'Palestinian Territory Occupied', 970),
(169, 'PA', 'Panama', 507),
(170, 'PG', 'Papua new Guinea', 675),
(171, 'PY', 'Paraguay', 595),
(172, 'PE', 'Peru', 51),
(173, 'PH', 'Philippines', 63),
(174, 'PN', 'Pitcairn Island', 0),
(175, 'PL', 'Poland', 48),
(176, 'PT', 'Portugal', 351),
(177, 'PR', 'Puerto Rico', 1787),
(178, 'QA', 'Qatar', 974),
(179, 'RE', 'Reunion', 262),
(180, 'RO', 'Romania', 40),
(181, 'RU', 'Russia', 70),
(182, 'RW', 'Rwanda', 250),
(183, 'SH', 'Saint Helena', 290),
(184, 'KN', 'Saint Kitts And Nevis', 1869),
(185, 'LC', 'Saint Lucia', 1758),
(186, 'PM', 'Saint Pierre and Miquelon', 508),
(187, 'VC', 'Saint Vincent And The Grenadines', 1784),
(188, 'WS', 'Samoa', 684),
(189, 'SM', 'San Marino', 378),
(190, 'ST', 'Sao Tome and Principe', 239),
(191, 'SA', 'Saudi Arabia', 966),
(192, 'SN', 'Senegal', 221),
(193, 'RS', 'Serbia', 381),
(194, 'SC', 'Seychelles', 248),
(195, 'SL', 'Sierra Leone', 232),
(196, 'SG', 'Singapore', 65),
(197, 'SK', 'Slovakia', 421),
(198, 'SI', 'Slovenia', 386),
(199, 'XG', 'Smaller Territories of the UK', 44),
(200, 'SB', 'Solomon Islands', 677),
(201, 'SO', 'Somalia', 252),
(202, 'ZA', 'South Africa', 27),
(203, 'GS', 'South Georgia', 0),
(204, 'SS', 'South Sudan', 211),
(205, 'ES', 'Spain', 34),
(206, 'LK', 'Sri Lanka', 94),
(207, 'SD', 'Sudan', 249),
(208, 'SR', 'Suriname', 597),
(209, 'SJ', 'Svalbard And Jan Mayen Islands', 47),
(210, 'SZ', 'Swaziland', 268),
(211, 'SE', 'Sweden', 46),
(212, 'CH', 'Switzerland', 41),
(213, 'SY', 'Syria', 963),
(214, 'TW', 'Taiwan', 886),
(215, 'TJ', 'Tajikistan', 992),
(216, 'TZ', 'Tanzania', 255),
(217, 'TH', 'Thailand', 66),
(218, 'TG', 'Togo', 228),
(219, 'TK', 'Tokelau', 690),
(220, 'TO', 'Tonga', 676),
(221, 'TT', 'Trinidad And Tobago', 1868),
(222, 'TN', 'Tunisia', 216),
(223, 'TR', 'Turkey', 90),
(224, 'TM', 'Turkmenistan', 7370),
(225, 'TC', 'Turks And Caicos Islands', 1649),
(226, 'TV', 'Tuvalu', 688),
(227, 'UG', 'Uganda', 256),
(228, 'UA', 'Ukraine', 380),
(229, 'AE', 'United Arab Emirates', 971),
(230, 'GB', 'United Kingdom', 44),
(231, 'US', 'United States', 1),
(232, 'UM', 'United States Minor Outlying Islands', 1),
(233, 'UY', 'Uruguay', 598),
(234, 'UZ', 'Uzbekistan', 998),
(235, 'VU', 'Vanuatu', 678),
(236, 'VA', 'Vatican City State (Holy See)', 39),
(237, 'VE', 'Venezuela', 58),
(238, 'VN', 'Vietnam', 84),
(239, 'VG', 'Virgin Islands (British)', 1284),
(240, 'VI', 'Virgin Islands (US)', 1340),
(241, 'WF', 'Wallis And Futuna Islands', 681),
(242, 'EH', 'Western Sahara', 212),
(243, 'YE', 'Yemen', 967),
(244, 'YU', 'Yugoslavia', 38),
(245, 'ZM', 'Zambia', 260),
(246, 'ZW', 'Zimbabwe', 263);

-- --------------------------------------------------------

--
-- Table structure for table `coupon`
--

CREATE TABLE `coupon` (
  `coupon_id` varchar(100) NOT NULL,
  `coupon_name` varchar(100) NOT NULL,
  `coupon_discount_code` varchar(100) NOT NULL,
  `discount_amount` float DEFAULT NULL,
  `discount_percentage` varchar(20) DEFAULT NULL,
  `start_date` varchar(100) NOT NULL,
  `end_date` varchar(100) NOT NULL,
  `discount_type` int(11) DEFAULT NULL COMMENT '1=Taka,2=Percentage',
  `status` int(11) NOT NULL
) ENGINE=InnoDB DEFAULT CHARSET=utf8;

--
-- Dumping data for table `coupon`
--

INSERT INTO `coupon` (`coupon_id`, `coupon_name`, `coupon_discount_code`, `discount_amount`, `discount_percentage`, `start_date`, `end_date`, `discount_type`, `status`) VALUES
('XX166HQCMWAU1X3', 'A', '3BSW4', 100, NULL, '01-04-2018', '12-07-2018', 1, 1);

-- --------------------------------------------------------

--
-- Table structure for table `crypto_payments`
--

CREATE TABLE `crypto_payments` (
  `paymentID` int(11) UNSIGNED NOT NULL,
  `boxID` int(11) UNSIGNED NOT NULL DEFAULT '0',
  `boxType` enum('paymentbox','captchabox') NOT NULL,
  `orderID` varchar(50) NOT NULL DEFAULT '',
  `userID` varchar(50) NOT NULL DEFAULT '',
  `countryID` varchar(3) NOT NULL DEFAULT '',
  `coinLabel` varchar(6) NOT NULL DEFAULT '',
  `amount` double(20,8) NOT NULL DEFAULT '0.00000000',
  `amountUSD` double(20,8) NOT NULL DEFAULT '0.00000000',
  `unrecognised` tinyint(1) UNSIGNED NOT NULL DEFAULT '0',
  `addr` varchar(34) NOT NULL DEFAULT '',
  `txID` char(64) NOT NULL DEFAULT '',
  `txDate` datetime DEFAULT NULL,
  `txConfirmed` tinyint(1) UNSIGNED NOT NULL DEFAULT '0',
  `txCheckDate` datetime DEFAULT NULL,
  `processed` tinyint(1) UNSIGNED NOT NULL DEFAULT '0',
  `processedDate` datetime DEFAULT NULL,
  `recordCreated` datetime DEFAULT NULL
) ENGINE=InnoDB DEFAULT CHARSET=utf8 ROW_FORMAT=DYNAMIC;

--
-- Dumping data for table `crypto_payments`
--

INSERT INTO `crypto_payments` (`paymentID`, `boxID`, `boxType`, `orderID`, `userID`, `countryID`, `coinLabel`, `amount`, `amountUSD`, `unrecognised`, `addr`, `txID`, `txDate`, `txConfirmed`, `txCheckDate`, `processed`, `processedDate`, `recordCreated`) VALUES
(1, 22592, 'paymentbox', 'KKVVU7O9557L934', '64MZOA53D9T2BVD', 'USA', 'BTC', 0.00013376, 0.80000000, 0, '1BdPASeFH5UCNLCRfZr8sGgsv5RzLWSSjV', 'a87225f25e0473d70e7d750d7369024d456dcfea462f0d2293411fbfbf07aa1f', '2018-03-15 15:45:43', 0, '2018-03-15 15:45:42', 0, NULL, '2018-03-15 15:45:42');

-- --------------------------------------------------------

--
-- Table structure for table `currency_info`
--

CREATE TABLE `currency_info` (
  `currency_id` varchar(255) NOT NULL,
  `currency_name` varchar(255) NOT NULL,
  `currency_icon` text NOT NULL,
  `currency_position` int(11) NOT NULL DEFAULT '0',
  `convertion_rate` float NOT NULL,
  `default_status` varchar(255) NOT NULL
) ENGINE=InnoDB DEFAULT CHARSET=utf8;

--
-- Dumping data for table `currency_info`
--

INSERT INTO `currency_info` (`currency_id`, `currency_name`, `currency_icon`, `currency_position`, `convertion_rate`, `default_status`) VALUES
('5O2VW2IFRBF1ULM', 'KWD', 'KWD', 1, 0.0036, '0'),
('8UD4F1XGKHV7UDX', 'BDT', '৳', 1, 1, '1'),
('JFQT84SU2R9BTCM', 'INR', 'RS', 0, 0.8, '0'),
('ZFUXHWW83EM6QGP', 'USD', '$', 0, 0.012, '0');

-- --------------------------------------------------------

--
-- Table structure for table `customer_information`
--

CREATE TABLE `customer_information` (
  `customer_id` varchar(250) NOT NULL,
  `customer_name` varchar(255) DEFAULT NULL,
  `first_name` varchar(255) DEFAULT NULL,
  `last_name` varchar(255) NOT NULL,
  `customer_short_address` text NOT NULL,
  `customer_address_1` text NOT NULL,
  `customer_address_2` text NOT NULL,
  `city` varchar(255) NOT NULL,
  `state` varchar(255) NOT NULL,
  `country` varchar(255) NOT NULL,
  `zip` varchar(255) NOT NULL,
  `customer_mobile` varchar(100) NOT NULL,
  `customer_email` varchar(255) DEFAULT NULL,
  `image` text,
  `password` varchar(255) DEFAULT NULL,
  `reset_pass` varchar(100) DEFAULT NULL,
  `company` varchar(255) DEFAULT NULL,
  `status` int(2) NOT NULL COMMENT '1=paid,2=credit'
) ENGINE=InnoDB DEFAULT CHARSET=utf8;

--
-- Dumping data for table `customer_information`
--

INSERT INTO `customer_information` (`customer_id`, `customer_name`, `first_name`, `last_name`, `customer_short_address`, `customer_address_1`, `customer_address_2`, `city`, `state`, `country`, `zip`, `customer_mobile`, `customer_email`, `image`, `password`, `reset_pass`, `company`, `status`) VALUES
('23E6PGV8NALUS5F', 'Md Jahangir Alam', 'Md Jahangir', 'Alam', '23432,Saint Lucy,Barbados,234', 'sdfsaf', 'sdfsa', '23432', 'Saint Lucy', '19', '234', '12564', 'jahangirmahi1@gmail.com', 'http://localhost/seller_erp/my-assets/image/avatar.png', '41d99b369894eb1ec3f461135132d8bb', NULL, '', 0),
('EK8IPSBB9UCWUKX', 'first name last name', 'first name', 'last name', 'daha,Hidd,Bahrain,12345', 'address', '', 'daha', 'Hidd', '17', '12345', '25678', 'none@gmail.com', 'http://localhost/seller_erp/my-assets/image/avatar.png', '41d99b369894eb1ec3f461135132d8bb', NULL, '', 0),
('FJHKMQWVAVNQF4G', 'teasdas asfsafsa', 'teasdas', 'asfsafsa', 'a,Qazax,Azerbaijan,', 'dfasdfsa', '', 'a', 'Qazax', '15', '', '4353534', '', NULL, NULL, NULL, '', 1),
('FXS8OR8HS3OWYM6', 'Sarwar Jahan', 'Sarwar', 'Jahan', '', '', '', '', '', '', '', '123456', 'sdafsa@gmail.com', 'http://localhost/seller_erp/assets/dist/img/user.png', '41d99b369894eb1ec3f461135132d8bb', NULL, NULL, 0),
('GI2DQP5AGG844EN', 'Jahangir Alam', 'Jahangir', 'Alam', 'dhaka,Saint,Barbados,345', 'dhaka,Bangladesh', '', 'dhaka', 'Saint', '19', '345', '234', 'jahangir@gmal.com', 'http://localhost/seller_erp/my-assets/image/avatar.png', NULL, NULL, '', 0),
('IR9ZCS2EK1IK1F7', 'New Customer', 'New', 'Customer', 'Dhaka,Mugan-Salyan,Azerbaijan,1216', 'sdafsafa', 'asfs', 'Dhaka', 'Mugan-Salyan', '15', '1216', '123456', 'new@gmail.com', 'http://localhost/seller_erp/my-assets/image/avatar.png', NULL, NULL, '', 0),
('MGED5Z4KI9Z1N7K', 'Jahangir  Alam', 'Jahangir ', 'Alam', 'dhaka,al-Manamah,Bahrain,234', 'asfasfa', '', 'dhaka', 'al-Manamah', '17', '234', '145678', 'sadfsaa@gmail.com', NULL, '41d99b369894eb1ec3f461135132d8bb', '4f65492ec837bc418bf5bf335a3a7e00', 'tet', 0),
('N52QQK2MOIDVRE3', 'dsasdfa', NULL, '', '', '', '', '', '', '', '', '342523', 'a@gmail.com', NULL, NULL, NULL, NULL, 1),
('P84BDR5QT8P42KG', 'Al Hasan', 'Al', 'Hasan', 'dhaka,Eleuthera,Bahamas The,123', 'dhaka', '', 'dhaka', 'Eleuthera', '16', '123', '56068', 'al-hasan@gmail.com', NULL, NULL, NULL, 'aa', 0),
('PSIEKB98XINVS19', 'a b', 'a', 'b', 'sadd,Gopalganj,Bangladesh,345 ', 'sadfsa', 'sadfsa', 'sadd', 'Gopalganj', '18', '345', '34567', 'abc@gmail.com', 'http://localhost/seller_erp/assets/dist/img/user.png', 'ef58646ed8c7f9d30949704c5f22d64e', NULL, 'asdf', 0),
('QS6ME9MCUYBAQAN', 'Al Hasan', 'Al', 'Hasan', ' ', '', '', '', '', '', '', '123456789', 'jahangirmahi14@gmail.com', 'http://localhost/seller_erp/assets/dist/img/user.png', '41d99b369894eb1ec3f461135132d8bb', NULL, '', 1),
('SZ6LLOQZSWBCYD8', 'Jahangir Alam', 'Jahangir', 'Alam', 'dhaka,Feni,Bangladesh,3323 ', 'Dhaka Bangladesh', 'Dhaka Bangladesh', 'dhaka', 'Feni', '18', '3323', '35643', 'jahangirmahi11@gmail.com', 'http://localhost/seller_erp/assets/dist/img/user.png', '5ebe9dd4ea7517bd2c30bc46985ef823', '4f65492ec837bc418bf5bf335a3a7e00', 'da', 0),
('V2JG9FXHAFF5ODF', 'first name last name', 'first name', 'last name', 'daha,Hidd,Bahrain,12345', 'address', '', 'daha', 'Gaybanda', '17', '12345', '25678', 'firstname@gmail.com', NULL, '41d99b369894eb1ec3f461135132d8bb', NULL, '', 0),
('VVXRML56SAW9IS5', 'Tuhin Sorker', 'Tuhin', 'Sorker', 'Gaibanda,Gaybanda,Bangladesh,4566 ', 'Dhaka Bangladesh', 'Dhaka Bangladesh', 'Gaibanda', 'Gaybanda', '18', '4566', '234566', 'jahangirmahi13@gmail.com', 'http://localhost/seller_erp/assets/dist/img/user.png', '41d99b369894eb1ec3f461135132d8bb', '4f65492ec837bc418bf5bf335a3a7e00', '', 1),
('YYBYR1AFJKWG4NV', 'Al amin', 'Al', 'amin', 'Dhaka,Ordino,Andorra,1208', '387 South Tejgaon', '', 'Dhaka', 'Ordino', '5', '1208', '123456', 'al@gmail.com', NULL, '41d99b369894eb1ec3f461135132d8bb', NULL, '', 0);

-- --------------------------------------------------------

--
-- Table structure for table `customer_ledger`
--

CREATE TABLE `customer_ledger` (
  `transaction_id` varchar(100) NOT NULL,
  `customer_id` varchar(100) NOT NULL,
  `invoice_no` varchar(100) DEFAULT NULL,
  `quotation_no` varchar(100) DEFAULT NULL,
  `order_no` varchar(100) NOT NULL,
  `receipt_no` varchar(100) DEFAULT NULL,
  `amount` float DEFAULT NULL,
  `description` text NOT NULL,
  `payment_type` varchar(255) NOT NULL,
  `cheque_no` varchar(255) NOT NULL,
  `date` varchar(100) DEFAULT NULL,
  `status` int(2) NOT NULL
) ENGINE=InnoDB DEFAULT CHARSET=utf8;

--
-- Dumping data for table `customer_ledger`
--

INSERT INTO `customer_ledger` (`transaction_id`, `customer_id`, `invoice_no`, `quotation_no`, `order_no`, `receipt_no`, `amount`, `description`, `payment_type`, `cheque_no`, `date`, `status`) VALUES
('UE4OKZWMIOZN86Q', 'JN8T5OQB4SC53NV', 'TZL8II8VAV1F7LR', NULL, '', '2UOYWTW2OJ3SCCX', 1200, 'ITP', '1', '', '04-01-2018', 1),
('JCEO6NB11P57WIJ', 'JN8T5OQB4SC53NV', 'TZL8II8VAV1F7LR', NULL, '', NULL, 1584, '', '', '', '04-01-2018', 1),
('7L9CAPOCBUBOQZE', 'CK7FH9WZYYT7THN', '8HSOZ5HD23BZHJ5', NULL, '', NULL, 1102, '', '', '', '04-02-2018', 1),
('D6JRPNQQ2QJR17A', 'IPLPV8FKZ4D4EFN', 'VKLWXQ1SS5NW55T', NULL, '23NYRW8ECWJU95P', NULL, 93, '', '', '', '04-15-2018', 1),
('SVTMWUY1J2DJ5O9', 'CK7FH9WZYYT7THN', 'IK989OHOW7G7LD3', NULL, 'Y8VDZ9CW8HA142Y', NULL, 400, '', '', '', '04-01-2018', 1),
('TDYU5Z7PP6ONC8T', 'CK7FH9WZYYT7THN', '2MAEWKYZWTBQH1E', NULL, 'Y8VDZ9CW8HA142Y', NULL, 400, '', '', '', '04-01-2018', 1),
('I23ERZOCWI8YX7G', 'CK7FH9WZYYT7THN', 'KA217APDZCOPL7B', NULL, 'Y8VDZ9CW8HA142Y', NULL, 400, '', '', '', '04-01-2018', 1),
('PNQQ2QJR17ABO8V', 'CK7FH9WZYYT7THN', 'XQ1SS5NW55TD6JR', NULL, 'Y8VDZ9CW8HA142Y', NULL, 400, '', '', '', '04-01-2018', 1),
('GH1O1QMFVQZTMUG', 'CK7FH9WZYYT7THN', 'IHLO82DRCGIX543', NULL, 'Y8VDZ9CW8HA142Y', NULL, 400, '', '', '', '04-01-2018', 1),
('Q258JIHEDB4G2FL', 'CK7FH9WZYYT7THN', 'RVLIJ5EBSA7LHWQ', NULL, '13Q5GXGHIQNLOJE', NULL, 400, '', '', '', '04-01-2018', 1),
('HG7B8P496W5M1DR', 'JN8T5OQB4SC53NV', 'Q7HWQIGO85QKO5I', NULL, '', NULL, 200, '', '', '', '04-01-2018', 1),
('Y8GGNB1EEWO7NKK', 'JN8T5OQB4SC53NV', 'PRER8T35FPRLRDM', NULL, 'Z7P4TG5MCWC5MGA', NULL, 200, '', '', '', '04-01-2018', 1),
('C8OO39TD37XCWP8', 'JN8T5OQB4SC53NV', '3688QCCQFZWRVID', NULL, 'JSFRT4X4SVO2HSL', NULL, 200, '', '', '', '04-01-2018', 1),
('J8YBW83L8NQVIYN', 'JN8T5OQB4SC53NV', 'OMR13XIBIVTMI47', NULL, '2PB6K6WJQIMKX6N', NULL, 546, '', '', '', '04-01-2018', 1),
('AN1ELFPG27R2HWU', 'YYBYR1AFJKWG4NV', '6PCASUJ8JWERBNL', NULL, '3C1LYTK3X1GIGTX', NULL, 100, '', '', '', '05-05-2018', 1),
('QAGFZIMD8KW3Z6L', 'QS6ME9MCUYBAQAN', 'SQ84W7T4XBEAOG9', NULL, '', 'ZEIH31CYVXTT8SV', 100, 'ITP', '1', '', '05-19-2018', 1),
('KPMGT84E5A9X7VP', 'QS6ME9MCUYBAQAN', 'SQ84W7T4XBEAOG9', NULL, '', NULL, 400, '', '', '', '05-19-2018', 1),
('CLKDBLWC23ILXKJ', 'QS6ME9MCUYBAQAN', 'CY6IGHUA67A1PYH', NULL, '', 'DUYIE2RJVGX9HDX', 11, 'ITP', '1', '', '05-19-2018', 1),
('QIMRJNMTS3793LN', 'QS6ME9MCUYBAQAN', 'CY6IGHUA67A1PYH', NULL, '', NULL, 200, '', '', '', '05-19-2018', 1),
('TM8R8EMVS7DX5UP', 'QS6ME9MCUYBAQAN', '6V1JKF5YPDL97GS', NULL, '', 'ICFKH2S9EB3N6Q3', 40, 'ITP', '1', '', '05-19-2018', 1),
('1AFXAOYEQTGP9VG', 'QS6ME9MCUYBAQAN', '6V1JKF5YPDL97GS', NULL, '', NULL, 200, '', '', '', '05-19-2018', 1),
('X19JA32OF9VG5G8', 'NDQFELJCUHDTKAQ', 'SSGK7I8OSUR1KES', NULL, '', NULL, 200, '', '', '', '05-19-2018', 1),
('LFEWHN6K6A8IZXO', 'NDQFELJCUHDTKAQ', 'SSDUOD1D6V4ORBU', NULL, '', NULL, 200, '', '', '', '05-19-2018', 1),
('JRFT2UYBT1I588Y', 'QS6ME9MCUYBAQAN', 'XBS72EK8411UZ5R', NULL, '', NULL, 200, '', '', '', '05-19-2018', 1),
('XBSLQ62J82OPLSL', 'QS6ME9MCUYBAQAN', 'O93VTVWYRWN34EU', NULL, 'WABG8OLPGJM2OZC', NULL, 200, '', '', '', '05-19-2018', 1),
('S5J6NZO2KK3DUMR', 'QS6ME9MCUYBAQAN', 'HTP9XLR2PPTCO7M', NULL, 'BK9C4NCVEI7Q27D', NULL, 500, '', '', '', '05-19-2018', 1),
('WJ5ZUN9WT87JC7Y', '18LJGME922LHNER', 'ASZMJ1VPT9BEA35', NULL, '', NULL, 200, '', '', '', '05-19-2018', 1),
('JFQ3UKS8VOXIPZ1', 'UZ8J85F8P1WDJFM', '2CULU4OYWALU7U7', NULL, '', NULL, 200, '', '', '', '05-19-2018', 1),
('49KZNWUSW8KG81R', '2FY7FKSZ2NH4IAE', 'Q8BP8CI5118OWAZ', NULL, '', NULL, 12, '', '', '', '05-22-2018', 1),
('KIH7RV429ITT5MN', '2FY7FKSZ2NH4IAE', '83H7KJ74CSY1QMU', NULL, '', NULL, 24, '', '', '', '05-22-2018', 1),
('3HOFJL52JM9KQDD', 'QS6ME9MCUYBAQAN', 'PCOP7IJ1QYD443O', NULL, '', NULL, 50000, '', '', '', '06-02-2018', 1),
('JQAGUPA6OCLKYLU', 'QS6ME9MCUYBAQAN', '6U7FAG1W1EKUF9J', NULL, '', NULL, 150000, '', '', '', '06-02-2018', 1),
('8E5EIKVJH66KTJK', 'P84BDR5QT8P42KG', 'NQMWIN2EG91FU4L', NULL, '6EARS23ZGXYJ4LN', NULL, 222, '', '', '', '06-10-2018', 1),
('PIHTULQYH38MTST', 'LQY3DG6LOVXTHJ1', 'SPIYQSZQO8QFIYC', NULL, 'SKFXA3M687JQWQ2', NULL, 250, '', '', '', '06-11-2018', 1),
('Y787XGO8DB1OJAD', '1OQZZIRCC55RE2Y', 'CJXBEIAT943D58B', NULL, '', 'SCBC94TYAMXWLDY', 250, 'ITP', '1', '', '11-06-2018', 1),
('8G3XJI4AT2B1WQ2', '1OQZZIRCC55RE2Y', 'CJXBEIAT943D58B', NULL, '', NULL, 250, '', '', '', '11-06-2018', 1),
('9EJAEENJUXZVCE2', '1OQZZIRCC55RE2Y', 'BQMJF5SL24CTCV4', NULL, '', 'A4KUFVUQES1RRMH', 250, 'ITP', '1', '', '11-06-2018', 1),
('EMM3LMI4SUGG1S7', '1OQZZIRCC55RE2Y', 'BQMJF5SL24CTCV4', NULL, '', NULL, 250, '', '', '', '11-06-2018', 1),
('BR37GO1MPBAJAHQ', '83H7KJ74CSY1QMU', '8LX6FWK639D82LY', NULL, '', 'GWJXISDUAM9TTQ3', 4302, 'ITP', '1', '', '11-06-2018', 1),
('1TQ6REVD3ZV1FSW', '83H7KJ74CSY1QMU', '8LX6FWK639D82LY', NULL, '', NULL, 4302, '', '', '', '11-06-2018', 1),
('IR1Z6Z7BJ9OVREG', '2Q529OY8NKYSXQI', 'NZYS8H7RGEAR7RV', NULL, 'U361I5NXQF4VVFP', NULL, 3334, '', '', '', '11-06-2018', 1),
('L3NABHUZU85FNFS', 'ASBE7XX5IYUGC6V', 'KZ46IYF9G53QFSW', NULL, 'L4KL83LVWYD7VLS', NULL, 250, '', '', '', '28-06-2018', 1),
('S134NNZR7RGSZJO', 'MGED5Z4KI9Z1N7K', 'NX5N1TM1KH6QDYJ', NULL, '', NULL, 12333, '', '', '', '18-07-02', 1),
('NSALPX7J57SR1SY', 'QS6ME9MCUYBAQAN', 'FDOZCT8LGP5A2QG', NULL, '', '9XE2GZAVCR6QDD8', 50, 'ITP', '1', '', '2018-07-04', 1),
('KJD8MATDVLICJXB', 'QS6ME9MCUYBAQAN', 'FDOZCT8LGP5A2QG', NULL, '', NULL, 280, '', '', '', '2018-07-04', 1),
('GSOLFPVQYADLXGR', 'QS6ME9MCUYBAQAN', 'SR45SLMFKE1Q2PW', NULL, '', NULL, 12567, '', '', '', '2018-07-14', 1),
('RX82KQH8E26VX6Q', 'EK8IPSBB9UCWUKX', '9QSSJXZVXOARSGS', NULL, '', NULL, 12567, '', '', '', '2018-07-14', 1),
('KSIPIKNCQXA32TZ', 'JSF6LTFEWTBX2HE', '6FPKZBDA7BQ9UMM', NULL, '', NULL, 25134, '', '', '', '2018-07-14', 1),
('BLYTYRPJRNHIUD4', 'EK8IPSBB9UCWUKX', 'OVVXEXUMVO99DW4', NULL, '', NULL, 12789, '', '', '', '2018-07-14', 1),
('7Q5DLM4UQ4MM37X', 'FXS8OR8HS3OWYM6', 'WP1I936V4A2JCAB', NULL, '', NULL, 62835, '', '', '', '2018-07-14', 1),
('HPFU47INM3EJ7NT', 'FXS8OR8HS3OWYM6', 'F32K2FHQ5YALEZX', NULL, '', NULL, 12567, '', '', '', '2018-07-14', 1),
('YW3NMEX4S8DUY4O', 'FXS8OR8HS3OWYM6', 'FGX9ARIP4VVUFU8', NULL, '', NULL, 63181, '', '', '', '2018-07-14', 1),
('Z5YO6ZS72ZTGNPX', 'FXS8OR8HS3OWYM6', 'A99QEADTO5OY4EX', NULL, '', NULL, 25134, '', '', '', '2018-07-14', 1),
('B2P1FW9S54R4JT3', 'FXS8OR8HS3OWYM6', 'DQB6YTO12NO8VRB', NULL, '', NULL, 222, '', '', '', '2018-07-15', 1),
('Q1748CQX2HLTNWX', 'FXS8OR8HS3OWYM6', 'X8YJPAKZFBDRJFM', NULL, '', NULL, 222, '', '', '', '2018-07-15', 1),
('1C2LG13JFU82GIV', 'FXS8OR8HS3OWYM6', '5QKAGQYR1H1ZLB9', NULL, '', NULL, 222, '', '', '', '2018-07-15', 1),
('8VZWR24UCNHNSHO', 'FXS8OR8HS3OWYM6', 'KP9Q4QSB3MDCI1M', NULL, '', NULL, 222, '', '', '', '2018-07-15', 1),
('NICBCVE4HYKWAPR', 'FXS8OR8HS3OWYM6', 'F4V95HK284TLKTG', NULL, '', NULL, 222, '', '', '', '2018-07-15', 1),
('59F6O1MBLI1YDPS', 'FXS8OR8HS3OWYM6', 'BFEIE5WRR5KYIO7', NULL, '', NULL, 222, '', '', '', '2018-07-15', 1),
('T8LGP5A2QGNSALP', 'FXS8OR8HS3OWYM6', 'D6XGH51U4DFDOZC', NULL, '', NULL, 222, '', '', '', '2018-07-15', 1),
('QJG3WW8TS75COSC', 'EK8IPSBB9UCWUKX', 'SMOBEOZIYJ3D198', NULL, '', NULL, 222, '', '', '', '2018-07-15', 1),
('U3AEBHCX9D5B3UT', 'EK8IPSBB9UCWUKX', 'PFPDOEFCHETVUUJ', NULL, '', NULL, 28614, '', '', '', '2018-07-15', 1),
('VD7DME5SFXSVYZQ', 'QS6ME9MCUYBAQAN', 'HVBGQDHSYC3NX5N', NULL, '', NULL, 25134, '', '', '', '2018-07-15', 1),
('8N691FFFUQ42DVO', 'QS6ME9MCUYBAQAN', 'YOY88T6ANNH8HEY', NULL, '', NULL, 456, '', '', '', '2018-07-15', 1),
('9QSEV6IJUMMT7SY', 'QS6ME9MCUYBAQAN', '56LAQHNO4TOQ4CB', NULL, '', NULL, 25146, '', '', '', '2018-07-15', 1),
('AYHTWQXV6OXO71A', 'FXS8OR8HS3OWYM6', 'PHGZZBR7K92QM79', NULL, '', NULL, 222, '', '', '', '2018-07-16', 1),
('47J8YBW83L8NQVI', 'FXS8OR8HS3OWYM6', 'C8OO39TD37XCWP8', NULL, '', NULL, 222, '', '', '', '2018-07-16', 1),
('HBBMNJ64VMGKAV1', 'FXS8OR8HS3OWYM6', 'Y8C8ZMCNZ6IV6LS', NULL, '', NULL, 907704, '', '', '', '2018-07-16', 1),
('1XM6XVKLBNII4W7', '23E6PGV8NALUS5F', 'R9ZX3AW9WHW5UJE', NULL, 'N13N6CD9R4U822S', NULL, 453902, '', '', '', '2018-07-16', 1),
('H62C8WTUIRVTVI9', '23E6PGV8NALUS5F', 'PG2S3AZLPVN5CHF', NULL, 'N13N6CD9R4U822S', NULL, 453902, '', '', '', '2018-07-16', 1),
('DOHR6V4TDRVZ8BN', 'VVXRML56SAW9IS5', 'D12UTY3OS5PAXHL', NULL, '1DHSD1T499MMR8O', NULL, 350, '', '', '', '2018-07-16', 1),
('8TOUCZYSURFA6A9', 'VVXRML56SAW9IS5', 'OFUX375QRALIVT2', NULL, '1DHSD1T499MMR8O', NULL, 350, '', '', '', '2018-07-16', 1),
('LTWV7IUDP4Y8MRJ', '23E6PGV8NALUS5F', 'QRR9EWEVMFYZNJC', NULL, 'N13N6CD9R4U822S', NULL, 453902, '', '', '', '2018-07-16', 1),
('YAOJ8UTM5EF1XVA', '23E6PGV8NALUS5F', 'WEAKSWB4DW7OECL', NULL, 'N13N6CD9R4U822S', NULL, 453902, '', '', '', '2018-07-16', 1),
('MW7OS1DGLRLVQHC', '23E6PGV8NALUS5F', '7B4DBWGWMP1WK5T', NULL, 'N13N6CD9R4U822S', NULL, 453902, '', '', '', '2018-07-16', 1),
('WZRZ2V3KJO6WMZ5', 'FXS8OR8HS3OWYM6', 'Q2UAA5ELXMT77OI', NULL, 'GTFI9OOM3YCBN4X', NULL, 93376, '', '', '', '2018-07-18', 1),
('AQ35I3LXHD6X9TO', 'QS6ME9MCUYBAQAN', 'EKIGY6E3OHK6OCZ', NULL, 'SRFOC79WT1L4CS6', NULL, 234, '', '', '', '2018-07-18', 1),
('PS7MTE6UAR3SQWJ', 'QS6ME9MCUYBAQAN', '9DFGGIG3J8GDH34', NULL, 'SRFOC79WT1L4CS6', NULL, 234, '', '', '', '2018-07-18', 1),
('W59PB2P81CA7W1H', 'QS6ME9MCUYBAQAN', 'QNBUOR897NOI7QG', NULL, 'SRFOC79WT1L4CS6', NULL, 234, '', '', '', '2018-07-18', 1),
('D2GS7JVVVNFOGK3', 'QS6ME9MCUYBAQAN', 'AOJNJM6FIGOUGY3', NULL, 'SRFOC79WT1L4CS6', NULL, 234, '', '', '', '2018-07-18', 1),
('VJZQTXD5WYCLKDB', '23E6PGV8NALUS5F', 'GAUBHNOWA8PPKEE', NULL, '4WEVAQ7HBFBYYC7', NULL, 1500, '', '', '', '2018-07-18', 1),
('8LGIJU2CMO33R2L', '23E6PGV8NALUS5F', 'UTKDWAUN8ALZOVG', NULL, '9YBONMLVUU5B6Y3', NULL, 395, '', '', '', '2018-07-18', 1),
('YEU2MLYG6KH9IT4', 'VVXRML56SAW9IS5', 'QBMUV31RDCFOVV5', NULL, 'HVIRMAEIT7HNR94', NULL, 350, '', '', '', '2018-07-18', 1),
('XN2O7XXI8RCQG8I', '23E6PGV8NALUS5F', 'H7YGK2MASLDGA1W', NULL, 'OBZEWS6Q6RSK5LB', NULL, 345, '', '', '', '2018-07-18', 1),
('MTZL8II8VAV1F7L', 'QS6ME9MCUYBAQAN', 'TP9JWZKELUPRLYY', NULL, '', NULL, 272, '', '', '', '07-18-2018', 1),
('JDPIAADLC6JDZV8', '23E6PGV8NALUS5F', 'TIQUEQZSILKG241', NULL, 'P6EAD4ALPCTBMIW', NULL, 1550, '', '', '', '2018-07-19', 1),
('CPUUVY7UH6XD5BO', 'MGED5Z4KI9Z1N7K', 'IR1SLJ6WQCYMYQ4', NULL, '341CR9ITIGT5DTZ', NULL, 1600, '', '', '', '2018-07-19', 1),
('I2RM33LX9SPWV4Q', '23E6PGV8NALUS5F', 'KDOBOUD7K9V677T', NULL, '9XL6RH86GPVJEUC', NULL, 1550, '', '', '', '2018-07-19', 1),
('U53KI3TO5A9CTN7', 'MGED5Z4KI9Z1N7K', 'OZPKZ4RU6WXC4FV', NULL, 'MBSTTJQ4XSGTJGD', NULL, 153, '', '', '', '2018-07-19', 1),
('O4SII7MOE12FO22', 'MGED5Z4KI9Z1N7K', 'FEEJ71LAVUF2UT6', NULL, 'UXERPCDRX5F8BB5', NULL, 1600, '', '', '', '2018-07-19', 1),
('VHX5BMWIFGXGT8I', '23E6PGV8NALUS5F', 'ISCNO88H3UDU23S', NULL, 'MXFA92R9IHSOEU9', NULL, 1500, '', '', '', '2018-07-21', 1),
('NO7N7VBMW4POG5R', '23E6PGV8NALUS5F', 'TGNPXRC97177DKN', NULL, 'A4Z1CVNB87GE3EC', NULL, 3050, '', '', '', '2018-07-22', 1),
('CYRSOZJ75JEF25G', '23E6PGV8NALUS5F', 'PCZ25M44AM99KIK', NULL, 'VO645ZEPTXKQDZQ', NULL, 6050, '', '', '', '2018-07-22', 1),
('QD337VSIWIPF8UY', '23E6PGV8NALUS5F', 'F4DSVT2NLGCM4ZG', NULL, 'Y8VRP1U7CJXWPQR', NULL, 4050, '', '', '', '2018-07-23', 1),
('S3OBOFMF2XQ4JBA', 'FXS8OR8HS3OWYM6', '4LIQ4J4OD8DCNZR', NULL, 'UG6A5ADAZ7ERWBJ', NULL, 22438, '', '', '', '2018-07-24', 1),
('RNE61ZES8RXGDHO', 'FXS8OR8HS3OWYM6', 'KL4MDQ8S6IY1JMM', NULL, 'UG6A5ADAZ7ERWBJ', NULL, 4896, '', '', '', '2018-07-24', 1),
('D3EXIPLB5GX9T3Q', 'FXS8OR8HS3OWYM6', '5B6KEHZRTFHMEG6', NULL, 'UG6A5ADAZ7ERWBJ', NULL, 3672, '', '', '', '2018-07-24', 1),
('KO5W6VNURWUTOQP', 'FXS8OR8HS3OWYM6', 'LI6FNUH66YKC2W1', NULL, 'UG6A5ADAZ7ERWBJ', NULL, 2448, '', '', '', '2018-07-24', 1),
('Y43Y1Q2IC1SASIZ', 'FXS8OR8HS3OWYM6', 'HYVVJ3T3V2QNZMU', NULL, 'L35FB3U92KXLJTY', NULL, 12876, '', '', '', '2018-07-24', 1),
('SCUSJPEEXAIV39Y', 'FXS8OR8HS3OWYM6', 'JBT5G9UGMCP5DEJ', NULL, 'L35FB3U92KXLJTY', NULL, 12876, '', '', '', '2018-07-24', 1),
('4OHYVGUBDSQ14QE', 'QS6ME9MCUYBAQAN', 'IL943YFGU1N4UXP', NULL, 'YDCBUWYYI34I7RM', NULL, 3334, '', '', '', '2018-07-24', 1),
('YDPEB6RDMRMZG9I', 'QS6ME9MCUYBAQAN', 'MJNQ9LGW9LJMRQQ', NULL, 'YDCBUWYYI34I7RM', NULL, 3334, '', '', '', '2018-07-24', 1),
('O968P7NY9VMJBSY', 'QS6ME9MCUYBAQAN', 'Z8UK4KUUJL8PW3F', NULL, 'YDCBUWYYI34I7RM', NULL, 3334, '', '', '', '2018-07-24', 1),
('21S7947XJ12P117', 'QS6ME9MCUYBAQAN', 'GFLLAFW24IEC4IZ', NULL, 'YDCBUWYYI34I7RM', NULL, 3334, '', '', '', '2018-07-24', 1),
('M4BSOIO7QJMMDXN', 'QS6ME9MCUYBAQAN', '1LT52XQPVJRJ5PH', NULL, 'YDCBUWYYI34I7RM', NULL, 3334, '', '', '', '2018-07-24', 1),
('1IUAYLUZC6KKLB9', 'QS6ME9MCUYBAQAN', 'HBBMNJ64VMGKAV1', NULL, 'YDCBUWYYI34I7RM', NULL, 1334, '', '', '', '2018-07-25', 1),
('OFM1D68SG9NXN3B', 'QS6ME9MCUYBAQAN', 'SK28HLD37KM58WZ', NULL, 'YDCBUWYYI34I7RM', NULL, 1334, '', '', '', '2018-07-25', 1),
('7KRETKOGVF8QN7K', 'QS6ME9MCUYBAQAN', 'P9UV9XIE9DZVUP7', NULL, 'YDCBUWYYI34I7RM', NULL, 1334, '', '', '', '2018-07-25', 1),
('AAGQK39ZPTJMDFO', 'QS6ME9MCUYBAQAN', 'DR9AA2FHCG7SAAY', NULL, 'YDCBUWYYI34I7RM', NULL, 1334, '', '', '', '2018-07-25', 1),
('DYPWDK1XQXGZSWW', 'QS6ME9MCUYBAQAN', 'TIFAV5EB7ZY4R1R', NULL, 'YDCBUWYYI34I7RM', NULL, 1334, '', '', '', '2018-07-25', 1),
('83LG77VWRK6E7NL', 'QS6ME9MCUYBAQAN', 'AK7N3NM19CBX9SB', NULL, 'YDCBUWYYI34I7RM', NULL, 1334, '', '', '', '2018-07-25', 1),
('9YZQDAH2E6W2A81', 'QS6ME9MCUYBAQAN', 'YPT5YLXD5IAK499', NULL, 'YDCBUWYYI34I7RM', NULL, 1334, '', '', '', '2018-07-25', 1),
('Q77YG6DTSHIBUEF', 'QS6ME9MCUYBAQAN', 'ZPRPPH97XVDZVN5', NULL, 'YDCBUWYYI34I7RM', NULL, 1334, '', '', '', '2018-07-25', 1),
('3T73PEBS3L5GJXS', 'QS6ME9MCUYBAQAN', 'UN8OAR76KA9C48M', NULL, 'YDCBUWYYI34I7RM', NULL, 1334, '', '', '', '2018-07-25', 1),
('JRWNTIXUKITTJDE', 'QS6ME9MCUYBAQAN', 'ZR4FMGAJ75X37JG', NULL, 'YDCBUWYYI34I7RM', NULL, 1334, '', '', '', '2018-07-25', 1),
('YS5POM93OSJF2FS', 'QS6ME9MCUYBAQAN', 'HQ14CP8JNGIXJUV', NULL, 'YDCBUWYYI34I7RM', NULL, 1334, '', '', '', '2018-07-25', 1),
('WMWZ3C1YOM2D234', 'QS6ME9MCUYBAQAN', '85F14KWYRIXBN3Q', NULL, 'YDCBUWYYI34I7RM', NULL, 1334, '', '', '', '2018-07-25', 1),
('6EK4R7O4ZNUOK1I', 'QS6ME9MCUYBAQAN', 'XXUKPHCJQ731DK5', NULL, 'YDCBUWYYI34I7RM', NULL, 3802, '', '', '', '2018-07-25', 1),
('YTKO99Y8CUATVBT', '23E6PGV8NALUS5F', 'JWTNB1NZDPLFI9A', NULL, 'LK3KXZ9MGS3WIFO', NULL, 10100, '', '', '', '2018-07-25', 1),
('1ACKGC9E8XF92GB', '23E6PGV8NALUS5F', '79AYHTWQXV6OXO7', NULL, 'LK3KXZ9MGS3WIFO', NULL, 6100, '', '', '', '2018-07-25', 1),
('N94HO7X54ORPJDW', '23E6PGV8NALUS5F', 'PBDASNYRIJNVLFS', NULL, 'UPYL4QZ3MY92RVS', NULL, 4100, '', '', '', '2018-07-25', 1),
('MLQVPK3GK6TXGA5', '23E6PGV8NALUS5F', 'U6XJNCXJP3GOXE2', NULL, '19I3HLM1GWQXMK9', NULL, 18920, '', '', '', '2018-07-26', 1),
('1ZSIZ98JF5LZL4X', '23E6PGV8NALUS5F', 'CSOOSI8GZRBNEO6', NULL, '19I3HLM1GWQXMK9', NULL, 18920, '', '', '', '2018-07-26', 1),
('F957UDBZHXVDEJE', '23E6PGV8NALUS5F', 'SR5Q3U64GDDVH24', NULL, '19I3HLM1GWQXMK9', NULL, 18920, '', '', '', '2018-07-26', 1),
('CW55HME2GLL3UH2', '23E6PGV8NALUS5F', '3YVD7YXNMIBW5XD', NULL, 'LUNNE29HALW5XR1', NULL, 23910, '', '', '', '2018-07-26', 1),
('T7H1H1LTJRP81YK', '23E6PGV8NALUS5F', 'DWFAVCZR7DR1H8L', NULL, '', NULL, 45000, '', '', '', '2018-07-26', 1),
('CLDYG2IXWB1Z3VY', '23E6PGV8NALUS5F', 'ZTCAWK2CQ81QYYF', NULL, '', NULL, 29800, '', '', '', '2018-07-26', 1),
('9RBC9BHFA2QVBKR', '23E6PGV8NALUS5F', 'T17EKBTJ61BQRDD', NULL, '', 'TUZUFQTNSKCDVAX', 1000, 'ITP', '1', '', '2018-07-26', 1),
('SXCU3TOJZ1U7Q8P', '23E6PGV8NALUS5F', 'T17EKBTJ61BQRDD', NULL, '', NULL, 29700, '', '', '', '2018-07-26', 1),
('7ZM5IMOLJ2O4OAT', '23E6PGV8NALUS5F', '5KT6TUF8X8MLGWG', NULL, '8KQYOOOOAKSBZTV', NULL, 7550, '', '', '', '2018-07-26', 1),
('EWKDOPDLVIOAH2S', '23E6PGV8NALUS5F', 'YTTFW62NYKSWWFL', NULL, '8KQYOOOOAKSBZTV', NULL, 7550, '', '', '', '2018-07-26', 1),
('TOJLC2PF5OR485F', '23E6PGV8NALUS5F', 'DHSD1T499MMR8OE', NULL, '', NULL, 75050, '', '', '', '2018-07-26', 1),
('5TGW2TWXCPQ3CUZ', '23E6PGV8NALUS5F', '1P2NHPUITOUQPQA', NULL, '8KQYOOOOAKSBZTV', NULL, 7550, '', '', '', '2018-07-26', 1),
('WSDCNS6C2BIRQGN', '23E6PGV8NALUS5F', 'TRV4MKQDL1NZRED', NULL, '6T56WVB286FI93D', NULL, 550, '', '', '', '2018-07-28', 1),
('4886J9R8KQ6A4O2', '23E6PGV8NALUS5F', 'WJ9VRHFD7XQ17HW', NULL, 'E71AXTOVXA7BIMD', NULL, 5050, '', '', '', '2018-07-28', 1),
('2LMQP9UV9XIE9DZ', 'FJHKMQWVAVNQF4G', '6HQXY5SIWWF7P53', NULL, 'IUGVBVW9IKJ6I2K', NULL, 395, '', '', '', '2018-07-29', 1),
('ZSWBCYD8379B63C', '23E6PGV8NALUS5F', 'FQ389LP6SZ6LLOQ', NULL, 'NWB87V3VTMBIQIV', NULL, 5050, '', '', '', '2018-07-29', 1),
('SCFO2GLZSLYDUR4', '23E6PGV8NALUS5F', '9ADSXNKQSRXNRC9', NULL, 'NWB87V3VTMBIQIV', NULL, 5050, '', '', '', '2018-07-29', 1),
('6EZ155ZLU7FH2HW', 'FJHKMQWVAVNQF4G', 'QN7K25JHRVH6QRO', NULL, '', NULL, 395, '', '', '', '2018-08-02', 1),
('NEYWOWTWMZRLH8A', 'FJHKMQWVAVNQF4G', 'OXBPV81V8N21DSQ', NULL, '3FVM1R3LRRRGI9T', NULL, 3980, '', '', '', '2018-08-02', 1),
('U5ZFB663F9X3HTE', 'FJHKMQWVAVNQF4G', 'QYH38MTSTLS37VE', NULL, 'MYF53CP1FBYLNFT', NULL, 4100, '', '', '', '2018-08-05', 1),
('L216OF5HMSQ84W7', '23E6PGV8NALUS5F', 'T4F6EOO61EIAIKC', NULL, 'I6QK3VAXE8KBRRM', NULL, 8000, '', '', '', '2018-08-05', 1),
('PV8FKZ4D4EFN83S', 'FJHKMQWVAVNQF4G', '7R2HWUTA1X68IPL', NULL, 'LCYCNRYQLA5YSQF', NULL, 395, '', '', '', '2018-08-05', 1),
('YIL2WCQJY1C37R9', 'FJHKMQWVAVNQF4G', 'X8GAIYJH3SRIVK4', NULL, 'XAWKVQA8NY297JX', NULL, 11597, '', '', '', '2018-08-05', 1),
('JITHULWV744L8SV', 'FJHKMQWVAVNQF4G', 'V5TMBWGACHI8O7J', NULL, 'XAWKVQA8NY297JX', NULL, 11597, '', '', '', '2018-08-05', 1),
('M4IZFQKOJ78KFNP', 'FJHKMQWVAVNQF4G', 'QIXWWB8LJVD7QD6', NULL, 'XAWKVQA8NY297JX', NULL, 11597, '', '', '', '2018-08-05', 1),
('AKLBV4Y4AY7JXLD', 'FJHKMQWVAVNQF4G', 'L8BSL5VV1J6PDHE', NULL, 'XAWKVQA8NY297JX', NULL, 6597, '', '', '', '2018-08-05', 1),
('T52CGHCUTKRL2BW', '23E6PGV8NALUS5F', 'ZS4P7IQN7YRW1ST', NULL, 'ET9JL1B1I1A4DP4', NULL, 69050, '', '', '', '2018-08-05', 1),
('SEJFUNQ8Z5OQWMO', 'FJHKMQWVAVNQF4G', '5S4ZJHT8BIGR69B', NULL, 'XAWKVQA8NY297JX', NULL, 5363, '', '', '', '2018-08-05', 1),
('LDOTHXCFZEFQLT5', 'FJHKMQWVAVNQF4G', 'VC3IPIYC489D4PR', NULL, 'XAWKVQA8NY297JX', NULL, 4129, '', '', '', '2018-08-05', 1),
('1T1PCYGVFNFEPT6', '23E6PGV8NALUS5F', 'GWQCDCQ8EGQGPGN', NULL, '1WMA4KNUEUCLTBK', NULL, 17550, '', '', '', '2018-08-05', 1),
('8YNVHGO12E3RUEI', '23E6PGV8NALUS5F', 'ZQAWOPO6E4ARSOD', NULL, 'L2UYX79ZU47B173', NULL, 2568, '', '', '', '2018-08-05', 1),
('UTYHDKN1EY5HYCB', '23E6PGV8NALUS5F', 'L9FMJ12BC9P77SD', NULL, 'L2UYX79ZU47B173', NULL, 1334, '', '', '', '2018-08-05', 1),
('NLR3B13VD4L59XI', '23E6PGV8NALUS5F', '58UMV3X1V88D8TH', NULL, 'XFYBSE6P25F5YIR', NULL, 5000, '', '', '', '2018-08-05', 1),
('4WH1HMT41GL7D2Y', '23E6PGV8NALUS5F', 'VGQRG4J4AOGV1IX', NULL, 'XFYBSE6P25F5YIR', NULL, 3000, '', '', '', '2018-08-05', 1),
('3NHBNNTW9TABOU5', 'FJHKMQWVAVNQF4G', 'DYC7K2QUPAJE43T', NULL, 'AIO7JX8MZ5OXI3P', NULL, 10100, '', '', '', '2018-08-05', 1);

-- --------------------------------------------------------

--
-- Table structure for table `customer_order`
--

CREATE TABLE `customer_order` (
  `customer_order_id` varchar(100) NOT NULL,
  `customer_id` varchar(100) NOT NULL,
  `shiping_id` varchar(100) NOT NULL,
  `order_date` timestamp NOT NULL DEFAULT CURRENT_TIMESTAMP ON UPDATE CURRENT_TIMESTAMP,
  `payment_method` varchar(100) NOT NULL,
  `total_bill` float NOT NULL,
  `order_status` int(2) NOT NULL
) ENGINE=InnoDB DEFAULT CHARSET=utf8;

-- --------------------------------------------------------

--
-- Table structure for table `customer_order_details`
--

CREATE TABLE `customer_order_details` (
  `c_o_d_id` varchar(100) NOT NULL,
  `customer_order_id` varchar(100) NOT NULL,
  `product_id` varchar(100) NOT NULL,
  `variant_id` varchar(100) NOT NULL,
  `quantity` int(11) NOT NULL,
  `discount` float NOT NULL,
  `tax` float NOT NULL,
  `vat` float NOT NULL,
  `sell_price` float NOT NULL,
  `supplier_price` float NOT NULL
) ENGINE=InnoDB DEFAULT CHARSET=utf8;

-- --------------------------------------------------------

--
-- Table structure for table `email_configuration`
--

CREATE TABLE `email_configuration` (
  `email_id` varchar(100) NOT NULL,
  `protocol` varchar(100) DEFAULT NULL,
  `mailtype` varchar(100) NOT NULL,
  `smtp_host` varchar(100) DEFAULT NULL,
  `smtp_port` int(11) NOT NULL,
  `sender_email` varchar(100) NOT NULL,
  `password` varchar(100) NOT NULL
) ENGINE=InnoDB DEFAULT CHARSET=utf8;

--
-- Dumping data for table `email_configuration`
--

INSERT INTO `email_configuration` (`email_id`, `protocol`, `mailtype`, `smtp_host`, `smtp_port`, `sender_email`, `password`) VALUES
('1', 'smtp', 'html', 'ssl://smtp.googlemail.com', 465, 'bdtask.test1@gmail.com', 'bdtask+test');

-- --------------------------------------------------------

--
-- Table structure for table `email_template`
--

CREATE TABLE `email_template` (
  `id` int(11) NOT NULL,
  `name` text NOT NULL,
  `subject` text NOT NULL,
  `message` text NOT NULL,
  `status` int(11) NOT NULL DEFAULT '1' COMMENT '0=inactive,1=pending,2=processing,3=shipping,4=delivered,5=return,6=cancel,7=general,8=customer_template,9=seller_template,10=product_pending,11=product_approved,12=product_deny'
) ENGINE=InnoDB DEFAULT CHARSET=utf8;

--
-- Dumping data for table `email_template`
--

INSERT INTO `email_template` (`id`, `name`, `subject`, `message`, `status`) VALUES
(1, 'Pending Template', 'Your status is pending', '<p>This is template details</p>', 1),
(2, 'Processing', 'Processing Template', '<p>Processing Template Details</p>', 2),
(3, 'Shipping Template', 'Shipping Template', '<p>Shipping Template<br></p>', 3),
(4, 'Return Template', 'Return Template', '<p>Return Template<br></p>', 5),
(5, 'Deliver Template', 'Deliver Template', '<p>Deliver Template<br></p>', 4),
(6, 'Cancel Template', 'Cancel Template', '<p>Cancel Template<br></p>', 6),
(7, 'Product Pending', 'Product Pending', '<p>Product Pending<br></p>', 10),
(8, 'Product Aproved', 'Product Aproved', '<p>Product Aproved<br></p>', 11),
(9, 'Customer Template', 'Thank you ', '<p>Welcome to our<br></p>', 8),
(10, 'Order Partial Delivery', 'Order Partial Delivery', '<p>Order Partial Delivery<br></p>', 13);

-- --------------------------------------------------------

--
-- Table structure for table `invoice`
--

CREATE TABLE `invoice` (
  `id` int(11) NOT NULL,
  `invoice_id` varchar(255) NOT NULL,
  `order_no` int(100) DEFAULT NULL,
  `customer_id` varchar(100) NOT NULL,
  `shipping_id` int(11) NOT NULL,
  `date` varchar(100) NOT NULL,
  `total_amount` float NOT NULL,
  `invoice` varchar(255) NOT NULL,
  `total_discount` float DEFAULT NULL COMMENT 'product discount + order discount',
  `invoice_discount` float DEFAULT NULL COMMENT 'invoice_discount',
  `service_charge` float DEFAULT NULL,
  `paid_amount` float NOT NULL,
  `due_amount` float NOT NULL,
  `invoice_details` text,
  `status` int(2) NOT NULL,
  `invoice_status` int(11) NOT NULL COMMENT '1=pending,2=processing,3=shipping,4=delivered,5=returned,6=cancelled,7=partial_delivery'
) ENGINE=InnoDB DEFAULT CHARSET=utf8;

--
-- Dumping data for table `invoice`
--

INSERT INTO `invoice` (`id`, `invoice_id`, `order_no`, `customer_id`, `shipping_id`, `date`, `total_amount`, `invoice`, `total_discount`, `invoice_discount`, `service_charge`, `paid_amount`, `due_amount`, `invoice_details`, `status`, `invoice_status`) VALUES
(2, 'VGQRG4J4AOGV1IX', 1, '23E6PGV8NALUS5F', 9, '2018-08-05', 3000, '1000', 0, 0, 0, 0, 3000, NULL, 2, 3);

-- --------------------------------------------------------

--
-- Table structure for table `invoice_details`
--

CREATE TABLE `invoice_details` (
  `invoice_details_id` varchar(100) NOT NULL,
  `invoice_id` varchar(100) NOT NULL,
  `order_no` int(11) DEFAULT NULL,
  `product_id` varchar(100) NOT NULL,
  `seller_id` varchar(100) NOT NULL,
  `seller_percentage` int(11) DEFAULT '0',
  `category_id` varchar(100) DEFAULT NULL,
  `variant_id` varchar(100) DEFAULT NULL,
  `quantity` int(8) NOT NULL,
  `return_quantity` int(11) DEFAULT NULL,
  `rate` float NOT NULL,
  `total_price` float NOT NULL,
  `discount` float DEFAULT NULL,
  `status` int(2) NOT NULL
) ENGINE=InnoDB DEFAULT CHARSET=utf8;

--
-- Dumping data for table `invoice_details`
--

INSERT INTO `invoice_details` (`invoice_details_id`, `invoice_id`, `order_no`, `product_id`, `seller_id`, `seller_percentage`, `category_id`, `variant_id`, `quantity`, `return_quantity`, `rate`, `total_price`, `discount`, `status`) VALUES
('QLOUQB1IMKCTEZB', 'VGQRG4J4AOGV1IX', 2, '59968488', 'U3HEGA81', 0, 'W26OJBDEBRQPDV1', '', 3, 2, 1200, 3600, 200, 0),
('SY5I6XRU36F7W48', '58UMV3X1V88D8TH', 1, '59968488', 'U3HEGA81', 0, 'W26OJBDEBRQPDV1', '', 5, NULL, 1200, 6000, 200, 0);

-- --------------------------------------------------------

--
-- Table structure for table `language`
--

CREATE TABLE `language` (
  `id` int(11) UNSIGNED NOT NULL,
  `phrase` text NOT NULL,
  `english` text,
  `bangla` text
) ENGINE=InnoDB DEFAULT CHARSET=utf8;

--
-- Dumping data for table `language`
--

INSERT INTO `language` (`id`, `phrase`, `english`, `bangla`) VALUES
(1, 'user_profile', 'User Profile', NULL),
(2, 'setting', 'Setting', NULL),
(3, 'language', 'Language', NULL),
(4, 'manage_users', 'Manage Users', NULL),
(5, 'add_user', 'Add User', NULL),
(6, 'manage_company', 'Manage Company', NULL),
(7, 'web_settings', 'Web Settings', NULL),
(8, 'manage_accounts', 'Manage Accounts', NULL),
(9, 'create_accounts', 'Create Accounts', NULL),
(12, 'settings', 'Bank', NULL),
(13, 'closing_report', 'Closing Report', NULL),
(14, 'closing', 'Closing', NULL),
(15, 'cheque_manager', 'Cheque Manager', NULL),
(16, 'accounts_summary', 'Accounts Summary', NULL),
(17, 'payment', 'Payment', NULL),
(18, 'received', 'Received', NULL),
(19, 'accounts', 'Accounts', NULL),
(22, 'pos_invoice', 'POS Invoice', NULL),
(23, 'manage_invoice', 'Manage Invoice ', NULL),
(24, 'new_invoice', 'New Invoice', NULL),
(25, 'invoice', 'Invoice', NULL),
(29, 'paid_customer', 'Paid Customer', NULL),
(30, 'manage_customer', 'Manage Customer', NULL),
(31, 'add_customer', 'Add Customer', NULL),
(32, 'customer', 'Customer', NULL),
(41, 'manage_product', 'Manage Product', NULL),
(42, 'add_product', 'Add Product', NULL),
(43, 'product', 'Product', NULL),
(44, 'manage_category', 'Manage Category', NULL),
(45, 'add_category', 'Add Category', NULL),
(46, 'category', 'Category', NULL),
(52, 'dashboard', 'Dashboard', NULL),
(53, 'online', 'Online', NULL),
(54, 'logout', 'Logout', NULL),
(55, 'change_password', 'Change Password', NULL),
(57, 'total_amount', 'Total Amount', NULL),
(59, 'invoice_no', 'Invoice No', NULL),
(63, 'customer_name', 'Customer Name', NULL),
(66, 'home', 'Home', NULL),
(68, 'total_ammount', 'Total Amount', NULL),
(69, 'rate', 'Rate', NULL),
(70, 'product_model', 'Product Model', NULL),
(71, 'product_name', 'Product Name', NULL),
(72, 'search', 'Search', NULL),
(73, 'end_date', 'End Date', NULL),
(74, 'start_date', 'Start Date', NULL),
(76, 'total_sales_report', 'Total Sales Report', NULL),
(80, 'date', 'Date', NULL),
(81, 'print', 'Print', NULL),
(83, 'print_date', 'Print Date', NULL),
(84, 'sales', 'Sales', NULL),
(85, 'price', 'Price', NULL),
(86, 'sl', 'SL.', NULL),
(87, 'add_new_category', 'Add new category', NULL),
(88, 'category_name', 'Category Name', NULL),
(89, 'save', 'Save', NULL),
(90, 'delete', 'Delete', NULL),
(91, 'update', 'Update', NULL),
(92, 'action', 'Action', NULL),
(93, 'manage_your_category', 'Manage your category ', NULL),
(94, 'category_edit', 'Category Edit', NULL),
(95, 'status', 'Status', NULL),
(96, 'active', 'Active', NULL),
(97, 'inactive', 'Inactive', NULL),
(98, 'save_changes', 'Save Changes', NULL),
(99, 'save_and_add_another', 'Save And Add Another', NULL),
(100, 'model', 'Model', NULL),
(102, 'sell_price', 'Sell Price', NULL),
(103, 'image', 'Image', NULL),
(104, 'select_one', 'Select One', NULL),
(105, 'details', 'Details', NULL),
(106, 'new_product', 'New Product', NULL),
(107, 'add_new_product', 'Add new product', NULL),
(108, 'barcode', 'Barcode', NULL),
(109, 'qr_code', 'Qr-Code', NULL),
(110, 'product_details', 'Product Details', NULL),
(111, 'manage_your_product', 'Manage your product', NULL),
(112, 'product_edit', 'Product Edit', NULL),
(113, 'edit_your_product', 'Edit your product', NULL),
(114, 'cancel', 'Cancel', NULL),
(115, 'excl_vat', 'Excl. Vat', NULL),
(116, 'money', 'TK', NULL),
(117, 'grand_total', 'Grand Total', NULL),
(118, 'quantity', 'Qnty', NULL),
(121, 'previous_stock', 'Previous Stock', NULL),
(124, 'to', 'To', NULL),
(125, 'previous_balance', 'Previous Balance', NULL),
(126, 'customer_address', 'Customer Address', NULL),
(127, 'customer_mobile', 'Customer Mobile', NULL),
(128, 'customer_email', 'Customer Email', NULL),
(129, 'add_new_customer', 'Add new customer', NULL),
(130, 'balance', 'Balance', NULL),
(131, 'mobile', 'Mobile', NULL),
(132, 'address', 'Address', NULL),
(133, 'manage_your_customer', 'Manage your customer', NULL),
(134, 'customer_edit', 'Customer Edit', NULL),
(135, 'paid_customer_list', 'Manage your paid customer', NULL),
(136, 'ammount', 'Amount', NULL),
(137, 'customer_ledger', 'Customer Ledger', NULL),
(138, 'manage_customer_ledger', 'Manage Customer Ledger', NULL),
(139, 'customer_information', 'Customer Information', NULL),
(140, 'debit_ammount', 'Debit Amount', NULL),
(141, 'credit_ammount', 'Credit Amount', NULL),
(142, 'balance_ammount', 'Balance Amount', NULL),
(143, 'receipt_no', 'Receipt NO', NULL),
(144, 'description', 'Description', NULL),
(145, 'debit', 'Debit', NULL),
(146, 'credit', 'Credit', NULL),
(147, 'item_information', 'Item Information', NULL),
(148, 'total', 'Total', NULL),
(150, 'submit', 'Submit', NULL),
(151, 'submit_and_add_another', 'Submit And Add Another One', NULL),
(152, 'add_new_item', 'Add New Item', NULL),
(153, 'manage_your_purchase', 'Manage your purchase', NULL),
(154, 'purchase_edit', 'Purchase Edit', NULL),
(155, 'purchase_ledger', 'Purchase Ledger', NULL),
(156, 'invoice_information', 'Invoice Information', NULL),
(157, 'paid_ammount', 'Paid amount', NULL),
(158, 'discount', 'Discount', NULL),
(159, 'save_and_paid', 'Save And Paid', NULL),
(160, 'payee_name', 'Payee Name', NULL),
(161, 'manage_your_invoice', 'Manage your invoice', NULL),
(162, 'invoice_edit', 'Invoice Edit', NULL),
(163, 'new_pos_invoice', 'New POS invoice', NULL),
(164, 'add_new_pos_invoice', 'Add new pos invoice', NULL),
(165, 'product_id', 'Product ID', NULL),
(166, 'paid_amount', 'Paid amount', NULL),
(167, 'authorised_by', 'Authorised By', NULL),
(168, 'checked_by', 'Checked By', NULL),
(169, 'received_by', 'Received By', NULL),
(170, 'prepared_by', 'Prepared By', NULL),
(171, 'memo_no', 'Memo No', NULL),
(172, 'website', 'Website', NULL),
(173, 'email', 'Email', NULL),
(174, 'invoice_details', 'Invoice Details', NULL),
(175, 'reset', 'Reset', NULL),
(176, 'payment_account', 'Payment Account', NULL),
(177, 'bank_name', 'Bank Name', NULL),
(178, 'cheque_or_pay_order_no', 'Cheque/Pay Order No', NULL),
(179, 'payment_type', 'Payment Type', NULL),
(180, 'payment_from', 'Payment From', NULL),
(181, 'payment_date', 'Payment Date', NULL),
(182, 'add_received', 'Add Received', NULL),
(183, 'cash', 'Cash', NULL),
(184, 'cheque', 'Cheque', NULL),
(185, 'pay_order', 'Pay Order', NULL),
(186, 'payment_to', 'Payment To', NULL),
(187, 'total_payment_ammount', 'Total Payment Amount', NULL),
(188, 'transections', 'Transections', NULL),
(189, 'accounts_name', 'Accounts Name', NULL),
(190, 'payment_report', 'Payment Report', NULL),
(191, 'received_report', 'Income Report', NULL),
(192, 'all', 'All', NULL),
(193, 'account', 'Account', NULL),
(194, 'from', 'From', NULL),
(195, 'account_summary_report', 'Account Summary Report', NULL),
(196, 'search_by_date', 'Search By Date', NULL),
(197, 'cheque_no', 'Cheque No', NULL),
(198, 'name', 'Name', NULL),
(199, 'closing_account', 'Closing Account', NULL),
(200, 'close_your_account', 'Close your account', NULL),
(201, 'last_day_closing', 'Last Day Closing', NULL),
(202, 'cash_in', 'Cash In', NULL),
(203, 'cash_out', 'Cash Out', NULL),
(204, 'cash_in_hand', 'Cash In Hand', NULL),
(205, 'add_new_bank', 'Add New Bank', NULL),
(206, 'day_closing', 'Day Closing', NULL),
(207, 'account_closing_report', 'Account Closing Report', NULL),
(208, 'last_day_ammount', 'Last Day Amount', NULL),
(209, 'adjustment', 'Adjustment', NULL),
(210, 'pay_type', 'Pay Type', NULL),
(211, 'customer_or_supplier', 'Customer , Supplier Or Others', NULL),
(212, 'transection_id', 'Transections ID', NULL),
(213, 'accounts_summary_report', 'Accounts Summary Report', NULL),
(216, 'debit_plus', 'Debit (+)', NULL),
(217, 'credit_minus', 'Credit (-)', NULL),
(218, 'account_name', 'Account Name', NULL),
(219, 'account_type', 'Account Type', NULL),
(220, 'account_real_name', 'Account Real Name', NULL),
(221, 'manage_account', 'Manage Account', NULL),
(222, 'company_name', 'Company Name', NULL),
(223, 'edit_your_company_information', 'Edit your company information', NULL),
(224, 'company_edit', 'Company Edit', NULL),
(225, 'admin', 'Admin', NULL),
(226, 'user', 'User', NULL),
(227, 'password', 'Password', NULL),
(228, 'last_name', 'Last Name', NULL),
(229, 'first_name', 'First Name', NULL),
(230, 'add_new_user_information', 'Add new user information', NULL),
(231, 'user_type', 'User Type', NULL),
(232, 'user_edit', 'User Edit', NULL),
(233, 'rtr', 'Right To Left -RTL', NULL),
(234, 'ltr', 'Left To Right -LTR', NULL),
(235, 'ltr_or_rtr', 'LTR/RTL', NULL),
(236, 'footer_text', 'Footer Text', NULL),
(237, 'favicon', 'Favicon', NULL),
(238, 'logo', 'Logo', NULL),
(239, 'update_setting', 'Update Setting', NULL),
(240, 'update_your_web_setting', 'Update your web setting', NULL),
(241, 'login', 'Login', NULL),
(242, 'your_strong_password', 'Your strong password', NULL),
(243, 'your_unique_email', 'Your unique email', NULL),
(244, 'please_enter_your_login_information', 'Please enter your login information.', NULL),
(245, 'update_profile', 'Update Profile', NULL),
(246, 'your_profile', 'Your Profile', NULL),
(247, 're_type_password', 'Re-Type Password', NULL),
(248, 'new_password', 'New Password', NULL),
(249, 'old_password', 'Old Password', NULL),
(250, 'new_information', 'New Information', NULL),
(251, 'old_information', 'Old Information', NULL),
(252, 'change_your_information', 'Change your information', NULL),
(253, 'change_your_profile', 'Change your profile', NULL),
(254, 'profile', 'Profile', NULL),
(255, 'wrong_username_or_password', 'Wrong User Name Or Password !', NULL),
(256, 'successfully_updated', 'Successfully Updated.', NULL),
(257, 'blank_field_does_not_accept', 'Blank Field Does Not Accept !', NULL),
(258, 'successfully_changed_password', 'Successfully changed password.', NULL),
(259, 'you_are_not_authorised_person', 'You are not authorised person !', NULL),
(260, 'password_and_repassword_does_not_match', 'Passwor and re-password does not match !', NULL),
(261, 'new_password_at_least_six_character', 'New Password At Least 6 Character.', NULL),
(262, 'you_put_wrong_email_address', 'You put wrong email address !', NULL),
(263, 'cheque_ammount_asjusted', 'Cheque amount adjusted. ', NULL),
(264, 'successfully_payment_paid', 'Successfully Payment Paid.', NULL),
(265, 'successfully_added', 'Successfully Added.', NULL),
(266, 'successfully_updated_2_closing_ammount_not_changeale', 'Successfully Updated -2. Note: Closing Amount Not Changeable.', NULL),
(267, 'successfully_payment_received', 'Successfully Payment Received.', NULL),
(268, 'already_inserted', 'Already Inserted !', NULL),
(269, 'successfully_delete', 'Successfully Delete.', NULL),
(270, 'successfully_created', 'Successfully Created.', NULL),
(271, 'logo_not_uploaded', 'Logo not uploaded !', NULL),
(272, 'favicon_not_uploaded', 'Favicon not uploaded !', NULL),
(280, 'invoice_id', 'Invoice ID', NULL),
(281, 'deposite_id', 'Deposite ID', NULL),
(284, 'event', 'Event', NULL),
(285, 'add_new_received', 'Add New Income', NULL),
(286, 'add_payment', 'Add Payment', NULL),
(287, 'add_new_payment', 'Add New Payment', NULL),
(288, 'total_received_ammount', 'Total Received Amount', NULL),
(289, 'create_new_invoice', 'Create New Invoice', NULL),
(290, 'create_pos_invoice', 'Create POS Invoice', NULL),
(291, 'total_profit', 'Total Profit', NULL),
(292, 'monthly_progress_report', 'Monthly Progress Report', NULL),
(293, 'total_invoice', 'Total Invoice', NULL),
(294, 'account_summary', 'Account Summary', NULL),
(295, 'total_seller', 'Total Merchant', NULL),
(296, 'total_product', 'Total Product', NULL),
(297, 'total_customer', 'Total Customer', NULL),
(299, 'add_new_invoice', 'Add New Invoice', NULL),
(301, 'currency', 'Currency', NULL),
(302, 'currency_position', 'Currency Position', NULL),
(303, 'left', 'Left', NULL),
(304, 'right', 'Right', NULL),
(305, 'add_tax', 'Add Tax', NULL),
(306, 'manage_tax', 'Manage Tax', NULL),
(307, 'add_new_tax', 'Add new tax', NULL),
(308, 'enter_tax', 'Enter Tax', NULL),
(309, 'already_exists', 'Already Exists !', NULL),
(310, 'successfully_inserted', 'Successfully Inserted.', NULL),
(311, 'tax', 'Tax', NULL),
(312, 'tax_edit', 'Tax Edit', NULL),
(313, 'product_not_added', 'Product not added !', NULL),
(314, 'total_tax', 'Total Tax', NULL),
(317, 'thank_you_for_choosing_us', 'Thank you very much for choosing us.', NULL),
(318, 'billing_date', 'Billing Date', NULL),
(319, 'billing_to', 'Billing To', NULL),
(320, 'billing_from', 'Billing From', NULL),
(321, 'you_cant_delete_this_product', 'Sorry !!  You can''t delete this product.This product already used in calculation system!', NULL),
(322, 'old_customer', 'Old Customer', NULL),
(323, 'new_customer', 'New Customer', NULL),
(324, 'new_supplier', 'New Supplier', NULL),
(325, 'old_supplier', 'Old Supplier', NULL),
(326, 'credit_customer', 'Credit Customer', NULL),
(327, 'account_already_exists', 'This Account Already Exists !', NULL),
(328, 'edit_received', 'Edit Received', NULL),
(329, 'you_are_not_access_this_part', 'You can not access this part !', NULL),
(330, 'account_edit', 'Account Edit', NULL),
(331, 'due', 'Due', NULL),
(332, 'payment_edit', 'Payment Edit', NULL),
(333, 'please_select_customer', 'Please select customer !', NULL),
(334, 'profit_report', 'Profit Report (Invoice Wise)', NULL),
(335, 'total_profit_report', 'Total profit report', NULL),
(336, 'please_enter_valid_captcha', 'Please enter valid captcha.', NULL),
(337, 'category_not_selected', 'Category not selected.', NULL),
(339, 'please_select_product', 'Please select product.', NULL),
(340, 'product_model_already_exist', 'Product model already exist  !', NULL),
(341, 'invoice_logo', 'Invoice Logo', NULL),
(342, 'available_quantity', 'Ava. Qnty', NULL),
(344, 'customer_details', 'Customer Details', NULL),
(345, 'manage_customer_details', 'Manage customer details.', NULL),
(346, 'site_key', 'Captcha Site Key', NULL),
(347, 'secret_key', 'Secret Key', NULL),
(348, 'captcha', 'Captcha', NULL),
(349, 'manage_your_credit_customer', 'Manage your credit  customer', NULL),
(350, 'barcode_qrcode', 'Barcode/Qrcode', NULL),
(351, 'barcode_qrcode_scan_here', 'Barcode OR QR code scan here ', NULL),
(352, 'please_add_walking_customer_for_default_customer', 'You are delete walking customer.Please add walking customer for default customer.', NULL),
(354, 'stock_report_product_wise', 'Stock Report (Product Wise)', NULL),
(362, 'select_product', 'Select Product', NULL),
(363, 'data_synchronizer', 'Data Synchronizer', NULL),
(364, 'synchronize', 'Synchronizer', NULL),
(365, 'backup_restore', 'Backup Restore', NULL),
(366, 'synchronizer_setting', 'Synchronizer Setting', NULL),
(367, 'hostname', 'Hostname', NULL),
(368, 'username', 'User Name', NULL),
(369, 'ftp_port', 'FTP Port', NULL),
(370, 'ftp_debug', 'FTP Debug', NULL),
(371, 'project_root', 'Project Root', NULL),
(372, 'internet_connection', 'Internet connection', NULL),
(373, 'outgoing_file', 'Outgoing file', NULL),
(374, 'incoming_file', 'Incoming file', NULL),
(375, 'available', 'Available', NULL),
(376, 'not_available', 'Not Available', NULL),
(377, 'data_upload_to_server', 'Data upload to server', NULL),
(378, 'download_data_from_server', 'Download data from server', NULL),
(379, 'data_import_to_database', 'Data import to database', NULL),
(380, 'please_wait', 'Please wait', NULL),
(381, 'ooops_something_went_wrong', 'Ooops something went wrong.', NULL),
(382, 'ftp_setting', 'FTP setting', NULL),
(383, 'please_try_again', 'Please try again', NULL),
(384, 'save_successfully', 'Save successfully', NULL),
(385, 'upload_successfully', 'Upload successfully', NULL),
(386, 'unable_to_upload_file_please_check_configuration', 'Unable to upload file.Please check configuration.', NULL),
(387, 'please_configure_synchronizer_settings', 'Please configure synchronizer settings', NULL),
(388, 'download_successfully', 'Download successfully', NULL),
(389, 'unable_to_download_file_please_check_configuration', 'Unable to download file.Please check configuration.', NULL),
(390, 'data_import_first', 'Data import first.', NULL),
(391, 'data_import_successfully', 'Data import successfully', NULL),
(392, 'unable_to_import_data_please_check_config_or_sql_file', 'Unable to import data.Please check config or sql file.', NULL),
(393, 'database_backup', 'Database backup', NULL),
(394, 'file_information', 'File information', NULL),
(395, 'filename', 'Filename', NULL),
(396, 'size', 'Size', NULL),
(397, 'backup_date', 'Backup date', NULL),
(398, 'backup_now', 'Backup now', NULL),
(399, 'restore_now', 'Restore now', NULL),
(400, 'are_you_sure', 'Are you sure ?', NULL),
(401, 'download', 'Download', NULL),
(402, 'backup_successfully', 'Backup successfully', NULL),
(403, 'restore_successfully', 'Restore successfully', NULL),
(404, 'delete_successfully', 'Delete successfully', NULL),
(405, 'backup_and_restore', 'Backup and Restore', NULL),
(406, 'close', 'Close', NULL),
(407, 'import_product_csv', 'Import Product (CSV)', NULL),
(408, 'upload_csv_file', 'Upload CSV File', NULL),
(412, 'category_id', 'Category ID', NULL),
(413, 'file_data_format_is_not_correct', 'File format or data is not correct ! Please flollow the instruction.', NULL),
(414, 'add_unit', 'Add Unit', NULL),
(415, 'manage_unit', 'Manage Unit', NULL),
(416, 'unit', 'Unit', NULL),
(417, 'meter_m', 'Meter (M)', NULL),
(418, 'piece_pc', 'Piece (Pc)', NULL),
(419, 'kilogram_kg', 'Kilogram (Kg)', NULL),
(420, 'select_unit', 'Select Unit', NULL),
(421, 'no_tax', 'No Tax', NULL),
(423, 'csv_file_informaion', 'CSV File Information', NULL),
(426, 'phone', 'Phone', NULL),
(427, 'you_can_not_buy_greater_than_available_cartoon', 'You can not sell greater than available quantity.', NULL),
(428, 'total_discount', 'Total Discount', NULL),
(429, 'if_you_update_purchase_first_select_supplier_then_product_and_then_quantity', 'If you update purchase.First select supplier then product and quantity.', NULL),
(430, 'others', 'Others', NULL),
(431, 'accounts_details_data', 'Accounts Details Data', NULL),
(432, 'add_brand', 'Add Brand', NULL),
(433, 'add_new_brand', 'Add new brand', NULL),
(434, 'brand', 'Brand', NULL),
(435, 'brand_image', 'Brand Image', NULL),
(436, 'brand_name', 'Brand Name', NULL),
(437, 'manage_brand', 'Manage Brand', NULL),
(438, 'brand_edit', 'Brand Edit', NULL),
(439, 'manage_your_brand', 'Manage your brand', NULL),
(440, 'are_you_sure_want_to_delete', 'Are you sure want to delete ?', NULL),
(441, 'variant', 'Variant', NULL),
(442, 'add_variant', 'Add Variant', NULL),
(443, 'manage_variant', 'Manage Variant', NULL),
(444, 'add_new_variant', 'Add New Variant', NULL),
(445, 'variant_name', 'Variant Name', NULL),
(446, 'variant_edit', 'Variant Edit', NULL),
(447, 'type', 'Type', NULL),
(448, 'image_large', 'Image Large', NULL),
(449, 'onsale', 'Offer', NULL),
(450, 'yes', 'Yes', NULL),
(451, 'no', 'No', NULL),
(452, 'featured', 'Featured', NULL),
(488, 'add_new_unit', 'Add new unit', NULL),
(489, 'unit_name', 'Unit Name', NULL),
(490, 'unit_short_name', 'Unit Short Name', NULL),
(491, 'manage_your_unit', 'Manage your unit', NULL),
(492, 'unit_edit', 'Unit Edit', NULL),
(498, 'image_edit', 'Image Edit', NULL),
(499, 'tax_name', 'Tax Name', NULL),
(500, 'manage_your_tax', 'Manage your tax', NULL),
(501, 'tax_product_service', 'Tax Product Service', NULL),
(502, 'add_tax_product_service', 'Add tax product service', NULL),
(503, 'tax_percentage', 'Tax Percentage', NULL),
(508, 'cat_image', 'Category Image', NULL),
(509, 'parent_category', 'Parent category', NULL),
(510, 'top_menu', 'Top Menu', NULL),
(511, 'menu_position', 'Menu Position', NULL),
(512, 'add_pos_invoice', 'Add POS Invoice', NULL),
(533, 'first', 'First', NULL),
(534, 'last', 'Last', NULL),
(535, 'next', 'Next', NULL),
(536, 'prev', 'Previous', NULL),
(541, 'brand_id', 'Brand ID', NULL),
(542, 'variant_id', 'Variant ID', NULL),
(543, 'items_found', 'Items found', NULL),
(546, 'unpaid', 'Unpaid', NULL),
(547, 'paid', 'Paid', NULL),
(548, 'product_discount', 'Product Discount', NULL),
(549, 'invoice_discount', 'Invoice Discount', NULL),
(550, 'terminal', 'Terminal', NULL),
(551, 'manage_terminal', 'Manage Terminal', NULL),
(552, 'add_terminal', 'Add Terminal', NULL),
(553, 'add_new_terminal', 'Add new terminal', NULL),
(554, 'customer_care_phone_no', 'Customer Care Phone No', NULL),
(555, 'terminal_bank_account', 'Terminal Bank Account', NULL),
(556, 'terminal_company', 'Terminal Company', NULL),
(557, 'terminal_name', 'Terminal Name', NULL),
(558, 'manage_your_terminal', 'Manage your terminal', NULL),
(559, 'terminal_edit', 'Terminal Edit', NULL),
(560, 'full_paid', 'Full Paid', NULL),
(561, 'card_no', 'Card NO', NULL),
(562, 'card_type', 'Card Type', NULL),
(563, 'tax_report_product_wise', 'Tax Report (Product Wise)', NULL),
(564, 'tax_report_invoice_wise', 'Tax Report (Invoice Wise)', NULL),
(565, 'software_settings', 'Software Settings', NULL),
(566, 'social_link', 'Social Link', NULL),
(567, 'advertisement', 'Advertisement', NULL),
(568, 'contact_form', 'Contact Form', NULL),
(569, 'update_your_social_link', 'Update your social link', NULL),
(570, 'facebook', 'Facebook', NULL),
(571, 'instagram', 'Instagram', NULL),
(572, 'linkedin', 'Linkedin', NULL),
(573, 'twitter', 'Twitter', NULL),
(574, 'youtube', 'Youtube', NULL),
(575, 'message', 'Message', NULL),
(576, 'manage_contact', 'Manage contact', NULL),
(577, 'manage_your_contact', 'Manage your contact', NULL),
(578, 'update_contact_form', 'Update contact form', NULL),
(579, 'update_your_contact_form', 'Update your contact form', NULL),
(580, 'update_your_web_settings', 'Update your web setting', NULL),
(581, 'google_map', 'Google Map', NULL),
(582, 'about_us', 'About us', NULL),
(583, 'privacy_policy', 'Privacy Policy', NULL),
(584, 'terms_condition', 'Terms and condition', NULL),
(585, 'cat_icon', 'Category Icon', NULL),
(586, 'add_slider', 'Add Slider', NULL),
(587, 'manage_slider', 'Manage Slider', NULL),
(588, 'update_your_slider', 'Update your slider', NULL),
(589, 'slider_link', 'Slider Link', NULL),
(590, 'slider_image', 'Slider Image', NULL),
(591, 'slider_position', 'Slider Position', NULL),
(592, 'update_slider', 'Update Slider', NULL),
(593, 'manage_your_slider', 'Manage your slider', NULL),
(594, 'successfully_inactive', 'Successfully Inactive', NULL),
(595, 'successfully_active', 'Successfully active', NULL),
(597, 'embed_code', 'Embed Code', NULL),
(598, 'image_ads', 'Image Ads', NULL),
(599, 'url', 'URL', NULL),
(600, 'add_advertise', 'Add Advertisement', NULL),
(601, 'add_new_advertise', 'Add new advertisement', NULL),
(602, 'add_type', 'Ads Type', NULL),
(603, 'ads_position', 'Ads Position', NULL),
(604, 'add_page', 'Add Page', NULL),
(605, 'ads_position_already_exists', 'Ads position already exists!', NULL),
(606, 'manage_advertise', 'Manage Advertise', NULL),
(607, 'manage_advertise_information', 'Manage advertise information', NULL),
(609, 'update_advertise', 'Update Advertise', NULL),
(610, 'add_block', 'Add Block', NULL),
(611, 'manage_block', 'Manage Block', NULL),
(612, 'block_position', 'Block Position', NULL),
(613, 'block_style', 'Block Style', NULL),
(614, 'block_css', 'Block Css', NULL),
(615, 'add_new_block', 'Add new block', NULL),
(616, 'block', 'Block', NULL),
(617, 'manage_your_block', 'Manage your block', NULL),
(618, 'block_edit', 'Block Edit', NULL),
(619, 'add_product_review', 'Add Product Review', NULL),
(620, 'manage_product_review', 'Manage Product Review', NULL),
(621, 'product_review', 'Product Review', NULL),
(622, 'comments', 'Comments', NULL),
(623, 'reviewer_name', 'Reviewer Name', NULL),
(624, 'product_review_edit', 'Product Review Edit', NULL),
(625, 'add_subscriber', 'Add Subscriber', NULL),
(626, 'add_new_subscriber', 'Add new subscriber', NULL),
(627, 'subscriber', 'Subscriber', NULL),
(628, 'manage_subscriber', 'Manage Subscriber', NULL),
(629, 'manage_your_subscriber', 'Manage your subscriber', NULL),
(630, 'subscriber_update', 'Subscriber Update', NULL),
(631, 'apply_ip', 'Apply IP', NULL),
(632, 'add_wishlist', 'Add Wishlist', NULL),
(633, 'add_new_wishlist', 'Add new wishlist', NULL),
(634, 'wishlist', 'Wishlist', NULL),
(635, 'manage_wishlist', 'Manage Wishlist', NULL),
(636, 'manage_your_wishlist', 'Manage your wishlist', NULL),
(637, 'add_web_footer', 'Add Web Footer', NULL),
(638, 'manage_web_footer', 'Manage Web Footer', NULL),
(639, 'headlines', 'Headlines', NULL),
(640, 'position', 'Position', NULL),
(641, 'add_new_web_footer', 'Add new footer', NULL),
(642, 'web_footer', 'Web Footer', NULL),
(643, 'web_footer_update', 'Web Footer Update', NULL),
(644, 'manage_your_web_footer', 'Manage your web footer.', NULL),
(645, 'add_link_page', 'Add Link Page', NULL),
(646, 'manage_link_page', 'Manage Link Page', NULL),
(647, 'add_new_link_page', 'Add new link page', NULL),
(648, 'link_page_update', 'Link Page Update', NULL),
(649, 'manage_your_link_page', 'Manage your link page', NULL),
(650, 'link_page', 'Link Page', NULL),
(651, 'add_coupon', 'Add Coupon', NULL),
(652, 'manage_coupon', 'Manage Coupon', NULL),
(653, 'coupon_name', 'Coupon Name', NULL),
(654, 'coupon_discount_code', 'Coupon Discount Code', NULL),
(655, 'discount_amount', 'Discount Amount', NULL),
(656, 'discount_percentage', 'Discount Percentage', NULL),
(657, 'coupon', 'Coupon', NULL),
(658, 'add_new_coupon', 'Add new coupon', NULL),
(659, 'discount_type', 'Discount Type', NULL),
(660, 'coupon_update', 'Coupon Update', NULL),
(661, 'manage_your_coupon', 'Manage your coupon', NULL),
(662, 'onsale_price', 'Offer Price', NULL),
(663, 'download_sample_file', 'Download sample file', NULL),
(664, 'quotation', 'Quotation', NULL),
(675, 'invoiced', 'Invoiced', NULL),
(676, 'order', 'Order', NULL),
(677, 'new_order', 'New Order', NULL),
(678, 'manage_order', 'Manage Order', NULL),
(679, 'order_no', 'Order No', NULL),
(680, 'order_date', 'Order Date', NULL),
(681, 'order_to', 'Order To', NULL),
(682, 'order_from', 'Order From', NULL),
(683, 'order_details', 'Order Details', NULL),
(684, 'order_update', 'Order Update', NULL),
(685, 'best_sale', 'Best Sale', NULL),
(686, 'call', 'Call', NULL),
(687, 'sign_up', 'Sign Up', NULL),
(688, 'contact_us', 'Contact Us', NULL),
(689, 'category_product_not_found', 'Opps !!! Category product not found !', NULL),
(690, 'sign_up_for_news_and', 'Sign up for news and ', NULL),
(691, 'offers', 'Offers', NULL),
(692, 'you_may_unsubscribe_at_any_time', 'You may unsubscribe at any time', NULL),
(693, 'enter_your_email', 'Enter your email.', NULL),
(694, 'product_size', 'Product Size', NULL),
(695, 'product_type', 'Product Type', NULL),
(696, 'availability', 'Availability', NULL),
(697, 'price_of_product', 'Price Of Product', NULL),
(699, 'related_products', 'Related Products', NULL),
(700, 'review', 'Review', NULL),
(701, 'tag', 'Tag', NULL),
(702, 'specification', 'Specifications', NULL),
(703, 'search_product_name_here', 'Search product name here...', NULL),
(704, 'all_categories', 'All Categories', NULL),
(705, 'best_sales', 'Best Sales', NULL),
(706, 'price_range', 'Price Range', NULL),
(707, 'see_more', 'See More', NULL),
(708, 'add_to_cart', 'Add To Cart', NULL),
(709, 'create_your_account', 'Create Your Account', NULL),
(710, 'create_account', 'Create Account', NULL),
(711, 'you_have_successfully_signup', 'You have successfully sign up.', NULL),
(712, 'you_have_not_sign_up', 'You have not sign up.', NULL),
(713, 'i_have_forgot_my_password', 'I have forgot my password', NULL),
(714, 'login_successfully', 'Login Successfully', NULL),
(715, 'you_are_not_authorised', 'You are not authorised Person !', NULL),
(716, 'customer_profile', 'Customer Profile', NULL),
(717, 'total_order', 'Total Order', NULL),
(718, 'add_currency', 'Add Currency', NULL),
(719, 'manage_currency', 'Manage Currency', NULL),
(720, 'add_new_currency', 'Add new currency', NULL),
(721, 'currency_name', 'Currency Name', NULL),
(722, 'currency_icon', 'Currency Icon', NULL),
(723, 'conversion_rate', 'Conversion Rate', NULL),
(726, 'currency_edit', 'Currency Edit', NULL),
(727, 'manage_your_currency', 'Manage your currency', NULL),
(728, 'review_this_product', 'Review This Product', NULL),
(729, 'page', 'Page', NULL),
(730, 'delivery_info', 'Delivery Info', NULL),
(731, 'terms_and_condition', 'Terms And Condition', NULL),
(732, 'help', 'Help', NULL),
(733, 'get_in_touch', 'Get In Touch', NULL),
(734, 'write_your_msg_here', 'Write your msg here', NULL),
(736, 'add_about_us', 'Add About Us', NULL),
(737, 'add_new_about_us', 'Add new about us', NULL),
(738, 'manage_about_us', 'Manage About Us', NULL),
(739, 'manage_your_about_us', 'Manage your about us', NULL),
(740, 'about_us_update', 'About Us Update', NULL),
(741, 'position_already_exists', 'Position Already Exists !', NULL),
(742, 'why_choose_us', 'Why Choose US', NULL),
(743, 'our_location', 'Our Location', NULL),
(744, 'add_our_location', 'Add Our Location', NULL),
(745, 'add_new_our_location', 'Add new our location', NULL),
(746, 'manage_our_location', 'Manage Our Location', NULL),
(747, 'our_location_update', 'Our Location Update', NULL),
(748, 'map_api_key', 'Map API Key', NULL),
(749, 'map_latitude', 'Map Latitude', NULL),
(750, 'map_langitude', 'Map Langitude', NULL),
(751, 'checkout_options', 'Checkout Options', NULL),
(752, 'register_account', 'Register Account', NULL),
(753, 'guest_checkout', 'Guest Checkout', NULL),
(754, 'returning_customer', 'Returning Customer ?', NULL),
(755, 'personal_details', 'Personal Details', NULL),
(756, 'billing_details', 'Billing Details', NULL),
(757, 'delivery_details', 'Delivery Details', NULL),
(758, 'delivery_method', 'Delivery Method', NULL),
(759, 'payment_method', 'Payment Method', NULL),
(760, 'confirm_order', 'Confirm Order', NULL),
(761, 'company', 'Company', NULL),
(762, 'region_state', 'Region / State', NULL),
(763, 'post_code', 'Post Code', NULL),
(764, 'slider', 'Slider', NULL),
(765, 'subscriver', 'Subscriver', NULL),
(766, 'shipping_method', 'Shipping Method', NULL),
(767, 'add_shipping_method', 'Add Shipping Method', NULL),
(768, 'manage_shipping_method', 'Manage Shipping Method', NULL),
(769, 'shipping_method_edit', 'Shipping Method Edit', NULL),
(771, 'cash_on_delivery', 'Cash On Delivery', NULL),
(772, 'sub_total', 'Sub Total', NULL),
(773, 'product_successfully_order', 'Product Successfully Orderd,Please check your emal.', NULL),
(774, 'checkout', 'Checkout', NULL),
(775, 'share', 'Share', NULL),
(776, 'are_you_sure_want_to_order', 'Are you sure want to order ?', NULL),
(777, 'optional', 'This is optional', NULL),
(779, 'you_cant_delete_this_is_in_calculate_system', 'You can''t delete. This is in calculate system.', NULL),
(780, 'you_can_add_only_one_product_at_a_time', 'You can add only one product at at a time !', NULL),
(783, 'invoice_search_item', 'Invoice search item', NULL),
(785, 'total_price', 'Total Price', NULL),
(786, 'use_coupon_code', 'Use coupon code', NULL),
(787, 'enter_your_coupon_here', 'Enter your coupon here', NULL),
(788, 'apply_coupon', 'Apply Coupon', NULL),
(789, 'coupon_code', 'Coupon Code', NULL),
(790, 'cart', 'Cart', NULL),
(791, 'your_coupon_is_used', 'Your coupon is used !', NULL),
(792, 'coupon_is_expired', 'Your coupon is expired !', NULL),
(793, 'coupon_discount', 'Coupon Discount', NULL),
(794, 'oops_your_cart_is_empty', 'OOPS !!! Your Cart is Empty', NULL),
(795, 'got_to_shop_now', 'Go to shop Now', NULL),
(796, 'by_creating_an_account_you_will_able_to_shop_faster', 'By creating an account you will be able to shop faster, be up to date on an order''s status, and keep track of the orders you have previously made.', NULL),
(797, 'select_category', 'Select Category', NULL),
(798, 'select_state', 'Select State', NULL),
(799, 'my_delivery_and_billing_addresses_are_the_same', 'My delivery and billing addresses are the same.', NULL),
(800, 'i_have_read_and_agree_to_the_privacy_policy', 'I have read and agree to the', NULL),
(801, 'select_country', 'Select Country', NULL),
(802, 'kindly_select_the_preferred_shipping_method_to_use_on_this_order', 'Kindly Select the preferred shipping method to use on this order.', NULL),
(803, 'view_cart', 'View Cart', NULL),
(804, 'category_wise_product', 'Category Wise Product.', NULL),
(805, 'stock_not_available', 'Stock not available !', NULL),
(806, 'print_barcode', 'Print Barcode', NULL),
(807, 'print_qrcode', 'Print QR Code', NULL),
(808, 'product_is_not_available_in_this_store', 'Product is not available in this store !', NULL),
(809, 'category_product_search', 'Category Product Search.', NULL),
(810, 'partial_paid', 'Partial Paid', NULL),
(811, 'manage_product_tax', 'Manage Product Tax', NULL),
(812, 'tax_setting', 'Tax Setting', NULL),
(813, 'tax_name_1', 'Tax 1 Name ', NULL),
(814, 'tax_name_2', 'Tax 2 Name', NULL),
(815, 'tax_name_3', 'Tax 3 Name', NULL),
(817, 'select_variant', 'Select Variant', NULL),
(818, 'already_a_member', 'Already a member ?', NULL),
(819, 'not_a_member_yet', 'No a member yet ?', NULL),
(820, 'store_or_wearhouse', 'Store or Wearhouse', NULL),
(821, 'import_category_csv', 'Import Category (CSV)', NULL),
(824, 'image_field_is_required', 'Image field is required !', NULL),
(825, 'email_configuration', 'Email Configuration', NULL),
(826, 'protocol', 'Protocol', NULL),
(827, 'mailtype', 'Mail Type', NULL),
(828, 'smtp_host', 'SMTP Host', NULL),
(829, 'smtp_port', 'SMTP Port', NULL),
(830, 'sender_email', 'Sender Email', NULL),
(831, 'html', 'Html', NULL),
(832, 'text', 'Text', NULL),
(833, 'add_note', 'Add Note', NULL),
(834, 'shipped', 'Shipped', NULL),
(835, 'return', 'Return', NULL),
(836, 'processing', 'Processing', NULL),
(837, 'complete', 'Complete', NULL),
(838, 'pending', 'Pending', NULL),
(839, 'please_add_template', 'Please add template !', NULL),
(840, 'email_send_to_customer', 'Email send to customer', NULL),
(841, 'items_in_your_cart', 'Items In Your Cart.', NULL),
(842, 'you_have', 'You Have', NULL),
(843, 'add_coment_about_your_order', 'Add Comment About Your Order.', NULL),
(844, 'add_coment_about_your_payment', 'Add Comment About Your Order.', NULL),
(845, 'you_have_receive_a_email_please_check_your_email', 'You have received a email.Please check your email.', NULL),
(846, 'invoice_status', 'Invoice Status', NULL),
(847, 'order_information', 'Order Information', NULL),
(848, 'order_info_details', 'Attached below is order. If you have any questions or there are any issues please let us know. Have a great day. ', NULL),
(850, 'pleasse_transfer_the_total_amount_to_the_following_bank_account', 'Please Transfer The Total Amount To The Following Bank Account.', NULL),
(851, 'account_no', 'Account No', NULL),
(852, 'branch', 'Branch', NULL),
(853, 'add_to_wishlist', 'Add To Wishlist', NULL),
(854, 'quick_view', 'Quick View.', NULL),
(855, 'delivery_charge', 'Delivery Charge', NULL),
(856, 'credit_card', 'Credit Card', NULL),
(857, 'debit_card', 'Debit Card', NULL),
(858, 'master_card', 'Master Card', NULL),
(859, 'amex', 'Amex', NULL),
(860, 'visa', 'Visa', NULL),
(861, 'paypal', 'Paypal', NULL),
(862, 'you_cant_delete_this_customer', 'You can''t delete this customer ! This is in calculating system.', NULL),
(866, 'variant_is_required', 'Variant is required !', NULL),
(867, 'bitcoin', 'Bitcoin', NULL),
(868, 'order_cancel', 'Order cancel', NULL),
(869, 'payeer_payment', 'Payeer Payment', NULL),
(870, 'bitcoin_payment', 'Bitcoin Payment', NULL),
(871, 'customer_id', 'Customer ID', NULL),
(872, 'payeer', 'Payeer', NULL),
(873, 'payment_gateway_setting', 'Payment Gateway Setting', NULL),
(874, 'public_key', 'Public Key', NULL),
(875, 'private_key', 'Private Key', NULL),
(876, 'shop_id', 'Shop ID', NULL),
(877, 'paypal_email', 'Paypal Email', NULL),
(878, 'transaction_faild', 'Transaction Failed !', NULL),
(879, 'footer_logo', 'Footer Logo', NULL),
(880, 'footer_details', 'There are many variations of passages of Lorem Ipsum available, but the majority have suffered alteration in some form, by injected', NULL),
(881, 'seller', 'Merchant', NULL),
(882, 'add_seller', 'Add Merchant', NULL),
(883, 'manage_seller', 'Manage Merchant', NULL),
(884, 'affiliate_id', 'Affiliate ID', NULL),
(885, 'identification_type', 'Identification Type', NULL),
(886, 'identification_doc_no', 'Identification Doc. No.', NULL),
(887, 'business_name', 'Business Name', NULL),
(888, 'store_name_4_20_character_like_store_name', 'Store name should be 4-20 character like (your_store_name).', NULL),
(889, 'store_name', 'Store Name', NULL),
(890, 'store_name_already_exists', 'Store name already exists !', NULL),
(891, 'seller_edit', 'Merchant Edit', NULL),
(892, 'driving_licence', 'Driving Licence', NULL),
(893, 'national_id', 'National ID', NULL),
(894, 'passport_no', 'Passport NO.', NULL),
(895, 'other', 'Other', NULL),
(896, 'seller_id', 'Merchant ID', NULL),
(898, 'seller_edit_product', 'Seller Product Edit', NULL),
(900, 'thumb', 'Thumb', NULL),
(901, 'large', 'Large', NULL),
(902, 'image_type', 'Image Type', NULL),
(903, 'image_size', 'Image Size', NULL),
(904, 'image_name', 'Image Name', NULL),
(905, 'upload_id', 'Upload ID', NULL),
(906, 'image_extension', 'Image Extension', NULL),
(907, 'manage_upload_image', 'Manage Upload Image', NULL),
(908, 'manage_upload_product', 'Manage Upload Product', NULL),
(909, 'upload_image_edit', 'Upload Image Edit', NULL),
(911, 'manage_upload_title', 'Manage Upload Title', NULL),
(912, 'upload_title_edit', 'Upload Title Edit', NULL),
(913, 'product_description', 'Product Description', NULL),
(914, 'description_type', 'Description Type', NULL),
(915, 'manage_product_description', 'Manage Product Description', NULL),
(916, 'product_description_edit', 'Product Description Edit', NULL),
(917, 'approved', 'Approved', NULL),
(918, 'denied', 'Denied', NULL),
(919, 'approve', 'Approve', NULL),
(920, 'deny', 'Deny', NULL),
(921, '1', '1', ''),
(922, '2', '2', NULL),
(923, '3', '3', NULL),
(924, 'offer_price', 'Offer Price', NULL),
(925, 'on_promotion', 'On Promotion', NULL),
(926, 'web_store', 'Web Store', NULL),
(927, 'none', 'None', NULL),
(928, 'email_not_send', 'Email not send !', NULL),
(929, 'sales_report', 'Sales Report', NULL),
(930, 'customer_address_1', 'Customer address 1', NULL),
(931, 'customer_address_2', 'Customer address 2', NULL),
(932, 'city', 'City', NULL),
(933, 'country', 'Country', NULL),
(934, 'state', 'State', NULL),
(935, 'zip', 'Zip', NULL),
(936, 'enter_what_you_search', 'Enter what you search.', NULL),
(937, 'done', 'Done', NULL),
(938, 'step_3', 'Step 3', NULL),
(939, 'step_1', 'Step 1', NULL),
(940, 'step_2', 'Step 2', NULL),
(941, 'step_4', 'Step 4', NULL),
(942, 'seller_login', 'Merchant Login', NULL),
(943, 'approved_product', 'Approved Product', NULL),
(944, 'shipped_product', 'Shipped Product', NULL),
(945, 'sold_product', 'Sold Product', NULL),
(946, 'step_5', 'Step 5', NULL),
(947, 'have_a_question', 'Have a question ?', NULL),
(948, 'primary', 'Primay', NULL),
(949, 'my_account', 'My Account', NULL),
(950, 'your', 'Your', NULL),
(951, 'choose_one_of_the_following_methods', 'Chose One of the Following Methods.', NULL),
(952, 'google_plus', 'Google +', NULL),
(953, 'sign_in_using_your_email', 'Sign in Using Your Email Address', NULL),
(954, 'or', 'Or', NULL),
(955, 'remember_me', 'Remember me', NULL),
(956, 'forgot_password', 'Forgot Password ?', NULL),
(957, 'dont_have_an_account', 'Don''t Have An Account ?', NULL),
(958, 'update_cart', 'Update Cart', NULL),
(959, 'continue_shopping', 'Continue Shopping', NULL),
(960, 'clear_cart', 'Clear Cart', NULL),
(961, 'cart_total', 'Cart Total', NULL),
(962, 'proceed_to_checkout', 'Proceed to checkout', NULL),
(963, 'subscribe_successfully', 'Subscribe Successfully.', NULL),
(964, 'by_price', 'By Price', NULL),
(965, 'by_variant', 'By Variant', NULL),
(966, 'by_brand', 'By Brand', NULL),
(967, 'sort_by', 'Sort By', NULL),
(968, 'price_low_to_high', 'Price Low To High', NULL),
(969, 'price_high_to_low', 'Price High To Low', NULL),
(970, 'new', 'New', NULL),
(971, 'clear_all', 'Clear all', NULL),
(972, 'filter', 'Filter', NULL),
(973, 'click_here_to_login', 'Click here to login', NULL),
(974, 'lost_your_password', 'Lost your password ?', NULL),
(975, 'connect_with', 'Connect with', NULL),
(976, 'social_sign_in', 'Social sign in ?', NULL),
(977, 'ship_to_a_different_address', 'Ship to different address ?', NULL),
(978, 'failed', 'Failed !', NULL),
(979, 'zip_is_required', 'Zip is required !', NULL),
(980, 'first_name_is_required', 'First name is required !', NULL),
(981, 'last_name_is_required', 'Last name is required !', NULL),
(982, 'email_is_required', 'Email is required !', NULL),
(983, 'mobile_is_required', 'Mobile is required !', NULL),
(984, 'country_is_required', 'Country is required !', NULL),
(985, 'address_is_required', 'Address is required !', NULL),
(986, 'city_is_required', 'City is required !', NULL),
(987, 'state_is_required', 'State is required !', NULL),
(988, 'please_type_email_and_password', 'Please type email and password !', NULL),
(989, 'sold_by', 'Sold By', NULL),
(990, 'product_added_to_wishlist', 'Product added to wishlist.', NULL),
(991, 'product_already_exists_in_wishlist', 'Product already exists in wishlist !', NULL),
(992, 'please_login_first', 'Please login first !', NULL),
(993, 'products_found', 'Products Found', NULL),
(994, 'all_departments', 'All Departments', NULL),
(995, 'buy_now_promotions', 'Buy Now Promotions', NULL),
(996, 'best_sale_product', 'Best Sale Product', NULL),
(997, 'best_seller_product', 'Best Merchant Product', NULL),
(998, 'top_pick_product', 'Top Pick Product', NULL),
(999, 'view_all', 'View all', NULL),
(1000, 'sign_up_to_newsletter', 'Sign Up To Newsletter', NULL),
(1001, 'please_enter_your_email', 'Please enter your email !', NULL),
(1002, 'please_enter_valid_email', 'Please enter your valid email !', NULL),
(1003, 'similar_product', 'Similar Product', NULL),
(1004, 'ratings_and_reviews', 'Ratings and reviews', NULL),
(1005, 'avg_user_rating', 'Average user rating', NULL),
(1006, 'rating_breakdown', 'Rating breakdown', NULL),
(1007, '5', '5', NULL),
(1008, '4', '4', NULL),
(1009, 'ago', 'ago', NULL),
(1010, 'view_more', 'View more', NULL),
(1011, 'title', 'Title', NULL),
(1012, 'rate_it', 'Rate it', NULL),
(1013, 'you_may_alo_be_intersted_in', 'You May Also Be Interested In', NULL),
(1014, 'compare', 'Compare', NULL),
(1015, 'your_review_added', 'Your review added', NULL),
(1016, 'thanks_you_already_reviewed', 'Thanks.You already reviewed !', NULL),
(1017, 'please_write_your_comment', 'Please write your comment.', NULL),
(1018, 'best_seller', 'Best Merchant', NULL),
(1019, 'social_setting', 'Social Setting', NULL),
(1020, 'client_id', 'Client ID', NULL),
(1021, 'client_secret', 'Client Secret', NULL),
(1022, 'api_key', 'API Key', NULL),
(1023, 'app_id', 'App ID', NULL),
(1024, 'app_secret', 'App Secret', NULL),
(1025, 'parent_category_name_exists', 'Parent category name already exists !', NULL),
(1026, 'select_option', 'Select option', NULL),
(1027, 'default_status', 'Default Status', NULL),
(1028, 'tax_report', 'Tax Report', NULL),
(1029, 'slider_image_size_width_750_height_420', 'Slider image size (Width:750,Height:420) Px and 1MB.', NULL),
(1030, 'wishlist_update', 'Wishlist Update', NULL),
(1031, 'please_fill_up_all_required_field', 'Please fill up all required field !', NULL),
(1032, 'product_image', 'Product Image', NULL),
(1033, 'please_upload_product', 'Please upload product !', NULL),
(1034, 'primary_image_already_exists', 'Primary image already exists !', NULL),
(1035, 'product_title', 'Product Title', NULL),
(1036, 'upload_product', 'Upload Product', NULL),
(1037, 'please_enter_product_title', 'Please enter product title !', NULL),
(1038, 'product_status', 'Product Status', NULL),
(1039, 'login_seller', 'Merchant Login', NULL),
(1040, 'seller_signup', 'Merchant Signup', NULL),
(1041, 'your_product_is_approved', 'Your product is approved.', NULL),
(1042, 'email_send_to_seller', 'Email send to Merchant', NULL),
(1043, 'pending_product', 'Pending Product', NULL),
(1044, 'update_pending_product', 'Update Pending Product', NULL),
(1045, 'image_size_width_3000_height_3000', 'Image size (width:3000px,Height:3000Px) 1MB.', NULL),
(1046, 'brand_image_width_100_height_80', 'Brand image (Width:100px,Height:80px) 500KB.', NULL),
(1047, 'please_keep_quantity_up_to_zero', 'Please keep quantity up to zero !', NULL),
(1048, 'please_select_product_variant', 'Please select product variant !', NULL),
(1049, 'item_found', 'Item found', NULL),
(1050, 'feedback', 'Feedback', NULL),
(1051, 'seller_guarantee', 'Merchant Guarantee', NULL),
(1052, 'refund_policy', 'Refund Policy', NULL),
(1053, 'update_your_settings', 'Update your settings', NULL),
(1054, 'buy_now', 'Buy Now', 'ক্রয় কারুন'),
(1055, 'save_for_the_future', 'Save for the future', NULL),
(1056, 'dial_order_to_phone', 'Dial order to phone', NULL),
(1057, 'more_than', 'More than', NULL),
(1058, 'pieces_in_stock', 'pieces in stock ', NULL),
(1059, 'in', 'In', NULL),
(1060, 'seller_product', 'Merchant Product', NULL),
(1061, 'brand_product', 'Brand Product', NULL),
(1062, 'brand_search', 'Search Brand', NULL),
(1063, 'seller_score', 'Merchant Score', NULL),
(1064, 'rating', 'Rating', NULL),
(1065, 'piece_in_stock', 'piece in stock', NULL),
(1066, 'more_than_ten_pieces_in_stock', 'More than 10 pieces in stock', NULL),
(1067, 'you_can_not_buy_more_than', 'You can not buy more than', NULL),
(1068, 'some_product_are_not_added_to_order_because_of_out_of_stock', 'Some product are not added to order because of out of stock.', NULL),
(1069, 'product_not_found', 'Product not found !', NULL),
(1070, 'out_of_stock', 'Out of stock !', NULL),
(1071, 'product_added_to_cart', 'Product added to cart.', NULL),
(1072, 'please_write_number_format', 'Please write number format.', NULL),
(1073, 'primary_image_set', 'Primary image set.', NULL),
(1074, 'mage_size_width_270_height_360', 'Image size (Width:270px,Height:360px).', NULL),
(1075, 'pre_order', 'Pre-order', NULL),
(1076, 'pre_order_quantity', 'Pre-order Qnty', NULL),
(1077, 'new_pre_order', 'New Pre-Order', NULL),
(1078, 'manage_pre_order', 'Manage Pre-Order', NULL),
(1079, 'pre_order_update', 'Pre-Order Update', NULL),
(1080, 'ordered', 'Orderd', NULL),
(1081, 'pre_order_no', 'Pre-Order No', NULL),
(1082, 'seller_policy', 'Merchant Policy', NULL),
(1083, 'update_seller_policy', 'Update merchant policy', NULL),
(1084, 'shipping', 'Shipping', NULL),
(1085, 'delivered', 'Delivered', NULL),
(1086, 'returned', 'Returned', NULL),
(1087, 'order_status', 'Order Status', NULL),
(1088, 'cancel_order', 'Cancel Order', NULL),
(1089, 'successfully_order_cancelled', 'Order successfully cancelled', NULL),
(1090, 'you_can_not_pre_order_more_than', 'You can not pre-order more than', NULL),
(1091, 'accept_the_price', 'Accept the price', NULL),
(1092, 'product_delivery', 'Product Delivery', NULL),
(1093, 'please_accept_the_order', 'Please accept the order', NULL),
(1094, 'product_listing', 'Product Listing', NULL),
(1095, 'register', 'Register', NULL),
(1096, 'sign_up_using_your_email', 'Sign up using your email address', NULL),
(1097, 'welcome_to', 'Welcome To', NULL),
(1098, 'denied_product', 'Denied Product', NULL),
(1099, 'dis', 'Dis', NULL),
(1100, 'q', 'Q', NULL),
(1101, 'pending_seller', 'Pending Merchant', NULL),
(1102, 'pending_order', 'Pending Order', NULL),
(1103, 'order_status', 'Order Status', NULL),
(1104, 'shipping_overview', 'Shipping Overview', NULL),
(1105, 'invoice_order', 'Invoice Order', NULL),
(1106, 'district', 'District', NULL),
(1107, 'customer_no', 'Customer No', NULL),
(1108, 'percentage', 'Percentage', NULL),
(1109, 'shipping_overview_distric_wise', 'Shipping Overview (District Wise)', NULL),
(1110, 'order_placed', 'Order Placed', NULL),
(1111, 'order_is_processing', 'Order Is Processing', NULL),
(1112, 'order_is_shipping', 'Order Is Shipping', NULL),
(1113, 'order_delivered', 'Order Delivered', NULL),
(1114, 'order_returned', 'Order Returned', NULL),
(1115, 'order_canceled', 'Order Canceled', NULL),
(1116, 'order_tracking', 'Order Tracking', NULL),
(1117, 'monthly', 'Monthly', NULL),
(1118, 'yearly', 'Yearly', NULL),
(1119, 'password_reset', 'Password Reset', NULL),
(1120, 'confirm_password', 'Confirm Password', NULL),
(1121, 'please_enter_your_email_adderss', 'Lost your password? Please enter your username or email address.             You will receive a link to create a new password via email.', NULL),
(1122, 'please_enter_new_password', 'Please enter new password.', NULL),
(1123, 'reset_password', 'Reset Password', NULL),
(1124, 'admin_login_area', 'Admin Login Area', NULL),
(1125, 'order_reminder', 'Order Reminder', NULL),
(1126, 'email_template', 'Email Template', NULL),
(1127, 'add_template', 'Add Template', NULL),
(1128, 'manage_template', 'Manage Template', NULL),
(1129, 'subject', 'Subject', NULL),
(1130, 'edit_template', 'Edit Template', NULL),
(1131, 'not_updated', 'Not Updated !', NULL),
(1132, 'template', 'Template', NULL),
(1133, 'general_template', 'General Template', NULL),
(1134, 'customer_template', 'Customer Template', NULL),
(1135, 'seller_template', 'Merchant Template', NULL),
(1136, 'click_here', 'Click here', NULL),
(1137, 'if_you_reset_password_if_not_then_ignore', 'if you want to reset your password, if not, then ignore', NULL),
(1138, 'varifaction_mail_was_sent_please_check_your_email', 'Verification mail was sent, please check your email.', NULL),
(1139, 'email_was_not_sent_please_contact_administrator', 'Email was not sent, please contact administrator.', NULL),
(1140, 'your_email_was_not_found', 'Your email was not found !', NULL),
(1141, 'your_information', 'Your information.', NULL),
(1142, 'email_already_exists', 'Email Already Exists !', NULL),
(1143, 'password_is_updated', 'Your password is updated !', NULL),
(1144, 'password_not_matched', 'Password not matched !', NULL),
(1145, 'this_key_is_not_valid', 'This key is not valid !', NULL),
(1146, 'comission', 'Comission', NULL),
(1147, 'add_comission', 'Add Comission', NULL),
(1148, 'manage_comission', 'Manage Comission', NULL),
(1149, 'comission_edit', 'Comission Edit', NULL),
(1150, 'comission_report', 'Comission Report', NULL),
(1151, 'my_balance', 'My Balance', NULL),
(1152, 'your_product_information', 'Your product information.', NULL),
(1153, 'you_have_successfully_logout', 'You have successfully logout.', NULL),
(1154, 'report', 'Report', NULL),
(1155, 'app_url', 'App URL', NULL),
(1156, 'app_logo', 'App Logo', NULL),
(1157, 'download_our_app', 'Download Our App', NULL),
(1158, 'lifetime_orders', 'Lifetime Orders', NULL),
(1159, 'order_total', 'Order Total', NULL),
(1160, 'merchants', 'Merchants', NULL),
(1161, 'products', 'Products', NULL),
(1162, 'total_sale', 'Total Sale', NULL),
(1163, 'sell_report_based_on_shipping_product', 'Sell Report Based On Shipping', NULL),
(1164, 'sell_report_based_on_delivered_product', 'Sell Report Based On Delivered Product', NULL),
(1165, 'sell_report_based_on_order', 'Sell Report Based On Order', NULL),
(1166, 'order_report', 'Order Report', NULL),
(1167, 'net_sell_report', 'Net Sell Report', NULL),
(1168, 'sell_report', 'Sell Report', NULL),
(1169, 'daily', 'Daily', NULL),
(1170, 'weakly', 'Weakly', NULL),
(1171, 'sell', 'Sell', NULL),
(1172, 'order_amount', 'Order Amount', NULL),
(1173, 'cancelled', 'Cancelled', NULL),
(1174, 'sales_overview_report', 'Sales Overview Report', NULL),
(1175, 'sales_details_report', 'Sales Details Report', NULL),
(1176, 'delivery', 'Delivery', NULL),
(1177, 'merchant_sell_report_in_details', 'Merchant sell report (In Details)', NULL),
(1178, 'payable_amount', 'Payable Amount', NULL),
(1179, 'merchant_name', 'Merchant Name', NULL),
(1180, 'message_from_customer', 'Message From Customer', NULL),
(1181, 'message_send_to_customer', 'Message Send To Customer', NULL),
(1182, 'message_send_successfully', 'Message send successfully.', NULL),
(1183, 'partial_delivery', 'Partial Delivery', NULL),
(1184, 'return_quantity', 'Return Qty.', NULL),
(1185, 'in_stock', 'In Stock', NULL),
(1186, 'stock_management', 'Stock Management', NULL),
(1187, 'lifetime_restocked', 'Lifetime Restocked', NULL);
INSERT INTO `language` (`id`, `phrase`, `english`, `bangla`) VALUES
(1188, 'sold_out', 'Sold Out', NULL),
(1189, 'current_stock', 'Current Stock', NULL),
(1190, 'product_is_not_available_in_stock', 'Product is not available in stock !', NULL),
(1191, 'you_can_not_order_more_than_stock', 'You cant not order more than stock !', NULL),
(1192, 'add_payment_method', 'Add Payment Method', NULL),
(1193, 'manage_payment_method', 'Manage Payment Method', NULL),
(1194, 'payment_method_edit', 'Payment method edit', NULL),
(1195, 'goto_home_page', 'Go to home page', NULL),
(1196, 'oops_we_could_not_find_the_page_you_requested', '“Oops! We could not find the page you requested”', NULL),
(1197, '404_page_not_found', '404 page not found !', NULL),
(1198, '404', '404', NULL),
(1199, 'most_popular_product', 'Most Popular Product', NULL),
(1200, 'best_merchant_product', 'Best Merchant Product', NULL),
(1201, 'payment_not_paid', 'Payment Not Paid !', NULL),
(1202, 'manage_payment', 'Manage Payment', NULL),
(1203, 'edit_payment', 'Edit Payment', NULL),
(1204, 'total_sales_amount', 'Total Sales Amount', NULL),
(1205, 'total_comission', 'Total Comission', NULL),
(1206, 'total_payable', 'Total Payable', NULL),
(1207, 'total_paid', 'Total Paid', NULL),
(1208, 'total_unpaid', 'Total Unpaid', NULL),
(1209, 'pay_now', 'Pay Now', NULL),
(1210, 'role', 'Role', NULL),
(1211, 'permission_setup', 'Permission setup', NULL),
(1212, 'add_role', 'Add Role', NULL),
(1213, 'role_list', 'Role List', NULL),
(1214, 'user_access_role', 'User Access Role', NULL),
(1215, 'add_menu', 'Add Menu', NULL),
(1216, 'manage_menu', 'Manage Menu', NULL),
(1217, 'role_name', 'Role Name', NULL),
(1218, 'menu_title', 'Menu Title', NULL),
(1219, 'can_create', 'Can Create', NULL),
(1220, 'can_read', 'Can Read', NULL),
(1221, 'can_edit', 'Can Edit', NULL),
(1222, 'can_delete', 'Can Delete', NULL),
(1223, 'role_edit', 'Role Edit', NULL),
(1224, 'add', 'Add', NULL),
(1225, 'super_admin', 'Super Admin', NULL),
(1226, '0_piece_in_stock', '0 piece in stock', NULL),
(1227, 'last_stock', 'Last Stock', NULL),
(1228, 'wastage', 'Wastage', NULL);

-- --------------------------------------------------------

--
-- Table structure for table `link_page`
--

CREATE TABLE `link_page` (
  `link_page_id` varchar(100) NOT NULL,
  `page_id` varchar(255) NOT NULL,
  `language_id` varchar(255) NOT NULL,
  `headlines` text,
  `image` text,
  `details` text NOT NULL,
  `status` int(11) NOT NULL
) ENGINE=InnoDB DEFAULT CHARSET=utf8;

--
-- Dumping data for table `link_page`
--

INSERT INTO `link_page` (`link_page_id`, `page_id`, `language_id`, `headlines`, `image`, `details`, `status`) VALUES
('2UMICWE11LTHGHR', '5', 'spanish', '', 'http://localhost/seller_erp/my-assets/image/link_page/9eb4daf9223d3989eb8e2f57d344b4ca.jpg', '', 1),
('36H2AT7PLXO4RC4', '4', 'bangla', '', 'http://localhost/seller_erp/my-assets/image/link_page/6c7d1775d18f643c3059cb1a392a5da3.jpg', '', 1),
('4XWEBB12FGVNQST', '6', 'english', '<h2>Welcome To <span>StyleDunia</span></h2>', 'http://localhost/seller_erp/my-assets/image/link_page/36bb06dcd1ed60d8ae212a2bb8d029af.jpg', '<p class="text-justify">The European languages are members of the same family. Their separate existence is a myth. For science, music, sport, etc, Europe uses the same vocabulary. The languages only differ in their grammar, their pronunciation and their most common words. Everyone realizes why a new common language would be desirable: one could refuse to pay expensive translators. To achieve this, it would be necessary to have uniform grammar, pronunciation and more common words.</p>', 1),
('5KFQ57F9H5TI3I4', '6', 'bangla', '', 'http://localhost/seller_erp/my-assets/image/link_page/36bb06dcd1ed60d8ae212a2bb8d029af.jpg', '', 1),
('65B7A57YG42JV56', '4', 'english', '<h2>Welcome To <span>Privacy Policy</span></h2>', 'http://localhost/seller_erp/my-assets/image/link_page/6c7d1775d18f643c3059cb1a392a5da3.jpg', '<p class="text-justify">The European languages are members of the same family. Their separate existence is a myth. For science, music, sport, etc, Europe uses the same vocabulary. The languages only differ in their grammar, their pronunciation and their most common words. Everyone realizes why a new common language would be desirable: one could refuse to pay expensive translators. To achieve this, it would be necessary to have uniform grammar, pronunciation and more common words.</p>', 1),
('9ZQUUMVW47L3TF2', '3', 'japanes', '', 'http://localhost/seller_erp/my-assets/image/link_page/9c9f71e9e5b0390cfd618f5c3642a7c8.jpg', '', 1),
('BEWWQJSKVSNEAPS', '3', 'bangla', '', 'http://localhost/seller_erp/my-assets/image/link_page/9c9f71e9e5b0390cfd618f5c3642a7c8.jpg', '', 1),
('DPB4FWLV2U9KZRZ', '1', 'bangla', '', 'http://localhost/seller_erp/my-assets/image/link_page/071c2e33227800faf022ac9947cd9f8c.jpg', '<p><br></p>', 1),
('F5BJTR1WG6X5ZRN', '5', 'japanes', '', 'http://localhost/seller_erp/my-assets/image/link_page/9eb4daf9223d3989eb8e2f57d344b4ca.jpg', '', 1),
('GJU37BDPLX8X39E', '3', 'turkish', '', 'http://localhost/seller_erp/my-assets/image/link_page/9c9f71e9e5b0390cfd618f5c3642a7c8.jpg', '', 1),
('HQZM8VKDVR9G13P', '6', 'turkish', '', 'http://localhost/seller_erp/my-assets/image/link_page/36bb06dcd1ed60d8ae212a2bb8d029af.jpg', '', 1),
('J9YL6ZG4OMXGWIC', '4', 'spanish', '', 'http://localhost/seller_erp/my-assets/image/link_page/6c7d1775d18f643c3059cb1a392a5da3.jpg', '', 1),
('KM5B14TC8HV7OL1', '6', 'japanes', '', 'http://localhost/seller_erp/my-assets/image/link_page/36bb06dcd1ed60d8ae212a2bb8d029af.jpg', '', 1),
('L83AB96H31RX5QW', '1', 'english', '<h2>Welcome To <span>StyleDunia</span></h2>', 'http://localhost/seller_erp/my-assets/image/link_page/071c2e33227800faf022ac9947cd9f8c.jpg', '<p class="text-justify">The European languages are members of the same family. Their separate existence is a myth. For science, music, sport, etc, Europe uses the same vocabulary. The languages only differ in their grammar, their pronunciation and their most common words. Everyone realizes why a new common language would be desirable: one could refuse to pay expensive translators. To achieve this, it would be necessary to have uniform grammar, pronunciation and more common words.</p>', 1),
('LC1PS49MUF3BWIP', '3', 'spanish', '', 'http://localhost/seller_erp/my-assets/image/link_page/9c9f71e9e5b0390cfd618f5c3642a7c8.jpg', '', 1),
('LLHD1Z81ER67SUG', '3', 'hindi', '', 'http://localhost/seller_erp/my-assets/image/link_page/9c9f71e9e5b0390cfd618f5c3642a7c8.jpg', '', 1),
('M1Y3RJMVH94K11A', '7', 'bangla', '<p>This is refund policy bangla headline  update<br></p>', '', '<p>This is refund policy bangla details update<br></p>', 1),
('MCRBHSD8LIE6VTP', '6', 'spanish', '', 'http://localhost/seller_erp/my-assets/image/link_page/36bb06dcd1ed60d8ae212a2bb8d029af.jpg', '', 1),
('MH8DS43ZYHDNOZV', '4', 'hindi', '', 'http://localhost/seller_erp/my-assets/image/link_page/6c7d1775d18f643c3059cb1a392a5da3.jpg', '', 1),
('NVQSI5XDG4Q5TKR', '5', 'english', '<h2>Welcome To <span>Terms And Condition</span></h2>', 'http://localhost/seller_erp/my-assets/image/link_page/9eb4daf9223d3989eb8e2f57d344b4ca.jpg', '<p class="text-justify">The European languages are members of the same family. Their separate existence is a myth. For science, music, sport, etc, Europe uses the same vocabulary. The languages only differ in their grammar, their pronunciation and their most common words. Everyone realizes why a new common language would be desirable: one could refuse to pay expensive translators. To achieve this, it would be necessary to have uniform grammar, pronunciation and more common words.</p>', 1),
('Q7Z9VGXVSLGFEN5', '7', 'english', '<p>This is refund policy headline</p>', '', '<p>This is refund policy details<br></p>', 1),
('RJTQBPROH8DX5WV', '4', 'japanes', '', 'http://localhost/seller_erp/my-assets/image/link_page/6c7d1775d18f643c3059cb1a392a5da3.jpg', '', 1),
('SB914AN2QYP6S78', '4', 'turkish', '', 'http://localhost/seller_erp/my-assets/image/link_page/6c7d1775d18f643c3059cb1a392a5da3.jpg', '', 1),
('UVBYMKHTAAZ33G3', '5', 'bangla', '', 'http://localhost/seller_erp/my-assets/image/link_page/9eb4daf9223d3989eb8e2f57d344b4ca.jpg', '', 1),
('VGRDIZWLX8V35GO', '6', 'hindi', '', 'http://localhost/seller_erp/my-assets/image/link_page/36bb06dcd1ed60d8ae212a2bb8d029af.jpg', '', 1),
('WIDPDU5YFOQRPOS', '3', 'english', '<h2>Welcome To <span>Delivery Info</span></h2>', 'http://localhost/seller_erp/my-assets/image/link_page/9c9f71e9e5b0390cfd618f5c3642a7c8.jpg', '<p class="text-justify">The European languages are members of the same family. Their separate existence is a myth. For science, music, sport, etc, Europe uses the same vocabulary. The languages only differ in their grammar, their pronunciation and their most common words. Everyone realizes why a new common language would be desirable: one could refuse to pay expensive translators. To achieve this, it would be necessary to have uniform grammar, pronunciation and more common words.</p>', 1),
('WJVBSXXXPP9BXGJ', '5', 'hindi', '', 'http://localhost/seller_erp/my-assets/image/link_page/9eb4daf9223d3989eb8e2f57d344b4ca.jpg', '', 1),
('Y2DZQRBXEBX44RB', '5', 'turkish', '', 'http://localhost/seller_erp/my-assets/image/link_page/9eb4daf9223d3989eb8e2f57d344b4ca.jpg', '', 1);

-- --------------------------------------------------------

--
-- Table structure for table `order`
--

CREATE TABLE `order` (
  `id` int(11) NOT NULL,
  `order_id` varchar(255) NOT NULL,
  `shipping_id` int(11) NOT NULL,
  `pre_order_id` varchar(100) DEFAULT NULL,
  `customer_id` varchar(100) NOT NULL,
  `date` varchar(100) NOT NULL,
  `total_amount` float NOT NULL COMMENT 'total_cost+shipping+total_tax-coupon_amnt',
  `details` text,
  `total_discount` float DEFAULT NULL COMMENT 'product_discount + order_discount',
  `order_discount` float DEFAULT NULL COMMENT 'order_dis',
  `paid_amount` float NOT NULL,
  `affiliate_id` varchar(255) DEFAULT NULL,
  `number_product` int(11) DEFAULT NULL,
  `service_charge` float DEFAULT NULL,
  `file_path` text,
  `order_status` int(11) DEFAULT '1' COMMENT '1=pending,2=processing,3=shipping,4=delivered,5=returned,6=cancelled,7=partial_delivery',
  `status` int(11) NOT NULL DEFAULT '1' COMMENT 'invoice_status',
  `pending` varchar(100) DEFAULT NULL COMMENT 'pending_status_in_timestamp',
  `shipping` varchar(100) DEFAULT NULL COMMENT 'shipping_status_in_timestamp',
  `delivered` varchar(100) DEFAULT NULL COMMENT 'delivered_status_in_timestamp'
) ENGINE=InnoDB DEFAULT CHARSET=utf8;

--
-- Dumping data for table `order`
--

INSERT INTO `order` (`id`, `order_id`, `shipping_id`, `pre_order_id`, `customer_id`, `date`, `total_amount`, `details`, `total_discount`, `order_discount`, `paid_amount`, `affiliate_id`, `number_product`, `service_charge`, `file_path`, `order_status`, `status`, `pending`, `shipping`, `delivered`) VALUES
(2, 'XFYBSE6P25F5YIR', 9, NULL, '23E6PGV8NALUS5F', '2018-08-05', 3000, '', 0, 0, 0, NULL, NULL, 0, NULL, 7, 2, '2018-08-05', NULL, NULL),
(3, 'AIO7JX8MZ5OXI3P', 2, NULL, 'FJHKMQWVAVNQF4G', '2018-08-05', 10100, '', 2000, 0, 0, NULL, NULL, 100, NULL, 5, 2, '2018-08-05', NULL, NULL);

-- --------------------------------------------------------

--
-- Table structure for table `order_payment`
--

CREATE TABLE `order_payment` (
  `order_payment_id` varchar(255) NOT NULL,
  `payment_id` varchar(255) NOT NULL,
  `order_id` varchar(255) NOT NULL,
  `details` text
) ENGINE=InnoDB DEFAULT CHARSET=utf8;

--
-- Dumping data for table `order_payment`
--

INSERT INTO `order_payment` (`order_payment_id`, `payment_id`, `order_id`, `details`) VALUES
('U5L48GDAHMOEFQ7', '1', 'QRDYC7K2QUPAJE4', NULL),
('7E9YWEKWR2T8TL3', '1', 'DDXUVG59M5UUJEN', NULL),
('B1I1A4DP4DWFAVC', '1', 'F5O6UZMP467SKFC', NULL),
('FQTNSKCDVAXSXCU', '1', 'UJWYDS6UBZO9RBC', NULL),
('U6PQLTJD1GJMGER', '1', 'OOOAKSBZTV7BP28', NULL),
('B8LJVD7QD6M4IZF', '1', '4ISGLSSG6HPQDOS', NULL),
('DKN1EY5HYCBUPEI', '1', 'RJCW8TZSLD2L9FM', NULL),
('1US1G84WS6CGZA9', '1', 'G6Y61Z77RQJMGRH', NULL),
('PXL9WP4T2FTVN83', '1', 'HX1319UN27AIRJC', NULL),
('9E1Y9H6DAH9ZNWF', '1', 'UVXLJ9M9H6YKPRO', NULL),
('KT24BA1NLOX44E8', '1', 'SW8Y5ZI2OBAQTXR', NULL),
('P2JQ7OBL3V3DX86', '1', 'RHZKZPGQG45EI75', NULL),
('TTN4WAIGDHHUHAI', '1', 'MAZPOX7C1TBVPM2', NULL),
('G6AQKLSP4D41QVQ', '1', '3C1LYTK3X1GIGTX', NULL),
('LT2BFLIJWSVSWEO', '1', 'ROWLKOV6HXJF57B', NULL),
('AL8IWWNS65GVIDX', '1', 'RPX3O7BNAP2FS34', NULL),
('OYBLOJZN5F8XLDD', '1', 'IW7R6VP6LAJT6OQ', NULL),
('PX33W44LU43OORW', '1', 'X8K8NKQ7HP53GAF', NULL),
('9XW41VBYTD3S9KF', '1', '8H3FM2KROUU2JMV', NULL),
('1KHX5WY5Z4DWUYN', '1', 'DDX8K8NKQ7HP53G', NULL),
('42YJNJ2V7ZRSV3V', '1', '72W4XHIN6DKV858', NULL),
('D7MZCAEIHHP4H62', '1', 'ZJZUNGHC8LC9W6D', NULL),
('6PDHEAKLBV4Y4AY', '1', 'FN83SX8GAIYJH3S', NULL),
('B4DW7OECLYAOJ8U', '1', '6A94B67OPHGSEVR', NULL),
('SLM7YXZCAS89Z18', '1', 'RBJM61UO7ICWFHG', NULL),
('WSRF32YR7Y29ZXH', '1', 'ISYI7XF2X5UCSKX', NULL),
('HU6C9EU9MRQC9L8', '1', 'YUC4J7NHSK11W5C', NULL),
('LTNI8D8A6E326CM', '1', 'K2JVKIMA3C1DEFK', NULL),
('PCDKCOFVJEFMFO9', '1', 'CB1BUITH8AOCI86', NULL),
('ZJAD724UK7WN69N', '1', 'F5A2CQVBYHMBAXH', NULL),
('ZFN4GGI2DQP5AGG', '1', 'OIS1OFV5OM65K7B', NULL),
('DTTVBOJEX752QJY', '1', '3NKMFYLWRVBRT8A', NULL),
('1E7QXYQ4QFLB528', '1', 'WKD3E546NPXDMGO', NULL),
('RSV3VO2VIDQXG7E', '1', 'KV8581YR1TQR3ND', NULL),
('KLELN4BLK67AFFQ', '1', 'U361I5NXQF4VVFP', NULL),
('PN4FU8UT2U7WC1T', '1', 'KS4EGVUJSC1DZQS', NULL),
('IBP2NTFL17STELC', '1', 'BH4QH58U96BGPQ6', NULL),
('C7YRIC1EL11OJWO', '1', 'HHW8SMY9M23BE7B', NULL),
('GVPKORSOLUEN9AE', '1', 'Q94EBELF46UP36J', NULL),
('MC1OXZ5AMFDTZHM', '1', 'B45468Z6TCDM37J', NULL),
('TXGTF4KW6DYXPE1', '1', '9AYHTWQXV6OXO71', NULL),
('LNZYS8H7RGEAR7R', '1', 'GXY5EU5E43MH7GW', NULL),
('J7FOR4NV7IFMXNM', '1', 'NRVSIPWAEU12BQY', NULL),
('EP7I5BYH2Z3FRHS', '1', 'NQXM6J5S4ZJHT8B', NULL),
('9AO5WR5VCHUS8R5', '1', 'JE43T3NHBNNTW9T', NULL),
('OOKBH83BHXUR4CW', '1', '23FDBWVLF7B1LSR', NULL),
('DHHUHAIRX13FYL5', '1', 'SU6IRF3MAZPOX7C', 'testd6'),
('LC9BT52J1XD8OHH', '1', '8CFYS4I379PTVU8', 'testd6'),
('UT9FNXQUSNDQU4D', '1', 'P2QCMPPDZJA6LL3', 'testd6'),
('6ZOYFC7M7XQFWAF', '1', 'T6V84ZFIRN3U2TS', 'testd6'),
('8GY61ETZA2MO4O3', '1', 'XLG4GCRJ9JFJAR4', 'testd6'),
('K4KUUJL8PW3FO96', '1', 'EB6RDMRMZG9I3P7', 'testd6'),
('RA4G9114C4WB4RL', '1', 'QQVFNU3HEGA81A4', 'details'),
('8C8ZMCNZ6IV6LSH', '1', 'N6VI9D44HDVYZIK', 'details'),
('HV7UDXBPGJ9DWI1', '1', 'EQIXI7JQAGUPA6O', 'details'),
('CYRSOZJ75JEF25G', '1', 'ZDEM656IJ8CFDIT', 'details'),
('K2C5XS9A3GYHYM9', '1', 'UI3S58N2E3K8XIZ', 'details'),
('KXTTU433EJE8CIQ', '1', 'Y7NO4HYXL273EG2', 'details'),
('322IP49KLW5CHU6', '1', 'SKCKGQY6Q9JAOCW', 'details'),
('766KHVS4LFZLFTD', '1', '57UDBZHXVDEJEN1', 'details'),
('7P1CJGGF496IGTJ', '1', 'XMKNN3WEO6FPKZB', 'details'),
('S9MKN1ROWZ9GCGL', '1', 'AGJGQR2ERLYKF85', 'details'),
('D3EXIPLB5GX9T3Q', '1', '1ZES8RXGDHOEXAW', 'details'),
('WBJXIZXAA21SKXT', '1', '1AXAENGLBC6KYB3', 'details'),
('IP7NDYN5VFUN5XR', '1', '61WGPMJ82H45S8Y', 'details'),
('2J5IR1ETROLNBBR', '1', '4JTO8GH8L9W3UMK', 'details'),
('IGT5DTZ3XB77DYC', '1', 'PIAADLC6JDZV8FY', 'details'),
('9MY57UYN8ZMQCRM', '1', 'IEXSGA88VKZE4SB', 'details'),
('PK32TEENC9HZGJG', '1', '62ND9KF7IN2S61I', 'details'),
('CPFCMWW49GRY96Z', '1', 'JVRHU3YG2485UPW', 'details'),
('JI72E6ICIQPYHT4', '1', 'KLSWOU5EISGYHKX', 'details'),
('F3JF2UHHWNHFHJR', '1', '6KTXADEV5AXDN93', 'details'),
('D6PMFMNMEQIC8Z2', '1', 'TWQCKX79S9O6X9A', 'details'),
('AFW24IEC4IZ21S7', '1', '7NY9VMJBSY9C4UX', 'details'),
('MS2YRUAAROUFCR5', '1', 'W5XDCW55HME2GLL', 'details'),
('1Z3VYEUMXUG62JU', '1', '4RLDTHXXP8W4NJ9', 'details'),
('A63X7D9HRV4GYAD', '1', '3VTMBIQIV6E71AX', 'details'),
('Q9FCKRO8JU2XXWL', '1', 'JA6S7JG6355KEW6', 'details'),
('VITAMUOYPAG1BQ6', '1', '5MX8KNCC9HLRRY2', 'details'),
('E43AREYLQMIUVK3', '1', '8DNDMOTHC17HPJR', 'details'),
('D9SQ4GJRP1FIK1N', '1', 'ZVMCCN7D9333L5V', 'details'),
('JTV56I5JKX3EVDH', '1', 'LEENXJPH5GFP6O8', 'details'),
('IMD8KW3Z6LZEIH3', '1', 'MT4F6EOO61EIAIK', 'sdfasa'),
('S5BDKJATVW6CDMH', '1', 'P8CWUSIISXWWPXD', 'sdfasa'),
('QYRF6SHTFAM8MAA', '1', 'WBJ64GYO3YQZEL9', 'sdfasa'),
('UTSKMJP42Y6WRJK', '1', '2M3SGKK7Z63XUMH', 'sdfasa'),
('MKXY22ZRO4KPGQ9', '1', '1KT98MRXXPLNT4V', 'sdfasa'),
('B3Q4VM8YUVM9K53', '1', 'IOE4E82R2E6BQ2P', 'sdfasa'),
('CS61WGPMJ82H45S', '1', '6XH3F9CSAEPSEM2', 'sdfasa'),
('XRMZVXALZB6OQBC', '1', '8YM23WPFUCSYM2T', 'sdfasa'),
('OWL6Y3M7UIR9LNZ', '1', 'CYVXTT8SVKPMGT8', 'sdfasa'),
('R557BFWVI2EYBLA', '1', 'VGGS7QGBV18L6RT', 'sdfasa'),
('J29BH1LA8J7J5Z8', '1', 'JAD724UK7WN69NQ', 'sdfasa'),
('ETEK5DIWLOIS1OF', '1', 'FGV88KUCH1DOSIU', 'sdfasa'),
('U7CJXWPQRL63FHJ', '1', '43AZZFN4GGI2DQP', 'sdfasa'),
('VBRT8AW6JOKFU1G', '1', '9Z53GO5ZIMZJSFR', 'sdfasa'),
('5MCWC5MGA5HCGS3', '1', '2QJYNNBPG5KLF7W', 'sdfasa'),
('9NQ98Q5RAFN4U5A', '1', 'XFMQ8SJ8QIVRPFJ', 'sdfasa'),
('SWZDOZ4ARL3X8KV', '1', 'X2KR3ILJVQTIVGQ', 'sdfasa'),
('A1NSAD4I65DA4K8', '1', 'J5SIPBY6BC6CDV3', 'sdfasa'),
('KAJ3R5QHJXLRGFH', '1', 'BLLESQFSIWB5Y7F', 'sdfasa'),
('V63NGOCED8DXW8A', '1', 'IEM2RD5U8VHD2ON', 'sdfasa'),
('LICXN3WSDXWZO2Y', '1', 'P713Q5GXGHIQNLO', 'sdfasa'),
('QX2TBM4816DHT4J', '1', 'O3SNOWOWH7TIGHF', 'sdfasa'),
('OR1TC2B42YXBBJ6', '1', '7TSEQSO74N5X6CR', 'sdfasa'),
('IXIL9ISQXQX2A1F', '1', 'X8MLGWG7ZM5IMOL', 'sdfasa'),
('MS9K8UM3OE19Z53', '1', 'SOWDY8VRP1U7CJX', 'sdfasa'),
('7UTTPVFFPRZG56A', '1', 'VMCPCYVK74QIQJ2', 'sdfasa'),
('1YSN6YARIBF3DJB', '1', 'Y75U53Y8VDZ9CW8', 'sdfasa'),
('D3HWNAU1JDBSHS2', '1', 'NIU9RZDZXDMVEIL', 'sdfasa'),
('JJA3GD7Q5K7457I', '1', 'VO2HSL8NC5QHCC5', 'sdfasa'),
('45SU9VKSSMRXQ46', '1', 'FLB528HERN76V8I', 'sdfasa'),
('PQ6KHM7ML28OPOK', '1', 'DBSHS2HBIMRC17T', 'sdfasa'),
('8OH344HY67I8H7D', '1', 'TS3793LNBICU3O3', 'sdfasa'),
('LJMYC7YRIC1EL11', '1', 'TKAJHHW8SMY9M23', 'sdfasa'),
('WM7QQ94EBELF46U', '1', 'DM6X262B1BGU4ZX', 'sdfasa'),
('N9AEE9V2GOQBQ6O', '1', 'P36JKPHXVYPRWBX', 'sdfasa'),
('QHJJWYY4ECZTMNV', '1', 'FQSTBG429AAG59V', 'sdfasa'),
('ATR6M86CVWM7C2H', '1', 'XTWFEBK3GDKGW2H', 'sdfasa'),
('XPE1F4GKDZ9X7GZ', '1', 'XO71ACKGC9E8XF9', 'sdfasa'),
('6AF8NM4ZUF5KEBT', '1', '4OMDP17PIK8NYGY', 'sdfasa'),
('2V7S6CVP2QCMPPD', '1', 'HQNEK7WFKSLCVZS', 'sdfasa'),
('BLHFO5744ZWKCH4', '1', '1BUWL9QLSE54RWX', 'sdfasa'),
('43YFGU1N4UXP4OH', '1', 'TGI5IYNVT6GJCI4', 'sdfasa'),
('EVM8DJN5JO6P2J5', '1', '6EARS23ZGXYJ4LN', 'sdfasa'),
('61W2ZT2WXFH97J5', '1', 'H1O8C4F9JWLTN4I', 'details'),
('NUE82DDNMZM13FK', '1', '3EQS3TW5G28ZMXW', 'details'),
('2QC9ZXTPG9IPZFN', '1', 'LQTBVBYA3VAKOG2', 'details'),
('WSK28HLD37KM58W', '1', 'N5JHK925CZQL3JI', 'details'),
('5RHUHO8JFC6GNHQ', '1', 'FT5KHG3C45TKRZR', 'details'),
('D3T7OZNUHYKIKXA', '1', 'O759F6O1MBLI1YD', 'details'),
('BFWGSATM8KNXNGZ', '1', '7OPAVCDGYT25JTH', 'details'),
('JIL5TGBRME9GRDY', '1', 'NDKXDC4QLH27Y6U', 'details'),
('NUKP3NR9TYYPOJI', '1', 'AMKU546UBEE19NF', 'details'),
('482ROPEUGYOOAYI', '1', 'OVR7TULC9PKWKV5', 'details'),
('ZNFDIAP6SLGU4EN', '1', '4TANN3IPWM4LJDF', 'details'),
('OZ2QVWTZEITSSVA', '1', 'IR9ZCS2EK1IK1F7', 'details'),
('Y32TLZ3CNAW6RA1', '1', 'XN9SJFVVCO1JGMN', 'details'),
('YBW83L8NQVIYNG7', '1', '39TD37XCWP84P3J', 'details'),
('MW7OS1DGLRLVQHC', '1', 'B4DW7OECLYAOJ8U', 'details'),
('2VZ7PBGW515V2CG', '1', 'N7OEXT7SDG67Y2G', 'details'),
('758UVGJYFM5XK2J', '1', '1IVT9UCP85WOZNF', 'details'),
('KLELN4BLK67AFFQ', '1', 'U361I5NXQF4VVFP', 'details'),
('KZBYKFUF5SZRTU7', '1', 'FM5PYLIGRKY3AOM', 'details'),
('WC93OEUMK5OMRFS', '1', '9GXRUHT7P88AHDC', 'details'),
('1W5XYN5NUDNQ5VX', '1', 'N7OSMMO3HHU3KQA', 'details'),
('PXE9RW8S1O15D7C', '1', '6YY1VECOPSSRJGV', 'details'),
('HMHE9YB3CF36XVS', '1', '9A3VO9GYD4PDWL6', 'details'),
('ZDEVQL6TC52N769', '1', '4HRYG9BZDP7PQRZ', 'details'),
('SIPWAEU12BQYHOI', '1', 'APV2XJQOQTF4YNX', 'details'),
('4Q7EKW6QMP7P4HR', '1', 'A5HYQ1L7ONJC765', 'details'),
('BVW9IKJ6I2KGCVO', '1', '3ENKG98C1A1N7Y5', 'details'),
('VEPS72L6O5EUQPC', '1', 'QK2MOIDVRE3KV8Q', 'details'),
('FU1G1IGSSJJA3GD', '1', 'JSFRT4X4SVO2HSL', 'details'),
('CPWKD3E546NPXDM', '1', '6C521TXR8E951P2', 'details'),
('GTJ2MIE2DV3XN6G', '1', 'KZBDA7BQ9UMMHH1', 'details'),
('LCHINDY1VNW5Q6L', '1', '4UMYFRDK8PB9BO1', 'afaa'),
('KQDDG6YENG7LKO9', '1', '12PNCFZZPY3K1NL', 'afaa'),
('RQJV28HZ2VOVR7T', '1', 'EARLHNZ251UTRYC', 'afaa'),
('2TS4EUJL14G21TC', '1', 'FZLFTDR8OZUXSGH', 'afaa'),
('VAC312NTUASO4YF', '1', 'HZY36QJT9UXZGNN', 'afaa'),
('THPQYY1NUTOCZT2', '1', '5JHRVH6QROBAC66', 'afaa'),
('4PZ7UOAAV2NS2SM', '1', 'EMAY4DPPM5WYQBC', 'afaa'),
('3V77T4CZ6SZJAD7', '1', 'HSDFKTQKRPF5A2C', 'afaa'),
('1G1IGSSJJA3GD7Q', '1', 'FRT4X4SVO2HSL8N', 'afaa'),
('QR3ND2ZY75U53Y8', '1', 'RSD19U1QYRUTKY7', 'afaa'),
('Y9M23BE7BNW1AXH', '1', 'S4WE9YIOSFGXVKZ', 'afaa'),
('358CW1EYJ7QVNXQ', '1', 'H553Q1454RI8MK8', 'afaa'),
('VVGXM75G1NOFF8B', '1', 'TBKDPWY2VTG779L', 'afaa'),
('OXE2MLQVPK3GK6T', '1', '6RRYVDS964CE999', 'deta'),
('6F84POVVJO6BCRM', '1', '5BMWIFGXGT8I4WS', 'test'),
('IG3QUWETT1FZ1B9', '1', 'L28AZW2SRQF14CB', 'sadfas'),
('UUR7OPAVCDGYT25', '1', 'MWLRAB6TQG5CZY7', 'sadfas teet'),
('VGVIY8QFTM47ULW', '1', 'QVQ6EO3TSTSEJ78', 'sadfas teet'),
('HOPA925YAY4RFH5', '1', 'UADWWQ5YH6VZBYY', 'sadfas teet'),
('I8VAV1F7LRAPTM8', '1', 'ELUPRLYY4ZN8ECI', 'sadfas teet'),
('5CKKO2RXXW72WIN', '1', '4WLVFI3KC65M8DX', 'sadfas teet'),
('GACT7Z6HNL6R3IE', '1', 'L4KL83LVWYD7VLS', 'Order details'),
('K46IQUSFRAUPL4X', '1', 'CNTSOHHLAJATG8E', 'asd'),
('YZ1IM6M4WO88TSL', '1', 'JTRRD5FI2Y2XMYC', 'asd'),
('8UMGD6JJ46PCASU', '1', 'YAKSPPOCIFRO4SB', ''),
('S5FCO4HK9UJWYDS', '1', 'BQRDD1Y3DUTD652', 'sf'),
('OR8HS3OWYM64YW3', '1', '3ERED4EUCZK32A4', 'sf'),
('TJD1GJMGERURNTN', '1', 'HH8SC8KQYOOOOAK', 'sf'),
('IALBVPACSM3HAPR', '1', 'C6G8SXJS9MKN1RO', 'sf'),
('Y8VRP1U7CJXWPQR', '1', 'Y99DBU43AZZFN4G', ''),
('ZO9RBC9BHFA2QVB', '1', 'N13N6CD9R4U822S', 'test'),
('TGUHH48XFVCOSX1', '1', 'P6EAD4ALPCTBMIW', 'test'),
('LXHD6X9TO1GBGP5', '1', 'WNSRFOC79WT1L4C', 'test'),
('S26D9AOJNJM6FIG', '1', '1HCCJGV4TRHNHIF', 'test'),
('DDXN9Z5VV85NQQA', '1', 'DZ9X7GZZW3E2YXP', 'test'),
('8KQYOOOOAKSBZTV', '1', '9YBONMLVUU5B6Y3', 'test'),
('1P5LLB18AL7ABGN', '1', '1N48MHLYK1IDFY7', ''),
('HOUVMVTCKVUFGJM', '1', 'FP3CFAQET6ZOD44', ''),
('BK67TPM8OHTIMHL', '1', 'OBZEWS6Q6RSK5LB', ''),
('FW6V1JKF5YPDL97', '1', 'X12UODNMECSKQOX', ''),
('R1EAHG4XEDE9MY5', '1', 'GA88VKZE4SBI2VU', ''),
('6UWAWRG7ANFTRHZ', '1', 'GIXXING49RBJVRH', ''),
('ADEV5AXDN93A3RX', '1', 'E6ICIQPYHT4CETK', ''),
('Q389LP6SZ6LLOQZ', '1', 'F6O99RNTUW3WLOB', ''),
('8YF5TQA11I2TFL8', '1', '6XRFEEXWS3LXT3X', ''),
('3PZNZLA2FT28O4E', '1', 'K9GGFPKE15RIFRW', ''),
('XKQKK7ETVF4RIND', '1', 'EKWKGG8IU64MXUV', ''),
('4PE47NLRON9LJ92', '1', 'SZGC9LUEFMUD1GX', ''),
('UGC6VBA8C8EC44A', '1', 'M9ORFL4KL83LVWY', ''),
('I4IHIBFOMQUHHIW', '1', 'AJH37GACT7Z6HNL', ''),
('8865JZPAM5N83E9', '1', 'PW6GPGULC245W62', ''),
('JYN9LXYUGJRBBMZ', '1', 'GYYFXTLH5XHA1PC', ''),
('ET6DD5LFSZYTYYB', '1', '9XL6RH86GPVJEUC', ''),
('SVRA4G9114C4WB4', '1', 'A4Z1CVNB87GE3EC', ''),
('VAGXXXSD41C6YAD', '1', 'VO645ZEPTXKQDZQ', ''),
('Q17TNTPJAKWMS9K', '1', 'Y8VRP1U7CJXWPQR', ''),
('83H7KJ74CSY1QMU', '1', '1V5GV4M61L3QIX5', 'sadfasfas'),
('UZ56ESP882TWC2H', '1', '766KHVS4LFZLFTD', ''),
('QOU2MZM8MTKA5RP', '1', 'K4RSYCHBQMW4WAW', 'sadfsa'),
('NHB8W4FXS8OR8HS', '1', '4EUCZK32A464MCJ', 'sadfsa'),
('GBN865RL6A1XJXA', '1', 'MSMAZBY6P2XVOY4', 'sadfsa'),
('NEHKKZEP3J1QRRM', '1', '4K1FZNNHURNHWJ5', 'sadfsa'),
('5WDG3U6PQLTJD1G', '1', '8KQYOOOOAKSBZTV', 'sadfsa'),
('I12WNH7T4QPXAAM', '1', '6T56WVB286FI93D', 'sadfsa'),
('ETHQCA7ICPU1GE7', '1', 'NXX1KT98MRXXPLN', 'sadfsa'),
('Q2PB6K6WJQIMKX6', '1', '8A3MKXY22ZRO4KP', 'sadfsa'),
('K536XH3F9CSAEPS', '1', 'NI16H1AXAENGLBC', 'sadfsa'),
('VDECS61WGPMJ82H', '1', 'EM262WBJXIZXAA2', 'sadfsa'),
('IJB4XIP7NDYN5VF', '1', '45S8YM23WPFUCSY', 'sadfsa'),
('QWQMI7JCLMCE641', '1', 'UN5XRMZVXALZB6O', 'sadfsa'),
('UF2UT6O4SII7MOE', '1', 'A9CTN73IF6Z7I5P', 'sadfsa'),
('EG6D3EXIPLB5GX9', '1', 'XAWKVQA8NY297JX', ''),
('FMXNM4L5MMAA98J', '1', 'L6KRLG1PUMCXXFV', ''),
('FNNZ6WJY43LCYK7', '1', 'IUGVBVW9IKJ6I2K', ''),
('MNGELPG5YA7P8FV', '1', 'LCYCNRYQLA5YSQF', '');

-- --------------------------------------------------------

--
-- Table structure for table `order_tax_col_details`
--

CREATE TABLE `order_tax_col_details` (
  `order_tax_col_de_id` varchar(100) NOT NULL,
  `order_id` varchar(100) NOT NULL,
  `product_id` varchar(100) NOT NULL,
  `variant_id` varchar(100) DEFAULT NULL,
  `tax_id` varchar(100) NOT NULL,
  `amount` float NOT NULL,
  `date` varchar(100) NOT NULL
) ENGINE=InnoDB DEFAULT CHARSET=utf8;

--
-- Dumping data for table `order_tax_col_details`
--

INSERT INTO `order_tax_col_details` (`order_tax_col_de_id`, `order_id`, `product_id`, `variant_id`, `tax_id`, `amount`, `date`) VALUES
('7GZELVWD2YDWWCF', '9HRMIZYTKAJHHW8', 'ALLZ3YXI', 'C2YDWB5SBR58GW5', 'H5MQN4NXJBSDX4L', 0.66, '05-14-2018'),
('957LRTZ46WM7QQ9', '82AN4JSCF3R83AT', 'ALLZ3YXI', 'C2YDWB5SBR58GW5', 'H5MQN4NXJBSDX4L', 0.66, '05-14-2018'),
('JNJ2V7ZRSV3VO2V', 'V5RSD19U1QYRUTK', 'ALLZ3YXI', 'C2YDWB5SBR58GW5', 'H5MQN4NXJBSDX4L', 0.66, '05-14-2018'),
('LGWVWR6GNPBH4QH', 'U9RZDZXDMVEILGU', 'ALLZ3YXI', 'C2YDWB5SBR58GW5', 'H5MQN4NXJBSDX4L', 0.66, '05-14-2018'),
('QMB8EKPKBMCFSF9', 'KBOJZ8FMQNIBP2N', 'ALLZ3YXI', 'C2YDWB5SBR58GW5', 'H5MQN4NXJBSDX4L', 0.66, '05-14-2018');

-- --------------------------------------------------------

--
-- Table structure for table `order_tax_col_summary`
--

CREATE TABLE `order_tax_col_summary` (
  `order_tax_col_id` varchar(100) NOT NULL,
  `order_id` varchar(100) NOT NULL,
  `tax_id` varchar(100) NOT NULL,
  `tax_amount` float NOT NULL,
  `date` varchar(100) NOT NULL
) ENGINE=InnoDB DEFAULT CHARSET=utf8;

--
-- Dumping data for table `order_tax_col_summary`
--

INSERT INTO `order_tax_col_summary` (`order_tax_col_id`, `order_id`, `tax_id`, `tax_amount`, `date`) VALUES
('4XHIN6DKV8581YR', 'V5RSD19U1QYRUTK', 'H5MQN4NXJBSDX4L', 0.66, '05-14-2018'),
('9QI2T1WGBXRQQD3', 'U9RZDZXDMVEILGU', 'H5MQN4NXJBSDX4L', 0.66, '05-14-2018'),
('GI9H372LKDWW5VQ', 'KBOJZ8FMQNIBP2N', 'H5MQN4NXJBSDX4L', 0.66, '05-14-2018'),
('XHZ3GZ39TRRYGM1', '9HRMIZYTKAJHHW8', 'H5MQN4NXJBSDX4L', 0.66, '05-14-2018'),
('ZWY29L8PIDM6X26', '82AN4JSCF3R83AT', 'H5MQN4NXJBSDX4L', 0.66, '05-14-2018');

-- --------------------------------------------------------

--
-- Table structure for table `order_tracking`
--

CREATE TABLE `order_tracking` (
  `id` int(11) NOT NULL,
  `order_id` varchar(255) NOT NULL,
  `user_id` varchar(100) DEFAULT NULL,
  `customer_id` varchar(100) DEFAULT NULL,
  `date` varchar(100) NOT NULL,
  `message` text NOT NULL,
  `order_status` int(11) DEFAULT '1' COMMENT '1=pending,2=processing,3=shipping,4=delivered,5=returned,6=cancelled',
  `status` int(11) NOT NULL DEFAULT '0' COMMENT '0=unseen,1=seen',
  `customer_status` int(11) NOT NULL DEFAULT '0' COMMENT '0=unseen,1=seen'
) ENGINE=InnoDB DEFAULT CHARSET=utf8;

--
-- Dumping data for table `order_tracking`
--

INSERT INTO `order_tracking` (`id`, `order_id`, `user_id`, `customer_id`, `date`, `message`, `order_status`, `status`, `customer_status`) VALUES
(1, '3FVM1R3LRRRGI9T', '1', NULL, '2018-08-02 11:48 am', '', 2, 1, 0),
(2, '3FVM1R3LRRRGI9T', '1', NULL, '2018-08-02 11:49 am', 'dfasdfsa', 7, 1, 0),
(3, '3FVM1R3LRRRGI9T', '1', NULL, '2018-08-02 11:57 am', '', 7, 1, 0),
(4, '3FVM1R3LRRRGI9T', '1', NULL, '2018-08-02 12:01 pm', 'sadfasfa', 7, 1, 0),
(5, '3FVM1R3LRRRGI9T', '1', NULL, '2018-08-02 12:06 pm', '', 4, 0, 0),
(6, 'MYF53CP1FBYLNFT', '1', NULL, '2018-08-05 10:14 am', '', 1, 0, 0),
(7, 'MYF53CP1FBYLNFT', '1', NULL, '2018-08-05 10:15 am', '', 2, 0, 0),
(8, 'MYF53CP1FBYLNFT', '1', NULL, '2018-08-05 10:15 am', '', 4, 0, 0),
(9, 'I6QK3VAXE8KBRRM', '1', NULL, '2018-08-05 01:05 pm', '', 1, 0, 0),
(10, 'I6QK3VAXE8KBRRM', '1', NULL, '2018-08-05 01:05 pm', '', 2, 0, 0),
(11, 'I6QK3VAXE8KBRRM', '1', NULL, '2018-08-05 01:06 pm', '', 5, 0, 0),
(12, 'I6QK3VAXE8KBRRM', '1', NULL, '2018-08-05 01:07 pm', '', 3, 0, 0),
(13, 'I6QK3VAXE8KBRRM', '1', NULL, '2018-08-05 01:59 pm', '', 5, 0, 0),
(14, 'I6QK3VAXE8KBRRM', '1', NULL, '2018-08-05 02:00 pm', '', 5, 0, 0),
(15, 'I6QK3VAXE8KBRRM', '1', NULL, '2018-08-05 02:05 pm', '', 5, 0, 0),
(16, 'L2UYX79ZU47B173', '1', NULL, '2018-08-05 02:44 pm', '', 1, 0, 0),
(17, 'L2UYX79ZU47B173', '1', NULL, '2018-08-05 02:44 pm', '', 2, 0, 0),
(18, 'L2UYX79ZU47B173', '1', NULL, '2018-08-05 02:47 pm', '', 7, 0, 0),
(19, 'XFYBSE6P25F5YIR', '1', NULL, '2018-08-05 03:35 pm', '', 1, 0, 0),
(20, 'XFYBSE6P25F5YIR', '1', NULL, '2018-08-05 03:36 pm', '', 2, 0, 0),
(21, 'XFYBSE6P25F5YIR', '1', NULL, '2018-08-05 03:36 pm', '', 3, 0, 0),
(22, 'XFYBSE6P25F5YIR', '1', NULL, '2018-08-05 03:36 pm', '', 7, 0, 0),
(23, 'AIO7JX8MZ5OXI3P', '1', NULL, '2018-08-05 03:37 pm', '', 1, 0, 0),
(24, 'AIO7JX8MZ5OXI3P', '1', NULL, '2018-08-05 03:38 pm', '', 2, 0, 0),
(25, 'AIO7JX8MZ5OXI3P', '1', NULL, '2018-08-05 03:38 pm', '', 3, 0, 0),
(26, 'AIO7JX8MZ5OXI3P', '1', NULL, '2018-08-05 03:38 pm', '', 5, 0, 0),
(27, 'AIO7JX8MZ5OXI3P', '1', NULL, '2018-08-05 03:46 pm', '', 5, 0, 0),
(28, 'AIO7JX8MZ5OXI3P', '1', NULL, '2018-08-05 03:46 pm', '', 5, 0, 0),
(29, 'AIO7JX8MZ5OXI3P', '1', NULL, '2018-08-05 03:47 pm', '', 5, 0, 0),
(30, 'AIO7JX8MZ5OXI3P', '1', NULL, '2018-08-05 03:48 pm', '', 5, 0, 0);

-- --------------------------------------------------------

--
-- Table structure for table `our_location`
--

CREATE TABLE `our_location` (
  `location_id` int(11) NOT NULL,
  `language_id` varchar(255) NOT NULL,
  `headline` text NOT NULL,
  `details` text NOT NULL,
  `position` int(11) NOT NULL,
  `status` int(11) NOT NULL
) ENGINE=InnoDB DEFAULT CHARSET=utf8;

-- --------------------------------------------------------

--
-- Table structure for table `payeer_payments`
--

CREATE TABLE `payeer_payments` (
  `id` int(11) NOT NULL,
  `m_operation_id` int(11) NOT NULL,
  `m_operation_ps` int(11) NOT NULL,
  `m_operation_date` varchar(100) NOT NULL,
  `m_operation_pay_date` varchar(100) NOT NULL,
  `m_shop` int(11) NOT NULL,
  `m_orderid` varchar(300) NOT NULL,
  `m_amount` varchar(100) NOT NULL,
  `m_curr` varchar(100) NOT NULL,
  `m_desc` varchar(300) NOT NULL,
  `m_status` varchar(100) NOT NULL,
  `m_sign` text NOT NULL,
  `lang` varchar(10) NOT NULL
) ENGINE=InnoDB DEFAULT CHARSET=latin1;

-- --------------------------------------------------------

--
-- Table structure for table `payment`
--

CREATE TABLE `payment` (
  `id` int(11) NOT NULL,
  `transaction_id` varchar(200) NOT NULL,
  `date` varchar(100) NOT NULL,
  `seller_id` varchar(200) NOT NULL,
  `amount` float NOT NULL,
  `description` text,
  `status` int(2) NOT NULL DEFAULT '1'
) ENGINE=InnoDB DEFAULT CHARSET=utf8;

--
-- Dumping data for table `payment`
--

INSERT INTO `payment` (`id`, `transaction_id`, `date`, `seller_id`, `amount`, `description`, `status`) VALUES
(1, 'NHF3VYLF4Y', '2018-07-31', 'XDFT8PPDSY', 1200, 'sadfsa', 1),
(2, 'ONQXM6J5S4', '2018-07-31', 'XDFT8PPDSY', 1500, 'sadfsa', 1),
(3, 'V1W97NAUF9', '2018-07-31', 'U3HEGA81', 5000, 'Paid', 1),
(4, '5S4LUPDW7H', '2018-07-31', '32MSXNYGKA', 1000, 'adf', 1),
(6, '3RQNZ957LR', '2018-07-31', 'U3HEGA81', 200, 'sdfs', 1);

-- --------------------------------------------------------

--
-- Table structure for table `payment_gateway`
--

CREATE TABLE `payment_gateway` (
  `id` int(11) NOT NULL,
  `agent` varchar(100) NOT NULL,
  `public_key` varchar(100) NOT NULL,
  `private_key` varchar(100) NOT NULL,
  `shop_id` varchar(100) NOT NULL,
  `secret_key` varchar(100) NOT NULL,
  `paypal_email` varchar(250) DEFAULT NULL,
  `currency` text,
  `status` int(2) NOT NULL
) ENGINE=InnoDB DEFAULT CHARSET=utf8;

--
-- Dumping data for table `payment_gateway`
--

INSERT INTO `payment_gateway` (`id`, `agent`, `public_key`, `private_key`, `shop_id`, `secret_key`, `paypal_email`, `currency`, `status`) VALUES
(1, 'Bitcoin', '22592AAtNOwwBitcoin77BTCPUBzo4PVkUmYCa2dR770wNNstd', '22592AAtNOwwBitcoin77BTCPRVk7hmp8s3ew6pwgOMgxMq81F', '', '', NULL, NULL, 1),
(2, 'Payeer', '', '', '514435930', 'JH8LZUHCNrtHhlRW', NULL, NULL, 1),
(3, 'Paypal', '', '', '', '', 'jahangirmahi1@gmail.com', 'USD', 1);

-- --------------------------------------------------------

--
-- Table structure for table `payment_method`
--

CREATE TABLE `payment_method` (
  `method_id` int(11) NOT NULL,
  `method_name` varchar(255) NOT NULL,
  `details` text NOT NULL,
  `position` int(11) NOT NULL,
  `status` int(11) NOT NULL DEFAULT '1'
) ENGINE=InnoDB DEFAULT CHARSET=utf8;

--
-- Dumping data for table `payment_method`
--

INSERT INTO `payment_method` (`method_id`, `method_name`, `details`, `position`, `status`) VALUES
(1, 'bkash', 'bkash payment gateway', 4, 1),
(3, 'Paypal', 'Paypal method', 2, 1),
(4, 'Bitcoin', 'bitcoin payment', 3, 1),
(5, 'Cash On Delivery', 'Cash on delivery', 1, 1);

-- --------------------------------------------------------

--
-- Table structure for table `pre_order`
--

CREATE TABLE `pre_order` (
  `id` int(11) NOT NULL,
  `order_id` varchar(255) NOT NULL,
  `shipping_id` int(11) NOT NULL,
  `customer_id` varchar(100) NOT NULL,
  `date` varchar(100) NOT NULL,
  `total_amount` float NOT NULL COMMENT 'total_cost+shipping+total_tax-coupon_amnt-total_discount',
  `details` text,
  `total_discount` float DEFAULT NULL,
  `order_discount` float DEFAULT '0' COMMENT 'order_dis',
  `paid_amount` float NOT NULL,
  `affiliate_id` varchar(255) DEFAULT NULL,
  `number_product` int(11) DEFAULT NULL,
  `service_charge` float DEFAULT NULL,
  `file_path` text,
  `status` int(11) NOT NULL DEFAULT '1'
) ENGINE=InnoDB DEFAULT CHARSET=utf8;

--
-- Dumping data for table `pre_order`
--

INSERT INTO `pre_order` (`id`, `order_id`, `shipping_id`, `customer_id`, `date`, `total_amount`, `details`, `total_discount`, `order_discount`, `paid_amount`, `affiliate_id`, `number_product`, `service_charge`, `file_path`, `status`) VALUES
(1, 'K4RSYCHBQMW4WAW', 1, '23E6PGV8NALUS5F', '2018-07-26', 5050, 'sadfsa', 1000, 0, 0, NULL, 5, 50, NULL, 2),
(2, '6T56WVB286FI93D', 1, '23E6PGV8NALUS5F', '2018-07-26', 17550, 'sadfsa', 3500, 0, 0, NULL, 10, 50, NULL, 2),
(7, 'A9CTN73IF6Z7I5P', 0, '23E6PGV8NALUS5F', '2018-07-26', 3450, 'sadfsa', 700, 100, 0, NULL, NULL, 50, NULL, 1),
(8, 'L6KRLG1PUMCXXFV', 1, 'FJHKMQWVAVNQF4G', '2018-07-29', 9129, '', 1500, 0, 0, NULL, 5, 50, NULL, 1);

-- --------------------------------------------------------

--
-- Table structure for table `product_category`
--

CREATE TABLE `product_category` (
  `category_id` varchar(255) NOT NULL,
  `parent_category_id` varchar(255) DEFAULT NULL,
  `category_name` varchar(255) DEFAULT NULL,
  `top_menu` int(11) NOT NULL,
  `menu_pos` int(11) NOT NULL,
  `featured` int(11) NOT NULL DEFAULT '0',
  `details` text,
  `cat_image` text,
  `cat_favicon` text,
  `cat_type` int(11) DEFAULT NULL COMMENT '1=parent,2=sub caregory',
  `status` int(11) NOT NULL
) ENGINE=InnoDB DEFAULT CHARSET=utf8;

--
-- Dumping data for table `product_category`
--

INSERT INTO `product_category` (`category_id`, `parent_category_id`, `category_name`, `top_menu`, `menu_pos`, `featured`, `details`, `cat_image`, `cat_favicon`, `cat_type`, `status`) VALUES
('1R6KVCY6W59CLA8', '623M7DW122WIOIN', 'Heel', 1, 33, 1, '20% off', 'http://localhost/seller_erp/my-assets/image/category/47541cfa914797e3c78264f353846a4e.jpg', 'http://localhost/seller_erp/my-assets/image/category/1de1a265b1fac3a3e22e98d4641a63f5.png', 2, 1),
('1SLTY1Y3HT6DT7Z', 'VRL2QSFT1MESG8M', '4k Tvs', 0, 1, 1, '10% off', 'http://localhost/seller_erp/my-assets/image/categoryb8dff7ebf102d85a823ba7427d6b101b.png', 'http://localhost/seller_erp/my-assets/image/category.png', 2, 1),
('26JRBXY8RNH45LN', ' ', 'aaa', 1, 568, 0, '', 'http://localhost/seller_erp/my-assets/image/category/38ce786d9ad47dd6ad15ff0f0dd38bbd.jpg', 'http://localhost/seller_erp/my-assets/image/category.png', 2, 1),
('2BWYSR8D7XL4ORD', '', 'COMPUTING & GAMING', 0, 7, 0, NULL, 'http://localhost/seller_erp/my-assets/image/category.png', 'http://localhost/seller_erp/my-assets/image/category/30fb2bbc90b0a4f4cd6e5c456e78ad03.png', 1, 1),
('2HJ9TFD73LSKWV4', 'IB54ZL4TANNOGJ4', 'Saree', 0, 3, 1, '', 'http://localhost/seller_erp/my-assets/image/category/8c3736963bcfdccf5c1ecac1a06987b4.jpg', 'http://localhost/seller_erp/my-assets/image/category/56a2e8674c7359e9f83fae5ee4660b48.png', 2, 1),
('2W32U78S1PWV37L', 'IB54ZL4TANNOGJ4', 'Formal Shoes', 0, 3, 1, '', 'http://localhost/seller_erp/my-assets/image/category/059e8446eb536827305de5c1e95d6481.png', 'http://localhost/seller_erp/my-assets/image/category.png', 2, 1),
('3Y31WJ2ABZ77HR1', '6SRMHUDLRYSWG92', 'Jackets', 0, 2, 0, NULL, 'http://localhost/seller_erp/my-assets/image/category.png', 'http://localhost/seller_erp/my-assets/image/category.png', 2, 1),
('5DBZNW9LKD3HII7', 'RMRDFTTWR5CNBKR', 'Speaker System', 0, 2, 0, NULL, 'http://localhost/seller_erp/my-assets/image/category.png', 'http://localhost/seller_erp/my-assets/image/category.png', 2, 1),
('5E43MH7GWVO6PG8', '', 'aaaaa', 1, 2, 0, '', 'http://localhost/seller_erp/my-assets/image/category.png', 'http://localhost/seller_erp/my-assets/image/category.png', 1, 1),
('5NO7WSF6WE3I5CD', '', 'TVS, AUDIO & CAMERAS', 0, 6, 0, NULL, 'http://localhost/seller_erp/my-assets/image/category.png', 'http://localhost/seller_erp/my-assets/image/category/abe2a749aec3d6704db6f761705c6d44.png', 1, 1),
('623M7DW122WIOIN', 'IB54ZL4TANNOGJ4', 'Traditional Wear', 0, 1, 1, '', 'http://localhost/seller_erp/my-assets/image/category/8bcd3857c993d8ac60efd429d2492516.jpg', 'http://localhost/seller_erp/my-assets/image/category.png', 2, 1),
('6SRMHUDLRYSWG92', 'WLR672WQDZ4X7P6', 'Tshirt', 1, 2, 1, NULL, 'http://localhost/seller_erp/my-assets/image/category.png', 'http://localhost/seller_erp/my-assets/image/category.png', 2, 1),
('78U6XLCD71LX5BL', NULL, 'NOKIA', 0, 0, 0, NULL, '', NULL, NULL, 1),
('7GEBE1XEHEES4IN', 'RMRDFTTWR5CNBKR', 'Sony', 0, 2, 0, NULL, 'http://localhost/seller_erp/my-assets/image/category.png', 'http://localhost/seller_erp/my-assets/image/category.png', 2, 0),
('AM4XWGPNAZVIDN2', 'VRL2QSFT1MESG8M', '3D Tvs', 0, 1, 0, NULL, 'http://localhost/seller_erp/my-assets/image/category.png', 'http://localhost/seller_erp/my-assets/image/category.png', 2, 1),
('BYODXZDHEM9DS58', '2HJ9TFD73LSKWV4', 'Tops', 1, 33, 1, '50% off', 'http://localhost/seller_erp/my-assets/image/category/55cf87e02aeaf43e4cdc0f59f202897b.jpg', 'http://localhost/seller_erp/my-assets/image/category/cb490f770af040bbad3ee3e1a44fa56c.png', 2, 1),
('C246NM8T9W8RPLQ', 'EF3Z6RASM2NO4PY', 'Xperia', 0, 3, 0, NULL, 'http://localhost/seller_erp/my-assets/image/category.png', 'http://localhost/seller_erp/my-assets/image/category.png', 2, 1),
('C9C8AXBBD3XZ6OS', 'EU8298FMTPE6527', 'Sports Shoes', 0, 3, 0, NULL, 'http://localhost/seller_erp/my-assets/image/category.png', 'http://localhost/seller_erp/my-assets/image/category.png', 2, 1),
('CB315BHM7N7276H', '', 'BABY, KIDS & TOYS', 0, 9, 0, NULL, 'http://localhost/seller_erp/my-assets/image/category.png', 'http://localhost/seller_erp/my-assets/image/category/0171a34ceeb18addb5dbf06cfe1e0b3d.png', 1, 1),
('DMSZDB93WOH4Z6V', 'WLR672WQDZ4X7P6', 'Winter Collection', 1, 1, 1, '20% off', 'http://localhost/seller_erp/my-assets/image/category.png', 'http://localhost/seller_erp/my-assets/image/category.png', 2, 1),
('EADHZD7MZCAEIHH', 'IB54ZL4TANNOGJ4', 'Western Clothing', 1, 33, 1, '20% off', 'http://localhost/seller_erp/my-assets/image/category/0d2c40212d88e72dd4c3358f337c7605.png', 'http://localhost/seller_erp/my-assets/image/category/b4a1ae1aa6f51d9654c1338dd7971154.png', 2, 1),
('EDB4G2FL4XBZLWX', 'WLR672WQDZ4X7P6', 'MEN''s WATCHES', 1, 6, 1, '25% off', 'http://localhost/seller_erp/my-assets/image/category/c7bc2992ff4afe80627f9fef6cc9af66.jpg', 'http://localhost/seller_erp/my-assets/image/category/f0cedf573954f97bd7bd913f6c40fd6b.png', 2, 1),
('EF3Z6RASM2NO4PY', 'XMK67BYX89D8GRQ', 'সিল্ক', 0, 3, 1, '45% off', 'http://localhost/seller_erp/my-assets/image/categoryd8402c5fe500d58d4cb1fb5757338712.png', 'http://localhost/seller_erp/my-assets/image/category.png', 2, 1),
('EU8298FMTPE6527', 'WLR672WQDZ4X7P6', 'Mans Shoes', 0, 3, 1, NULL, 'http://localhost/seller_erp/my-assets/image/category.png', 'http://localhost/seller_erp/my-assets/image/category.png', 2, 1),
('FQZTGWLF52JU2XG', 'YT3WP74OIU4XMVV', 'Lawn', 0, 3, 0, NULL, 'http://localhost/seller_erp/my-assets/image/category.png', 'http://localhost/seller_erp/my-assets/image/category.png', 2, 1),
('GQWGMHEMGFXF6K8', 'DMSZDB93WOH4Z6V', 'huddy', 1, 1, 0, NULL, 'http://localhost/seller_erp/my-assets/image/category.png', 'http://localhost/seller_erp/my-assets/image/category.png', 2, 1),
('HC4PBOESD64JWTN', 'DMSZDB93WOH4Z6V', 'bledger', 1, 1, 0, NULL, 'http://localhost/seller_erp/my-assets/image/category.png', 'http://localhost/seller_erp/my-assets/image/category.png', 2, 1),
('HD9IDIEAHY32ZZQ', '6SRMHUDLRYSWG92', 'Pants', 1, 2, 1, NULL, 'http://localhost/seller_erp/my-assets/image/category.png', 'http://localhost/seller_erp/my-assets/image/category.png', 2, 1),
('HGFWPJ5ZO8FY4O9', 'VRL2QSFT1MESG8M', 'Movies ', 1, 1, 1, '10% off', 'http://localhost/seller_erp/my-assets/image/category.png', 'http://localhost/seller_erp/my-assets/image/category.png', 2, 1),
('HWJVDJEHM18Q4EM', '', 'Home & Beauty', 1, 9, 0, NULL, 'http://localhost/seller_erp/my-assets/image/category.png', 'http://localhost/seller_erp/my-assets/image/category.png', 1, 1),
('HZNJXBWBC3TXBXC', '6SRMHUDLRYSWG92', 'Coats', 0, 2, 1, NULL, 'http://localhost/seller_erp/my-assets/image/category.png', 'http://localhost/seller_erp/my-assets/image/category.png', 2, 1),
('IB54ZL4TANNOGJ4', '', 'WOMEN''S FASHION', 1, 2, 0, '', 'http://localhost/seller_erp/my-assets/image/category/7ac7d39dff929aecb4d60e8c959532d0.jpg', 'http://localhost/seller_erp/my-assets/image/category/0204ebcd1e2d4e8fe251c0e00bfc1a03.png', 1, 1),
('IK7UP7UQY7Y9KP3', '6SRMHUDLRYSWG92', 'Jeans', 1, 2, 0, NULL, 'http://localhost/seller_erp/my-assets/image/category.png', 'http://localhost/seller_erp/my-assets/image/category.png', 2, 1),
('IYRWJVCE9OMH1ZB', 'EF3Z6RASM2NO4PY', 'LG', 0, 3, 0, NULL, 'http://localhost/seller_erp/my-assets/image/category.png', 'http://localhost/seller_erp/my-assets/image/category.png', 2, 1),
('KCGIGX5WIHIQPEA', 'VRL2QSFT1MESG8M', 'LED Tvs', 0, 1, 1, '30% off', 'http://localhost/seller_erp/my-assets/image/category6d004c4bb7af73171341dd4b8fb9eec7.jpg', 'http://localhost/seller_erp/my-assets/image/category.png', 2, 1),
('LV54WNKQDZKENK7', 'YT3WP74OIU4XMVV', 'Borkas', 0, 3, 0, NULL, 'http://localhost/seller_erp/my-assets/image/category.png', 'http://localhost/seller_erp/my-assets/image/category.png', 2, 1),
('MODLQ89A22ICY41', '', 'Beauty Shop', 1, 9, 0, NULL, 'http://localhost/seller_erp/my-assets/image/category.png', 'http://localhost/seller_erp/my-assets/image/category.png', 1, 1),
('MRD3AB9ELBYIM3U', 'EF3Z6RASM2NO4PY', 'Samsung', 0, 3, 0, NULL, 'http://localhost/seller_erp/my-assets/image/category.png', 'http://localhost/seller_erp/my-assets/image/category.png', 2, 1),
('NCP9KUID5M2KPQG', 'EF3Z6RASM2NO4PY', 'Sony', 0, 3, 0, NULL, 'http://localhost/seller_erp/my-assets/image/category.png', 'http://localhost/seller_erp/my-assets/image/category.png', 2, 1),
('O2AFBW4HANXRR2F', '', 'Mans shoes', 1, 9, 0, NULL, 'http://localhost/seller_erp/my-assets/image/category.png', 'http://localhost/seller_erp/my-assets/image/category.png', 1, 1),
('O8J5GOBNK61Q48S', 'EU8298FMTPE6527', 'Sandals & Slippers', 1, 1, 0, NULL, 'http://localhost/seller_erp/my-assets/image/category.png', 'http://localhost/seller_erp/my-assets/image/category.png', 2, 1),
('OSUOISELTRZ8ZLP', 'YT3WP74OIU4XMVV', 'Salwar Kames', 0, 3, 0, NULL, 'http://localhost/seller_erp/my-assets/image/category.png', 'http://localhost/seller_erp/my-assets/image/category.png', 2, 1),
('OU9YWL6DRFO5LUT', '623M7DW122WIOIN', 'test', 0, 123, 1, 'sdfsf', 'http://localhost/seller_erp/my-assets/image/category/dd6ae8a494808f474c1790603badeabc.jpg', 'http://localhost/seller_erp/my-assets/image/category.png', 2, 1),
('Q5M3BSYMRWBYIKQ', 'EU8298FMTPE6527', 'Causal Shoes', 0, 3, 0, NULL, 'http://localhost/seller_erp/my-assets/image/category.png', 'http://localhost/seller_erp/my-assets/image/category.png', 2, 1),
('QODOAO1QJNO315Y', '', 'NEW FOOTWEAR', 1, 9, 0, NULL, 'http://localhost/seller_erp/my-assets/image/category.png', 'http://localhost/seller_erp/my-assets/image/category.png', 1, 1),
('R4F2521H8YQ354D', NULL, 'test123', 0, 0, 0, NULL, NULL, NULL, NULL, 1),
('RMRDFTTWR5CNBKR', 'XMK67BYX89D8GRQ', 'PHONES & TABLETS', 1, 4, 1, '50% off', 'http://localhost/seller_erp/my-assets/image/category/519b4ffe694f0dcca796be80b89ca362.jpg', 'http://localhost/seller_erp/my-assets/image/category/f53a195157a56c6d028ce678de17ebda.png', 2, 1),
('TJI8Z279IPPXZF9', '', 'SPORTS & TRAVEL', 0, 3, 0, '', 'http://localhost/seller_erp/my-assets/image/category/efec10bfed93e798f8492118c9650599.jpg', 'http://localhost/seller_erp/my-assets/image/category/99ae78578eee76573de80c20de52a459.png', 1, 1),
('UNXCCNL21KD7MSR', '', 'test', 0, 34534, 0, '', 'http://localhost/seller_erp/my-assets/image/categorya5043792b2f86f3dca35cae598bb5603.png', 'http://localhost/seller_erp/my-assets/image/category/57553f61ad84843be2246d42204b3b23.png', 1, 1),
('VNRJ9FJLO7Z5MCO', 'RMRDFTTWR5CNBKR', 'Man', 0, 3, 0, NULL, 'http://localhost/seller_erp/my-assets/image/category.png', 'http://localhost/seller_erp/my-assets/image/category.png', 2, 1),
('VRL2QSFT1MESG8M', 'XMK67BYX89D8GRQ', 'Television', 1, 1, 1, '5% off', 'http://localhost/seller_erp/my-assets/image/category/47bd5c485cd1fcd3179ab088e0142e2f.jpg', 'http://localhost/seller_erp/my-assets/image/category.png', 2, 1),
('VS3VPEBVG2FP3K8', 'VRL2QSFT1MESG8M', 'Smarts Tvs', 0, 1, 0, NULL, 'http://localhost/seller_erp/my-assets/image/category.png', 'http://localhost/seller_erp/my-assets/image/category.png', 2, 1),
('W26OJBDEBRQPDV1', '', ' Home and Garden', 1, 2, 0, NULL, 'http://localhost/seller_erp/my-assets/image/category.png', 'http://localhost/seller_erp/my-assets/image/category/a5db442c724d020d311c48a0f6d38f59.png', 1, 1),
('W62X5S5S5XI7H77', 'RMRDFTTWR5CNBKR', 'Samsung', 0, 2, 0, NULL, 'http://localhost/seller_erp/my-assets/image/category.png', 'http://localhost/seller_erp/my-assets/image/category.png', 2, 1),
('WA8PPKEEVJZQTXD', 'WLR672WQDZ4X7P6', 'Test cate', 0, 12, 1, '50% off', 'http://localhost/seller_erp/my-assets/image/category/4e8f97f1cfb50a57e018ac8ed6701ce8.png', 'http://localhost/seller_erp/my-assets/image/category/9c70dc987644392815e16dd745718377.jpg', 2, 1),
('WBZP4HIT4EB1572', 'EF3Z6RASM2NO4PY', 'Philips', 0, 3, 0, NULL, 'http://localhost/seller_erp/my-assets/image/category.png', 'http://localhost/seller_erp/my-assets/image/category.png', 2, 1),
('WLR672WQDZ4X7P6', '', 'MEN''S FASHION', 0, 2, 0, '', 'http://localhost/seller_erp/my-assets/image/category/bad4b5965bb5bdb0dfeb108be59b0032.jpg', 'http://localhost/seller_erp/my-assets/image/category/bab3391d02efff04b28acb9bdedc03a7.png', 1, 1),
('XMK67BYX89D8GRQ', '', 'ELECTRONICS', 0, 3, 1, NULL, 'http://localhost/seller_erp/my-assets/image/category.png', 'http://localhost/seller_erp/my-assets/image/category/70ccd5d5e842a2695b4d36cd43444127.png', 1, 1),
('XNV4RWJQB24XSVK', '623M7DW122WIOIN', 'Lahenga', 1, 4, 1, '22% off', 'http://localhost/seller_erp/my-assets/image/category/d4709807c2aed9799a1bf32b90d0bd31.jpg', 'http://localhost/seller_erp/my-assets/image/category/8761f6f3f5b511b065e5df1d6c31a584.png', 2, 1),
('Y7XDIYIJHHC6NG5', 'RMRDFTTWR5CNBKR', 'Sound Phone', 0, 2, 0, NULL, 'http://localhost/seller_erp/my-assets/image/category.png', 'http://localhost/seller_erp/my-assets/image/category.png', 2, 1),
('YIDV64V25CR6535', '', 'teaafa', 0, 23523, 0, '', NULL, 'http://localhost/seller_erp/my-assets/image/category.png', 1, 1),
('YT3WP74OIU4XMVV', 'IB54ZL4TANNOGJ4', 'Winter Cloth', 0, 3, 1, '', 'http://localhost/seller_erp/my-assets/image/category.png', 'http://localhost/seller_erp/my-assets/image/category.png', 2, 1),
('ZKAYE257L8J7TP9', '', 'BEAUTY & HEALTH', 0, 8, 0, NULL, 'http://localhost/seller_erp/my-assets/image/category.png', 'http://localhost/seller_erp/my-assets/image/category/251f06f3f10e91aa38187f2ae74e92a6.png', 1, 1);

-- --------------------------------------------------------

--
-- Table structure for table `product_description`
--

CREATE TABLE `product_description` (
  `product_description_id` int(255) NOT NULL,
  `product_id` varchar(255) NOT NULL,
  `lang_id` varchar(255) NOT NULL,
  `description` text NOT NULL,
  `description_type` int(11) NOT NULL,
  `status` int(11) NOT NULL DEFAULT '0'
) ENGINE=InnoDB DEFAULT CHARSET=utf8;

--
-- Dumping data for table `product_description`
--

INSERT INTO `product_description` (`product_description_id`, `product_id`, `lang_id`, `description`, `description_type`, `status`) VALUES
(5, '63277496', 'english', '<p>Led </p>', 1, 0),
(6, '63277496', 'bangla', '', 1, 0),
(7, '63277496', 'english', '<p>Led Tv</p>', 2, 1),
(8, '63277496', 'bangla', '', 2, 1),
(9, '58817923', 'english', '<p>Jacket</p>', 1, 0),
(10, '58817923', 'bangla', '', 1, 0),
(11, '58817923', 'english', '<p>Jacket</p>', 2, 1),
(12, '58817923', 'bangla', '', 2, 1),
(13, '99623484', 'english', '<p>Pc</p>', 1, 0),
(14, '99623484', 'bangla', '', 1, 0),
(15, '99623484', 'english', '<p>Pc</p>', 2, 1),
(16, '99623484', 'bangla', '', 2, 1),
(17, '88738431', 'english', '<p>asdfsa</p>', 1, 0),
(18, '88738431', 'bangla', '', 1, 0),
(19, '88738431', 'english', '<p>sadfasfd</p>', 2, 1),
(20, '88738431', 'bangla', '', 2, 1),
(21, '82462296', 'english', '<p>sdafsa</p>', 1, 0),
(22, '82462296', 'bangla', '', 1, 0),
(23, '82462296', 'english', '<p>sdafsa</p>', 2, 1),
(24, '82462296', 'bangla', '', 2, 1),
(25, '42788115', 'english', '<p>blender is a good electronic product</p>', 1, 0),
(26, '42788115', 'bangla', '<p>ব্লেন্ডার একটি ভাল ইলেকট্রনিক পণ্য<br></p>', 1, 0),
(27, '42788115', 'english', '<p>blender is a good electronic product</p>', 2, 1),
(28, '42788115', 'bangla', '<p>ব্লেন্ডার একটি ভাল ইলেকট্রনিক পণ্য<br></p>', 2, 1),
(37, '81817696', 'english', '<p>Best Monitor</p>', 1, 0),
(38, '81817696', 'bangla', '', 1, 0),
(39, '81817696', 'english', '<p>3D Monitor</p>', 2, 1),
(40, '81817696', 'bangla', '', 2, 1),
(41, '39694127', 'english', '<p>LED TV</p>', 1, 0),
(42, '39694127', 'bangla', '', 1, 0),
(43, '39694127', 'english', '<p>LED Tv</p>', 2, 1),
(44, '39694127', 'bangla', '', 2, 1),
(45, '34739648', 'english', '<p><strong xss=removed>Lorem Ipsum</strong><span xss=removed> is simply dummy text of the printing and typesetting industry. Lorem Ipsum has been the industry''s standard dummy text ever since the 1500s, when an unknown printer took a galley of type and scrambled it to make a type specimen book. It has survived not only five centuries, but also the leap into electronic typesetting, remaining essentially unchanged. It was popularised in the 1960s with the release of Letraset sheets containing Lorem Ipsum passages, and more recently with desktop publishing software like Aldus PageMaker including versions of Lorem Ipsum.</span></p><p><span xss=removed><br></span></p><p><strong xss=removed>Lorem Ipsum</strong><span xss=removed> is simply dummy text of the printing and typesetting industry. Lorem Ipsum has been the industry''s standard dummy text ever since the 1500s, when an unknown printer took a galley of type and scrambled it to make a type specimen book. It has survived not only five centuries, but also the leap into electronic typesetting, remaining essentially unchanged. It was popularised in the 1960s with the release of Letraset sheets containing Lorem Ipsum passages, and more recently with desktop publishing software like Aldus PageMaker including versions of Lorem Ipsum.</span></p><p><span xss=removed><br></span></p><p><strong xss=removed>Lorem Ipsum</strong><span xss=removed> is simply dummy text of the printing and typesetting industry. Lorem Ipsum has been the industry''s standard dummy text ever since the 1500s, when an unknown printer took a galley of type and scrambled it to make a type specimen book. It has survived not only five centuries, but also the leap into electronic typesetting, remaining essentially unchanged. It was popularised in the 1960s with the release of Letraset sheets containing Lorem Ipsum passages, and more recently with desktop publishing software like Aldus PageMaker including versions of Lorem Ipsum.</span><span xss=removed><br></span><span xss=removed><br></span><br></p>', 1, 0),
(46, '34739648', 'bangla', '', 1, 0),
(47, '34739648', 'english', '<p>CRT</p>', 2, 1),
(48, '34739648', 'bangla', '', 2, 1),
(49, '18571267', 'english', '<p>This is description</p>', 1, 1),
(50, '18571267', 'bangla', '<p>This is bangla desc<br></p>', 1, 1),
(51, '18571267', 'english', '<p>This is specification</p>', 2, 0),
(52, '18571267', 'bangla', '<p>This is bangla spec</p>', 2, 0),
(53, '89371666', 'english', '<p>ttt</p>', 1, 0),
(54, '89371666', 'bangla', '', 1, 0),
(55, '89371666', 'english', '<p>ttt</p>', 2, 1),
(56, '89371666', 'bangla', '', 2, 1),
(57, '45243132', 'english', '<p>sdfa</p>', 1, 0),
(58, '45243132', 'bangla', '', 1, 0),
(59, '45243132', 'english', '<p>sdfas</p>', 2, 1),
(60, '45243132', 'bangla', '', 2, 1),
(61, '54161157', 'english', '<p>sd</p>', 1, 0),
(62, '54161157', 'bangla', '', 1, 0),
(63, '54161157', 'english', '<p>sadfas</p>', 2, 1),
(64, '54161157', 'bangla', '', 2, 1),
(65, '15587464', 'english', '<p>test</p>', 1, 1),
(66, '15587464', 'bangla', '', 1, 1),
(67, '15587464', 'english', '<p>test</p>', 2, 0),
(68, '15587464', 'bangla', '', 2, 0),
(69, '39714258', 'english', '<p>test</p>', 1, 0),
(70, '39714258', 'bangla', '', 1, 0),
(71, '39714258', 'english', '<p>test</p>', 2, 1),
(72, '39714258', 'bangla', '', 2, 1),
(73, '36757868', 'english', '<p>end des</p>', 1, 0),
(74, '36757868', 'bangla', '<p>bangla des</p>', 1, 0),
(75, '36757868', 'english', '<p>end spec</p>', 2, 1),
(76, '36757868', 'bangla', '<p>bang spec</p>', 2, 1),
(77, '93746656', 'english', '<p>Brazil jwrsy<br></p>', 1, 1),
(78, '93746656', 'bangla', '', 1, 1),
(79, '93746656', 'english', '<p>jersy<br></p>', 2, 1),
(80, '93746656', 'bangla', '', 2, 1),
(81, '77946178', 'english', '<p>tgree<br></p>', 1, 1),
(82, '77946178', 'bangla', '', 1, 1),
(83, '77946178', 'english', '<p>three<br></p>', 2, 1),
(84, '77946178', 'bangla', '', 2, 1),
(85, '96355456', 'english', '<p><font face="Times New Roman">This un-stitched Block \r\nPrinted three piece Salwar Kameez is very much comfortable, with a heavy\r\n design and block printed over the body and a block print cotton Orna. <br></font></p><p><br></p><h4><font face="Times New Roman">The Block print clothing is a must have for holidays and perfect for household use.</font></h4><p><br></p><h4><font face="Times New Roman"><br></font><font face="Times New Roman"><br>► Body Design: Block Print<br>► Sleeve Material: 100% Cotton, Block Print<br>► Body Material: 100% Cotton, Block Print<br>► Orna: 100% Cotton, Block Print<br>► Salwar: 100% Cotton, Block Print</font></h4><p><br></p>', 1, 1),
(86, '96355456', 'bangla', '', 1, 1),
(87, '96355456', 'english', '<p><font face="Times New Roman">This un-stitched Block \r\nPrinted three piece Salwar Kameez is very much comfortable, with a heavy\r\n design and block printed over the body and a block print cotton Orna. <br></font></p><p><br></p><h4><font face="Times New Roman">The Block print clothing is a must have for holidays and perfect for household use.</font></h4><p><br></p><h4><font face="Times New Roman"><br></font><font face="Times New Roman"><br>► Body Design: Block Print<br>► Sleeve Material: 100% Cotton, Block Print<br>► Body Material: 100% Cotton, Block Print<br>► Orna: 100% Cotton, Block Print<br>► Salwar: 100% Cotton, Block Print</font></h4><p><br></p>', 2, 1),
(88, '96355456', 'bangla', '', 2, 1),
(89, 'I6XK8N62', 'english', '<p><br></p>', 1, 1),
(90, 'I6XK8N62', 'bangla', '', 1, 1),
(91, 'I6XK8N62', 'english', '<p><br></p>', 2, 1),
(92, 'I6XK8N62', 'bangla', '', 2, 1),
(97, '91543285', 'english', '<p>hhhhh</p>', 1, 0),
(98, '91543285', 'bangla', '', 1, 0),
(99, '91543285', 'english', '<p>hhh</p>', 2, 1),
(100, '91543285', 'bangla', '', 2, 1),
(101, '23129511', 'english', '<p>sdfas</p>', 1, 0),
(102, '23129511', 'bangla', '', 1, 0),
(103, '23129511', 'english', '<p>sadfas</p>', 2, 1),
(104, '23129511', 'bangla', '', 2, 1),
(105, '11588177', 'english', '<p>etet</p>', 1, 1),
(106, '11588177', 'bangla', '', 1, 1),
(107, '11588177', 'english', '<p>sadfas</p>', 2, 1),
(108, '11588177', 'bangla', '', 2, 1),
(109, '72295248', 'english', '<p>asdfas</p>', 1, 1),
(110, '72295248', 'bangla', '', 1, 1),
(111, '72295248', 'english', '<p>sadfsa</p>', 2, 1),
(112, '72295248', 'bangla', '', 2, 1),
(113, '19641215', 'english', '<p>Sarwar shoe description</p>', 1, 0),
(114, '19641215', 'bangla', '', 1, 0),
(115, '19641215', 'message_send_successfully', '', 1, 0),
(116, '19641215', 'english', '<p>Sarwar shoe spec<br></p>', 2, 1),
(117, '19641215', 'bangla', '', 2, 1),
(118, '19641215', 'message_send_successfully', '', 2, 1),
(119, '25821698', 'english', '<p>sadfsafa</p>', 1, 1),
(120, '25821698', 'bangla', '', 1, 1),
(121, '25821698', 'message_send_successfully', '', 1, 1),
(122, '25821698', 'english', '<p>sadfsafas</p>', 2, 1),
(123, '25821698', 'bangla', '', 2, 1),
(124, '25821698', 'message_send_successfully', '', 2, 1),
(125, '23957662', 'english', '<p>sadfas</p>', 1, 0),
(126, '23957662', 'bangla', '', 1, 0),
(127, '23957662', 'message_send_successfully', '', 1, 0),
(128, '23957662', 'english', '<p>sadfsa</p>', 2, 1),
(129, '23957662', 'bangla', '', 2, 1),
(130, '23957662', 'message_send_successfully', '', 2, 1),
(131, '29348597', 'english', '<p>sdfs</p>', 1, 1),
(132, '29348597', 'bangla', '', 1, 1),
(133, '29348597', 'message_send_successfully', '', 1, 1),
(134, '29348597', 'english', '<p>sdfs</p>', 2, 1),
(135, '29348597', 'bangla', '', 2, 1),
(136, '29348597', 'message_send_successfully', '', 2, 1),
(137, '59968488', 'english', '<p>test</p>', 1, 0),
(138, '59968488', 'bangla', '', 1, 0),
(139, '59968488', 'english', '<p>tet</p>', 2, 1),
(140, '59968488', 'bangla', '', 2, 1),
(141, '65977112', 'english', '<p>test</p>', 1, 0),
(142, '65977112', 'bangla', '', 1, 0),
(143, '65977112', 'english', '<p>test</p>', 2, 1),
(144, '65977112', 'bangla', '', 2, 1);

-- --------------------------------------------------------

--
-- Table structure for table `product_image`
--

CREATE TABLE `product_image` (
  `product_image_id` int(255) NOT NULL,
  `product_id` varchar(255) NOT NULL,
  `image_name` varchar(255) NOT NULL,
  `image_type` varchar(255) DEFAULT NULL,
  `image_path` text NOT NULL,
  `image_extension` varchar(100) DEFAULT NULL,
  `upload_date` datetime DEFAULT NULL,
  `size` float DEFAULT NULL,
  `image_show_sequence` int(11) DEFAULT NULL,
  `status` int(11) DEFAULT NULL COMMENT '1=primary,0=no primary'
) ENGINE=InnoDB DEFAULT CHARSET=utf8;

--
-- Dumping data for table `product_image`
--

INSERT INTO `product_image` (`product_image_id`, `product_id`, `image_name`, `image_type`, `image_path`, `image_extension`, `upload_date`, `size`, `image_show_sequence`, `status`) VALUES
(27, '88738431', '6c5a3d1b2b6648e26890242a849d2259.jpg', '1', 'my-assets/image/product/website/thumb/6c5a3d1b2b6648e26890242a849d2259.jpg', '.jpeg', '2018-05-17 07:56:47', 0.02, NULL, 0),
(28, '88738431', '6c5a3d1b2b6648e26890242a849d2259.jpg', '2', 'my-assets/image/product/website/6c5a3d1b2b6648e26890242a849d2259.jpg', '.jpeg', '2018-05-17 07:56:47', 0.08, NULL, 0),
(29, '88738431', 'd80f5e2b4782a07e73c123e61af5ff44.jpg', '1', 'my-assets/image/product/website/thumb/d80f5e2b4782a07e73c123e61af5ff44.jpg', '.jpeg', '2018-05-17 07:56:50', 0.02, NULL, 1),
(30, '88738431', 'd80f5e2b4782a07e73c123e61af5ff44.jpg', '2', 'my-assets/image/product/website/d80f5e2b4782a07e73c123e61af5ff44.jpg', '.jpeg', '2018-05-17 07:56:50', 0.1, NULL, 0),
(67, '82462296', '6450df19e4b0413a87b1f1c56cbd9957.jpg', '1', 'my-assets/image/product/website/thumb/6450df19e4b0413a87b1f1c56cbd9957.jpg', '.jpeg', '2018-05-19 06:52:11', 0.01, NULL, 0),
(68, '82462296', '6450df19e4b0413a87b1f1c56cbd9957.jpg', '2', 'my-assets/image/product/website/6450df19e4b0413a87b1f1c56cbd9957.jpg', '.jpeg', '2018-05-19 06:52:11', 0.01, NULL, 0),
(69, '82462296', '8bd97b272d46363eba05d35e47e066e2.jpg', '1', 'my-assets/image/product/website/thumb/8bd97b272d46363eba05d35e47e066e2.jpg', '.jpeg', '2018-05-19 06:52:14', 0.02, NULL, 1),
(70, '82462296', '8bd97b272d46363eba05d35e47e066e2.jpg', '2', 'my-assets/image/product/website/8bd97b272d46363eba05d35e47e066e2.jpg', '.jpeg', '2018-05-19 06:52:14', 0.02, NULL, 0),
(85, '63277496', '51ecdfa4210b9f49fa281fb028ea2f5e.jpg', '1', 'my-assets/image/product/website/thumb/51ecdfa4210b9f49fa281fb028ea2f5e.jpg', '.jpeg', '2018-05-19 06:53:44', 0.02, NULL, 1),
(86, '63277496', '51ecdfa4210b9f49fa281fb028ea2f5e.jpg', '2', 'my-assets/image/product/website/51ecdfa4210b9f49fa281fb028ea2f5e.jpg', '.jpeg', '2018-05-19 06:53:44', 0.02, NULL, 0),
(87, '63277496', 'be9c964580b98022b598e8110e823350.jpg', '1', 'my-assets/image/product/website/thumb/be9c964580b98022b598e8110e823350.jpg', '.jpeg', '2018-05-19 06:53:52', 0.02, NULL, 0),
(88, '63277496', 'be9c964580b98022b598e8110e823350.jpg', '2', 'my-assets/image/product/website/be9c964580b98022b598e8110e823350.jpg', '.jpeg', '2018-05-19 06:53:52', 0.02, NULL, 0),
(89, '58817923', '314a9d95e0f44c9ae7c806b9d5c20543.jpg', '1', 'my-assets/image/product/website/thumb/314a9d95e0f44c9ae7c806b9d5c20543.jpg', '.jpeg', '2018-05-19 06:54:11', 0.02, NULL, 1),
(90, '58817923', '314a9d95e0f44c9ae7c806b9d5c20543.jpg', '2', 'my-assets/image/product/website/314a9d95e0f44c9ae7c806b9d5c20543.jpg', '.jpeg', '2018-05-19 06:54:12', 0.02, NULL, 0),
(91, '6', '9a04014c6d513e4f1736aedb1a2763ba.png', '1', 'my-assets/image/product/website/thumb/9a04014c6d513e4f1736aedb1a2763ba.png', NULL, '2018-05-19 09:29:09', 0.11, NULL, 0),
(92, '6', '9a04014c6d513e4f1736aedb1a2763ba.png', '2', 'my-assets/image/product/website/9a04014c6d513e4f1736aedb1a2763ba.png', NULL, '2018-05-19 09:29:09', 0.17, NULL, 0),
(93, '6', 'afbfca3dd9d16cd5347de916d8dbb438.jpg', '1', 'my-assets/image/product/website/thumb/afbfca3dd9d16cd5347de916d8dbb438.jpg', NULL, '2018-05-19 09:29:09', 0.01, NULL, NULL),
(94, '6', 'afbfca3dd9d16cd5347de916d8dbb438.jpg', '2', 'my-assets/image/product/website/afbfca3dd9d16cd5347de916d8dbb438.jpg', NULL, '2018-05-19 09:29:09', 0.05, NULL, 0),
(95, '6', '79eb2ed788410d5283aaf5d254b521ed.jpg', '1', 'my-assets/image/product/website/thumb/79eb2ed788410d5283aaf5d254b521ed.jpg', NULL, '2018-05-19 09:29:09', 0.02, NULL, 1),
(96, '6', '79eb2ed788410d5283aaf5d254b521ed.jpg', '2', 'my-assets/image/product/website/79eb2ed788410d5283aaf5d254b521ed.jpg', NULL, '2018-05-19 09:29:09', 0.09, NULL, 0),
(97, '6', 'e6b6f6960b1dd3b4448ed7bd7955c166.jpg', '1', 'my-assets/image/product/website/thumb/e6b6f6960b1dd3b4448ed7bd7955c166.jpg', NULL, '2018-05-19 09:29:09', 0.02, NULL, NULL),
(98, '6', 'e6b6f6960b1dd3b4448ed7bd7955c166.jpg', '2', 'my-assets/image/product/website/e6b6f6960b1dd3b4448ed7bd7955c166.jpg', NULL, '2018-05-19 09:29:10', 0.08, NULL, 0),
(99, '6', '3d6dbf99d8bdb1a90c2d99a9620d8371.jpg', '1', 'my-assets/image/product/website/thumb/3d6dbf99d8bdb1a90c2d99a9620d8371.jpg', NULL, '2018-05-19 09:29:10', 0.01, NULL, NULL),
(100, '6', '3d6dbf99d8bdb1a90c2d99a9620d8371.jpg', '2', 'my-assets/image/product/website/3d6dbf99d8bdb1a90c2d99a9620d8371.jpg', NULL, '2018-05-19 09:29:10', 0.05, NULL, 0),
(101, '42788115', 'de20d56771e74a6e5602a95c0e006a0f.jpg', '1', 'my-assets/image/product/website/thumb/de20d56771e74a6e5602a95c0e006a0f.jpg', '.jpeg', '2018-05-19 11:40:17', 0.02, NULL, 1),
(102, '42788115', 'de20d56771e74a6e5602a95c0e006a0f.jpg', '2', 'my-assets/image/product/website/de20d56771e74a6e5602a95c0e006a0f.jpg', '.jpeg', '2018-05-19 11:40:17', 0.13, NULL, 0),
(109, '81817696', '35666bec80104a600339ffea0e90341c.jpg', '1', 'my-assets/image/product/website/thumb/35666bec80104a600339ffea0e90341c.jpg', '.jpeg', '2018-05-20 10:35:22', 0.02, NULL, 0),
(110, '81817696', '35666bec80104a600339ffea0e90341c.jpg', '2', 'my-assets/image/product/website/35666bec80104a600339ffea0e90341c.jpg', '.jpeg', '2018-05-20 10:35:22', 0.13, NULL, 0),
(111, '81817696', 'fe1a906feef307ac8b86e0c0b75ee604.jpg', '1', 'my-assets/image/product/website/thumb/fe1a906feef307ac8b86e0c0b75ee604.jpg', '.jpeg', '2018-05-20 10:35:24', 0.02, NULL, 1),
(112, '81817696', 'fe1a906feef307ac8b86e0c0b75ee604.jpg', '2', 'my-assets/image/product/website/fe1a906feef307ac8b86e0c0b75ee604.jpg', '.jpeg', '2018-05-20 10:35:24', 0.1, NULL, 0),
(113, '39694127', '865cdd2f796acfcfb5d923f1f592bf67.jpg', '1', 'my-assets/image/product/website/thumb/865cdd2f796acfcfb5d923f1f592bf67.jpg', '.jpeg', '2018-05-20 10:36:48', 0.02, NULL, 1),
(114, '39694127', '865cdd2f796acfcfb5d923f1f592bf67.jpg', '2', 'my-assets/image/product/website/865cdd2f796acfcfb5d923f1f592bf67.jpg', '.jpeg', '2018-05-20 10:36:49', 0.01, NULL, 0),
(117, '99623484', 'c36b44ac45aef95f361e2720676c3f56.jpg', '1', 'my-assets/image/product/website/thumb/c36b44ac45aef95f361e2720676c3f56.jpg', '.jpeg', '2018-05-20 11:57:01', 0.02, NULL, 1),
(118, '99623484', 'c36b44ac45aef95f361e2720676c3f56.jpg', '2', 'my-assets/image/product/website/c36b44ac45aef95f361e2720676c3f56.jpg', '.jpeg', '2018-05-20 11:57:01', 0.01, NULL, 0),
(119, '34739648', '8bf7ce5b35d56ce85d440c385ed762a9.jpg', '1', 'my-assets/image/product/website/thumb/8bf7ce5b35d56ce85d440c385ed762a9.jpg', '.jpeg', '2018-05-20 11:58:24', 0.02, NULL, 1),
(120, '34739648', '8bf7ce5b35d56ce85d440c385ed762a9.jpg', '2', 'my-assets/image/product/website/8bf7ce5b35d56ce85d440c385ed762a9.jpg', '.jpeg', '2018-05-20 11:58:25', 0.01, NULL, 0),
(121, '18571267', 'd4d1750ff5a2a35f3fb10cb44bba0bc8.jpg', '1', 'my-assets/image/product/website/thumb/d4d1750ff5a2a35f3fb10cb44bba0bc8.jpg', '.jpeg', '2018-06-02 11:38:19', 0.02, NULL, 0),
(122, '18571267', 'd4d1750ff5a2a35f3fb10cb44bba0bc8.jpg', '2', 'my-assets/image/product/website/d4d1750ff5a2a35f3fb10cb44bba0bc8.jpg', '.jpeg', '2018-06-02 11:38:19', 0.16, NULL, 0),
(123, '18571267', '28041991fcd86c86a9d4a5cfd8781d1a.jpg', '1', 'my-assets/image/product/website/thumb/28041991fcd86c86a9d4a5cfd8781d1a.jpg', '.jpeg', '2018-06-02 11:38:23', 0.02, NULL, 1),
(124, '18571267', '28041991fcd86c86a9d4a5cfd8781d1a.jpg', '2', 'my-assets/image/product/website/28041991fcd86c86a9d4a5cfd8781d1a.jpg', '.jpeg', '2018-06-02 11:38:23', 0.06, NULL, 0),
(125, '18571267', 'b72cb2aee76b726b413821b165f86fbf.jpg', '1', 'my-assets/image/product/website/thumb/b72cb2aee76b726b413821b165f86fbf.jpg', '.jpeg', '2018-06-04 07:45:49', 0.02, NULL, 0),
(126, '18571267', 'b72cb2aee76b726b413821b165f86fbf.jpg', '2', 'my-assets/image/product/website/b72cb2aee76b726b413821b165f86fbf.jpg', '.jpeg', '2018-06-04 07:45:49', 0.06, NULL, 0),
(127, '45243132', 'aebc16e3e02f203a19380804da4fc82a.jpg', '1', 'my-assets/image/product/website/thumb/aebc16e3e02f203a19380804da4fc82a.jpg', '.jpeg', '2018-06-05 06:48:47', 0.02, NULL, 0),
(128, '45243132', 'aebc16e3e02f203a19380804da4fc82a.jpg', '2', 'my-assets/image/product/website/aebc16e3e02f203a19380804da4fc82a.jpg', '.jpeg', '2018-06-05 06:48:47', 0.06, NULL, 0),
(131, '54161157', 'cc5e7b78dbd5f72cde54f4d43f355508.jpg', '1', 'my-assets/image/product/website/thumb/cc5e7b78dbd5f72cde54f4d43f355508.jpg', '.jpeg', '2018-06-05 08:29:17', 0.02, NULL, 1),
(132, '54161157', 'cc5e7b78dbd5f72cde54f4d43f355508.jpg', '2', 'my-assets/image/product/website/cc5e7b78dbd5f72cde54f4d43f355508.jpg', '.jpeg', '2018-06-05 08:29:17', 0.06, NULL, 0),
(133, '15587464', '65694fe4132c9d1a472c6381ad9e775e.jpg', '1', 'my-assets/image/product/website/thumb/65694fe4132c9d1a472c6381ad9e775e.jpg', '.jpeg', '2018-06-05 10:22:05', 0.02, NULL, 1),
(134, '15587464', '65694fe4132c9d1a472c6381ad9e775e.jpg', '2', 'my-assets/image/product/website/65694fe4132c9d1a472c6381ad9e775e.jpg', '.jpeg', '2018-06-05 10:22:05', 0.06, NULL, 0),
(149, '39488535', 'c3f5369750c49b70f30427ba4cfb303a.png', '1', 'my-assets/image/product/website/thumb/c3f5369750c49b70f30427ba4cfb303a.png', '.png', '2018-06-24 08:00:58', 0.2, NULL, 1),
(150, '39488535', 'c3f5369750c49b70f30427ba4cfb303a.png', '2', 'my-assets/image/product/website/c3f5369750c49b70f30427ba4cfb303a.png', '.png', '2018-06-24 08:00:58', 0.1, NULL, 0),
(151, '58671882', '706cd57ca2016cf7982c5fa4f2b9fb86.png', '1', 'my-assets/image/product/website/thumb/706cd57ca2016cf7982c5fa4f2b9fb86.png', '.png', '2018-06-24 08:05:03', 0.95, NULL, 1),
(152, '58671882', '706cd57ca2016cf7982c5fa4f2b9fb86.png', '2', 'my-assets/image/product/website/706cd57ca2016cf7982c5fa4f2b9fb86.png', '.png', '2018-06-24 08:05:03', 0.27, NULL, 0),
(169, '39714258', '1874159f7266c7fb494886fa5d1eb61e.jpg', '1', 'my-assets/image/product/website/thumb/1874159f7266c7fb494886fa5d1eb61e.jpg', '.jpeg', '2018-06-28 07:36:35', 0.09, NULL, 0),
(170, '39714258', '1874159f7266c7fb494886fa5d1eb61e.jpg', '2', 'my-assets/image/product/website/1874159f7266c7fb494886fa5d1eb61e.jpg', '.jpeg', '2018-06-28 07:36:35', 0, NULL, 0),
(171, '39714258', '902fdd71bcd7e108d0bb2ec3e2566e28.jpg', '1', 'my-assets/image/product/website/thumb/902fdd71bcd7e108d0bb2ec3e2566e28.jpg', '.jpeg', '2018-06-28 07:36:40', 0.12, NULL, 1),
(172, '39714258', '902fdd71bcd7e108d0bb2ec3e2566e28.jpg', '2', 'my-assets/image/product/website/902fdd71bcd7e108d0bb2ec3e2566e28.jpg', '.jpeg', '2018-06-28 07:36:40', 0, NULL, 0),
(173, '39714258', 'd02c2c15e2d192045925a213bba0729f.jpg', '1', 'my-assets/image/product/website/thumb/d02c2c15e2d192045925a213bba0729f.jpg', '.jpeg', '2018-06-28 07:36:45', 0.09, NULL, 0),
(174, '39714258', 'd02c2c15e2d192045925a213bba0729f.jpg', '2', 'my-assets/image/product/website/d02c2c15e2d192045925a213bba0729f.jpg', '.jpeg', '2018-06-28 07:36:45', 0, NULL, 0),
(175, '36757868', '72cb581a31a4622bed096855042895ea.png', '1', 'my-assets/image/product/website/thumb/72cb581a31a4622bed096855042895ea.png', '.png', '2018-06-29 10:28:29', 0.09, NULL, 1),
(176, '36757868', '72cb581a31a4622bed096855042895ea.png', '2', 'my-assets/image/product/website/72cb581a31a4622bed096855042895ea.png', '.png', '2018-06-29 10:28:30', 0.05, NULL, 0),
(177, '36757868', 'c92c531b2e3bff9e5443b5ae29c48757.png', '1', 'my-assets/image/product/website/thumb/c92c531b2e3bff9e5443b5ae29c48757.png', '.png', '2018-06-29 10:28:33', 0.05, NULL, 0),
(178, '36757868', 'c92c531b2e3bff9e5443b5ae29c48757.png', '2', 'my-assets/image/product/website/c92c531b2e3bff9e5443b5ae29c48757.png', '.png', '2018-06-29 10:28:33', 0.02, NULL, 0),
(179, '93746656', 'ee8f2a2363c72f4dd47a6e5abf8cbd4c.png', '1', 'my-assets/image/product/website/thumb/ee8f2a2363c72f4dd47a6e5abf8cbd4c.png', NULL, '2018-07-02 12:17:01', 0.46, NULL, 1),
(180, '93746656', 'ee8f2a2363c72f4dd47a6e5abf8cbd4c.png', '2', 'my-assets/image/product/website/ee8f2a2363c72f4dd47a6e5abf8cbd4c.png', NULL, '2018-07-02 12:17:01', 0.05, NULL, 0),
(181, '93746656', '8579e7d03b7ea28ac5da187b7b6b3432.jpg', '1', 'my-assets/image/product/website/thumb/8579e7d03b7ea28ac5da187b7b6b3432.jpg', NULL, '2018-07-02 12:17:01', 0.37, NULL, 0),
(182, '93746656', '8579e7d03b7ea28ac5da187b7b6b3432.jpg', '2', 'my-assets/image/product/website/8579e7d03b7ea28ac5da187b7b6b3432.jpg', NULL, '2018-07-02 12:17:01', 0.11, NULL, 0),
(183, '77946178', 'ea9534861300081a1d5e98dfafbb9206.jpg', '1', 'my-assets/image/product/website/thumb/ea9534861300081a1d5e98dfafbb9206.jpg', NULL, '2018-07-02 12:32:41', 0.04, NULL, 1),
(184, '77946178', 'ea9534861300081a1d5e98dfafbb9206.jpg', '2', 'my-assets/image/product/website/ea9534861300081a1d5e98dfafbb9206.jpg', NULL, '2018-07-02 12:32:41', 0.06, NULL, 0),
(185, '96355456', '04a97f1c76c7d4b219ee414ba893bbcc.png', '1', 'my-assets/image/product/website/thumb/04a97f1c76c7d4b219ee414ba893bbcc.png', NULL, '2018-07-02 12:33:18', 0.18, NULL, 0),
(186, '96355456', '04a97f1c76c7d4b219ee414ba893bbcc.png', '2', 'my-assets/image/product/website/04a97f1c76c7d4b219ee414ba893bbcc.png', NULL, '2018-07-02 12:33:18', 0.1, NULL, 0),
(187, '96355456', '93d32ce2d93a6f39221d504292057dd1.jpg', '1', 'my-assets/image/product/website/thumb/93d32ce2d93a6f39221d504292057dd1.jpg', NULL, '2018-07-02 12:33:18', 0.04, NULL, 0),
(188, '96355456', '93d32ce2d93a6f39221d504292057dd1.jpg', '2', 'my-assets/image/product/website/93d32ce2d93a6f39221d504292057dd1.jpg', NULL, '2018-07-02 12:33:19', 0.12, NULL, 0),
(189, '96355456', '84b4c638c262eed454354a22bfa463ca.png', '1', 'my-assets/image/product/website/thumb/84b4c638c262eed454354a22bfa463ca.png', NULL, '2018-07-02 12:33:19', 0.16, NULL, 1),
(190, '96355456', '84b4c638c262eed454354a22bfa463ca.png', '2', 'my-assets/image/product/website/84b4c638c262eed454354a22bfa463ca.png', NULL, '2018-07-02 12:33:19', 0.05, NULL, 0),
(191, 'I6XK8N62', '04e656510c09d46bd1ac5f5fbad36b2d.jpg', '1', 'my-assets/image/product/website/thumb/04e656510c09d46bd1ac5f5fbad36b2d.jpg', NULL, '2018-07-02 12:34:41', 0.02, NULL, 0),
(192, 'I6XK8N62', '04e656510c09d46bd1ac5f5fbad36b2d.jpg', '2', 'my-assets/image/product/website/04e656510c09d46bd1ac5f5fbad36b2d.jpg', NULL, '2018-07-02 12:34:41', 0.01, NULL, 0),
(193, 'I6XK8N62', '329f9c6f4b4cc8ee88a39c7f2276ec96.jpg', '1', 'my-assets/image/product/website/thumb/329f9c6f4b4cc8ee88a39c7f2276ec96.jpg', NULL, '2018-07-02 12:34:41', 0.03, NULL, 1),
(194, 'I6XK8N62', '329f9c6f4b4cc8ee88a39c7f2276ec96.jpg', '2', 'my-assets/image/product/website/329f9c6f4b4cc8ee88a39c7f2276ec96.jpg', NULL, '2018-07-02 12:34:41', 0.01, NULL, 0),
(195, '93746656', '35ac67e1a3008a81219d6ee0fbf6a2cf.jpg', '1', 'my-assets/image/product/website/thumb/35ac67e1a3008a81219d6ee0fbf6a2cf.jpg', '.jpeg', '2018-07-02 02:40:48', 0.29, NULL, 0),
(196, '93746656', '35ac67e1a3008a81219d6ee0fbf6a2cf.jpg', '2', 'my-assets/image/product/website/35ac67e1a3008a81219d6ee0fbf6a2cf.jpg', '.jpeg', '2018-07-02 02:40:49', 0.12, NULL, 0),
(199, '91543285', '425958702f8b272861c3b263bf78d6a7.jpg', '1', 'my-assets/image/product/website/thumb/425958702f8b272861c3b263bf78d6a7.jpg', '.jpeg', '2018-07-15 01:37:55', 0.31, NULL, 1),
(200, '91543285', '425958702f8b272861c3b263bf78d6a7.jpg', '2', 'my-assets/image/product/website/425958702f8b272861c3b263bf78d6a7.jpg', '.jpeg', '2018-07-15 01:37:55', 0.47, NULL, 0),
(201, '23129511', '55f62bd58e75e5a1bcaa26b328c50fe7.jpg', '1', 'my-assets/image/product/website/thumb/55f62bd58e75e5a1bcaa26b328c50fe7.jpg', '.jpeg', '2018-07-15 01:55:34', 0.24, NULL, 1),
(202, '23129511', '55f62bd58e75e5a1bcaa26b328c50fe7.jpg', '2', 'my-assets/image/product/website/55f62bd58e75e5a1bcaa26b328c50fe7.jpg', '.jpeg', '2018-07-15 01:55:34', 0.12, NULL, 0),
(203, '11588177', '62562ff432f1a015dbbd81d6c05e2391.jpg', '1', 'my-assets/image/product/website/thumb/62562ff432f1a015dbbd81d6c05e2391.jpg', NULL, '2018-07-15 02:22:49', 0.02, NULL, 1),
(204, '11588177', '62562ff432f1a015dbbd81d6c05e2391.jpg', '2', 'my-assets/image/product/website/62562ff432f1a015dbbd81d6c05e2391.jpg', NULL, '2018-07-15 02:22:49', 0.01, NULL, 0),
(205, '72295248', 'cd859b0099988041631f95347f1f6cd6.jpg', '1', 'my-assets/image/product/website/thumb/cd859b0099988041631f95347f1f6cd6.jpg', NULL, '2018-07-16 07:29:44', 0.03, NULL, 1),
(206, '72295248', 'cd859b0099988041631f95347f1f6cd6.jpg', '2', 'my-assets/image/product/website/cd859b0099988041631f95347f1f6cd6.jpg', NULL, '2018-07-16 07:29:44', 0.01, NULL, 0),
(207, '19641215', 'dffc3bb71801abaf66cdb3d41dec5e78.jpg', '1', 'my-assets/image/product/website/thumb/dffc3bb71801abaf66cdb3d41dec5e78.jpg', '.jpeg', '2018-07-22 07:47:07', 0.24, NULL, 1),
(208, '19641215', 'dffc3bb71801abaf66cdb3d41dec5e78.jpg', '2', 'my-assets/image/product/website/dffc3bb71801abaf66cdb3d41dec5e78.jpg', '.jpeg', '2018-07-22 07:47:07', 0.01, NULL, 0),
(209, '25821698', '11b234c641aa7e8faba9c19c2abf955b.jpg', '1', 'my-assets/image/product/website/thumb/11b234c641aa7e8faba9c19c2abf955b.jpg', NULL, '2018-07-22 08:14:08', 0.01, NULL, 1),
(210, '25821698', '11b234c641aa7e8faba9c19c2abf955b.jpg', '2', 'my-assets/image/product/website/11b234c641aa7e8faba9c19c2abf955b.jpg', NULL, '2018-07-22 08:14:08', 0, NULL, 0),
(211, '23957662', '550a80a12125993dbe491f1a7a49f50c.jpg', '1', 'my-assets/image/product/website/thumb/550a80a12125993dbe491f1a7a49f50c.jpg', '.jpeg', '2018-07-22 12:26:24', 0.2, NULL, 1),
(212, '23957662', '550a80a12125993dbe491f1a7a49f50c.jpg', '2', 'my-assets/image/product/website/550a80a12125993dbe491f1a7a49f50c.jpg', '.jpeg', '2018-07-22 12:26:24', 0.01, NULL, 0),
(213, '29348597', '235c312820f55d02f06f308159f7c45e.jpg', '1', 'my-assets/image/product/website/thumb/235c312820f55d02f06f308159f7c45e.jpg', NULL, '2018-07-25 09:33:11', 0.03, NULL, 1),
(214, '29348597', '235c312820f55d02f06f308159f7c45e.jpg', '2', 'my-assets/image/product/website/235c312820f55d02f06f308159f7c45e.jpg', NULL, '2018-07-25 09:33:11', 0.01, NULL, 0),
(215, '59968488', '302962f2da3d65387327e031eaa37a77.jpg', '1', 'my-assets/image/product/website/thumb/302962f2da3d65387327e031eaa37a77.jpg', '.jpeg', '2018-07-25 10:02:33', 0.37, NULL, 1),
(216, '59968488', '302962f2da3d65387327e031eaa37a77.jpg', '2', 'my-assets/image/product/website/302962f2da3d65387327e031eaa37a77.jpg', '.jpeg', '2018-07-25 10:02:33', 0.11, NULL, 0),
(217, '65977112', 'c10ca0ee1b3e44ede229c4df9b4465ed.jpg', '1', 'my-assets/image/product/website/thumb/c10ca0ee1b3e44ede229c4df9b4465ed.jpg', '.jpeg', '2018-08-02 01:46:57', 0.44, NULL, 1),
(218, '65977112', 'c10ca0ee1b3e44ede229c4df9b4465ed.jpg', '2', 'my-assets/image/product/website/c10ca0ee1b3e44ede229c4df9b4465ed.jpg', '.jpeg', '2018-08-02 01:46:57', 0.81, NULL, 0);

-- --------------------------------------------------------

--
-- Table structure for table `product_information`
--

CREATE TABLE `product_information` (
  `product_info_id` int(11) NOT NULL,
  `product_id` varchar(100) NOT NULL,
  `seller_id` varchar(255) NOT NULL,
  `category_id` varchar(255) DEFAULT NULL,
  `price` float NOT NULL,
  `offer_price` float DEFAULT NULL,
  `unit` varchar(100) DEFAULT NULL,
  `product_model` varchar(100) NOT NULL,
  `brand_id` varchar(255) DEFAULT NULL,
  `variant_id` text,
  `product_type` text,
  `tag` text,
  `quantity` int(11) NOT NULL,
  `thumb_image_url` text,
  `approved_date` datetime DEFAULT NULL,
  `update_date` datetime DEFAULT NULL,
  `best_sale` int(11) NOT NULL DEFAULT '0',
  `comission` float DEFAULT NULL COMMENT 'Comission in percentage',
  `on_sale` int(11) NOT NULL DEFAULT '0',
  `on_promotion` int(11) NOT NULL DEFAULT '0',
  `pre_order` int(11) DEFAULT NULL,
  `pre_order_quantity` int(11) DEFAULT NULL,
  `details` text,
  `status` int(2) NOT NULL DEFAULT '1' COMMENT '0=request,1=pending,2=approved,3=denied'
) ENGINE=InnoDB DEFAULT CHARSET=utf8;

--
-- Dumping data for table `product_information`
--

INSERT INTO `product_information` (`product_info_id`, `product_id`, `seller_id`, `category_id`, `price`, `offer_price`, `unit`, `product_model`, `brand_id`, `variant_id`, `product_type`, `tag`, `quantity`, `thumb_image_url`, `approved_date`, `update_date`, `best_sale`, `comission`, `on_sale`, `on_promotion`, `pre_order`, `pre_order_quantity`, `details`, `status`) VALUES
(2, '63277496', 'U3HEGA81', 'XMK67BYX89D8GRQ', 1234570, 2000, 'V268OBIGCSGA2MK', 'P-2', 'GBVUN55D3Z9Q7B8', NULL, '3453', 'afdasfa', 0, 'my-assets/image/product/website/thumb/51ecdfa4210b9f49fa281fb028ea2f5e.jpg', '2018-07-30 07:20:09', NULL, 1, 0, 1, 0, 0, 0, '', 2),
(3, '58817923', '26698592', '1SLTY1Y3HT6DT7Z', 1234, 0, '49PW2CURUAVO1X8', 'P-3', 'ALI9KUP7STZTKGM', NULL, '', '', 1, 'my-assets/image/product/website/thumb/314a9d95e0f44c9ae7c806b9d5c20543.jpg', '2018-08-05 02:43:53', NULL, 1, 0, 0, 0, 1, 9, '', 2),
(4, '99623484', 'IWL38KJYIT', 'IYRWJVCE9OMH1ZB', 654987, 12, 'V268OBIGCSGA2MK', 'P-4', '4U2M79OO9D7VZI3', 'GQ3DZ3N6QB2URPY', '', '', 0, 'my-assets/image/product/website/thumb/c36b44ac45aef95f361e2720676c3f56.jpg', '2018-06-27 08:48:45', NULL, 0, NULL, 1, 1, 0, 0, 'sdf', 2),
(13, '75668812', '2G7TBC6XO3', 'W62X5S5S5XI7H77', 123456, 0, '49PW2CURUAVO1X8', 'yui', 'ALI9KUP7STZTKGM', 'C2YDWB5SBR58GW5', '', '', 0, NULL, '2018-05-17 09:08:10', NULL, 0, NULL, 0, 0, NULL, NULL, '', 2),
(17, '82462296', '26698592', '1SLTY1Y3HT6DT7Z', 46456, 0, '49PW2CURUAVO1X8', 'te', 'NI8RX2OP74U99M9', 'C2YDWB5SBR58GW5', '', '', 0, 'my-assets/image/product/website/thumb/8bd97b272d46363eba05d35e47e066e2.jpg', '2018-05-20 06:31:47', NULL, 0, NULL, 0, 0, NULL, NULL, '', 2),
(18, '42788115', '32MSXNYGKA', '26JRBXY8RNH45LN', 123, 0, 'V268OBIGCSGA2MK', '123', 'NI8RX2OP74U99M9', 'GQ3DZ3N6QB2URPY', '', '', 0, 'my-assets/image/product/website/thumb/de20d56771e74a6e5602a95c0e006a0f.jpg', '2018-07-15 01:55:11', NULL, 0, 10, 0, 0, 0, 0, '', 1),
(22, '81817696', 'NONJJSN6QO', 'AM4XWGPNAZVIDN2', 12345, 0, '', '3D-1', 'NI8RX2OP74U99M9', NULL, '', '', 22, 'my-assets/image/product/website/thumb/fe1a906feef307ac8b86e0c0b75ee604.jpg', '2018-06-07 07:00:45', NULL, 0, NULL, 0, 0, NULL, NULL, '', 2),
(23, '39694127', '26698592', 'VS3VPEBVG2FP3K8', 50000, 0, '', 'SMART-1', 'ALI9KUP7STZTKGM', NULL, '', '', 54, 'my-assets/image/product/website/thumb/865cdd2f796acfcfb5d923f1f592bf67.jpg', '2018-05-30 06:45:15', NULL, 0, NULL, 0, 0, NULL, NULL, '', 2),
(24, '34739648', '2G7TBC6XO3', 'VRL2QSFT1MESG8M', 20000, 0, '', 'TV-1', 'SYUJWKM1MI7X2D6', NULL, '', '', 4, 'my-assets/image/product/website/thumb/8bf7ce5b35d56ce85d440c385ed762a9.jpg', '2018-05-30 06:45:06', NULL, 0, NULL, 0, 0, NULL, NULL, '', 2),
(25, '21969538', 'NONJJSN6QO', 'EF3Z6RASM2NO4PY', 34534, 0, 'V268OBIGCSGA2MK', 'asdfas', '975UJSQP6H2T8IW', NULL, 'asdfsa', '', 3534, NULL, '2018-06-09 06:22:54', NULL, 0, NULL, 0, 0, NULL, NULL, '', 2),
(26, '18571267', 'NONJJSN6QO', 'VRL2QSFT1MESG8M', 4334, 0, '', 'ddd', 'IJ5EBSA7LHWQQ25', 'GQ3DZ3N6QB2URPY', '', '', 0, 'my-assets/image/product/website/thumb/28041991fcd86c86a9d4a5cfd8781d1a.jpg', '2018-06-24 08:03:52', NULL, 0, NULL, 0, 0, 0, 0, '', 2),
(27, '89371666', '26698592', 'KCGIGX5WIHIQPEA', 234, 0, '', 'ADS-1', '4U2M79OO9D7VZI3', 'MN2PU851WMA4KNU', '', '', 32, 'my-assets/image/product/website/thumb/0f6f3d08d1e423af59284457c692a225.jpg', '2018-06-09 06:22:09', NULL, 0, NULL, 0, 0, NULL, NULL, '', 2),
(28, '45243132', 'JO6P2J5WGS', '1SLTY1Y3HT6DT7Z', 34, 0, '', 'test', '4U2M79OO9D7VZI3', 'C2YDWB5SBR58GW5', '', '', 44, NULL, '2018-06-05 10:43:46', NULL, 0, NULL, 0, 0, NULL, NULL, '', 2),
(29, '15587464', '26698592', '1SLTY1Y3HT6DT7Z', 12345, 12000, '', 'BD-1', '4U2M79OO9D7VZI3', 'DZT2RNVHGWCVQAS', '', '', 27, 'my-assets/image/product/website/thumb/65694fe4132c9d1a472c6381ad9e775e.jpg', '2018-06-05 10:31:45', NULL, 0, NULL, 1, 0, NULL, NULL, '', 2),
(30, '54161157', '26698592', '1SLTY1Y3HT6DT7Z', 400, 200, '', 'test1', 'SYUJWKM1MI7X2D6', NULL, '', '', 43, 'my-assets/image/product/website/thumb/cc5e7b78dbd5f72cde54f4d43f355508.jpg', '2018-06-09 06:21:46', NULL, 0, NULL, 1, 0, NULL, NULL, '', 2),
(31, '19111735', '3RFOQW1E', '1SLTY1Y3HT6DT7Z', 1234, 0, '', 'testsadf', '', 'C2YDWB5SBR58GW5', '', '', 66, NULL, '2018-06-09 11:14:20', NULL, 0, NULL, 1, 0, NULL, NULL, '', 2),
(32, '39488535', 'KE8Q8ISK', '1SLTY1Y3HT6DT7Z', 1500, 0, '', 't', '', NULL, '', '', 21, 'my-assets/image/product/website/thumb/c3f5369750c49b70f30427ba4cfb303a.png', '2018-06-24 08:16:23', NULL, 0, NULL, 0, 0, 0, 0, '', 2),
(33, '58455786', 'KE8Q8ISK', '1SLTY1Y3HT6DT7Z', 765432, 12, '', 't32', '', NULL, '', '', 21, NULL, '2018-06-09 11:16:22', NULL, 0, NULL, 1, 0, NULL, NULL, '', 2),
(34, '65989988', '3RFOQW1E', '1SLTY1Y3HT6DT7Z', 1234, 0, '', 'ggg', '', NULL, '', '', 1, NULL, '2018-06-09 11:20:27', NULL, 0, NULL, 0, 0, NULL, NULL, '', 2),
(35, '58671882', '3RFOQW1E', '1SLTY1Y3HT6DT7Z', 1234, 222, '', 'ggg1', '', NULL, '', '', 0, 'my-assets/image/product/website/thumb/706cd57ca2016cf7982c5fa4f2b9fb86.png', '2018-06-28 06:37:50', NULL, 0, NULL, 1, 0, 1, 9, '', 1),
(36, '39714258', 'JO6P2J5WGS', 'W26OJBDEBRQPDV1', 4000, 0, '', 'BD-3', '', NULL, '', '', 9, 'my-assets/image/product/website/thumb/902fdd71bcd7e108d0bb2ec3e2566e28.jpg', '2018-06-28 07:43:49', NULL, 0, NULL, 0, 0, 1, 5, '', 1),
(37, '36757868', '1FADAEW798', 'CB315BHM7N7276H', 143, 0, '', 'SH1', '', NULL, '', '', 12, 'my-assets/image/product/website/thumb/72cb581a31a4622bed096855042895ea.png', '2018-07-15 07:40:00', NULL, 0, NULL, 0, 0, 0, 0, '', 1),
(38, '93746656', '1FADAEW798', 'CB315BHM7N7276H', 500, 0, 'V268OBIGCSGA2MK', 'J-1', 'EP3RN7R6G1E3YFV', NULL, 'type', '', 0, 'my-assets/image/product/website/thumb/ee8f2a2363c72f4dd47a6e5abf8cbd4c.png', '2018-08-05 10:52:41', '2018-07-02 12:29:02', 1, 0, 0, 1, 1, 2, 'demo test', 3),
(39, '77946178', '1FADAEW798', 'CB315BHM7N7276H', 1321, NULL, '', 'ISH', '', NULL, '', '', 332, 'my-assets/image/product/website/thumb/ea9534861300081a1d5e98dfafbb9206.jpg', '2018-07-16 07:42:05', '2018-07-16 07:42:05', 0, NULL, 0, 0, 0, 0, '', 3),
(40, '96355456', '1FADAEW798', 'W26OJBDEBRQPDV1', 345, 0, '', '345', 'SYUJWKM1MI7X2D6', NULL, 'sadfas', 'fgyu ,dsfgsd', 10, 'my-assets/image/product/website/thumb/84b4c638c262eed454354a22bfa463ca.png', '2018-07-03 01:08:25', '2018-07-02 12:33:18', 1, NULL, 0, 1, 1, 4, 'safasf', 1),
(41, 'I6XK8N62', 'NONJJSN6QO', 'ZKAYE257L8J7TP9', 44, NULL, '', 'a2z', '', 'C2YDWB5SBR58GW5', '', '', 4, 'my-assets/image/product/website/thumb/329f9c6f4b4cc8ee88a39c7f2276ec96.jpg', '2018-07-02 12:34:41', '2018-07-02 12:34:41', 0, NULL, 0, 0, NULL, NULL, NULL, 1),
(43, '91543285', '5F5KSZMX', '1SLTY1Y3HT6DT7Z', 432, 0, '', 'ggghh', '', NULL, '', '', 12, 'my-assets/image/product/website/thumb/425958702f8b272861c3b263bf78d6a7.jpg', '2018-07-15 01:49:57', NULL, 0, 12, 0, 0, 0, 0, '', 1),
(44, '23129511', '32MSXNYGKA', '26JRBXY8RNH45LN', 123, 0, 'V268OBIGCSGA2MK', '123444', 'NI8RX2OP74U99M9', 'GQ3DZ3N6QB2URPY', '', '', 123, 'my-assets/image/product/website/thumb/55f62bd58e75e5a1bcaa26b328c50fe7.jpg', '2018-07-15 02:06:56', NULL, 0, 15, 0, 0, 0, 0, '', 1),
(45, '99176147', '3RFOQW1E', '1SLTY1Y3HT6DT7Z', 452352, NULL, '', 'saaaaaaf', '', NULL, '', '', 4534, NULL, NULL, NULL, 0, 12, 0, 0, 0, 0, '', 1),
(46, '75329849', '3RFOQW1E', '1SLTY1Y3HT6DT7Z', 452352, NULL, '', '53ssf', '', NULL, '', '', 4534, NULL, NULL, NULL, 0, 12, 0, 0, 0, 0, '', 1),
(47, '11588177', '3RFOQW1E', 'AM4XWGPNAZVIDN2', 452352, 0, '', '12345', '', NULL, '', '', 4533, 'my-assets/image/product/website/thumb/62562ff432f1a015dbbd81d6c05e2391.jpg', '2018-07-16 07:28:56', '2018-07-15 02:22:49', 0, 50, 0, 0, 0, 0, '', 3),
(48, '72295248', '3RFOQW1E', 'AM4XWGPNAZVIDN2', 1500, 0, '', 'P-123', '', NULL, '', '', 10, 'my-assets/image/product/website/thumb/cd859b0099988041631f95347f1f6cd6.jpg', '2018-07-22 12:15:31', '2018-07-22 12:15:31', 0, 10, 0, 0, 0, 0, '', 2),
(49, '19641215', 'U3HEGA81', 'AM4XWGPNAZVIDN2', 1500, 0, '', 'SJ-1', '', NULL, '', '', 18, 'my-assets/image/product/website/thumb/dffc3bb71801abaf66cdb3d41dec5e78.jpg', '2018-07-22 07:46:55', NULL, 0, 32, 0, 0, 0, 0, '', 1),
(50, '25821698', 'U3HEGA81', '1SLTY1Y3HT6DT7Z', 2000, 0, '', 'SJ-2', '', NULL, '', '', 7, 'my-assets/image/product/website/thumb/11b234c641aa7e8faba9c19c2abf955b.jpg', '2018-07-26 07:08:06', '2018-07-22 12:12:30', 0, 12, 0, 0, 0, 0, '', 2),
(51, '23957662', 'U3HEGA81', '5E43MH7GWVO6PG8', 3000, 2500, '', 'SJ-3', '', NULL, '', '', -9, 'my-assets/image/product/website/thumb/550a80a12125993dbe491f1a7a49f50c.jpg', '2018-08-05 12:15:16', NULL, 0, 10, 1, 0, 1, 20, '', 2),
(52, '99984193', 'U3HEGA81', 'AM4XWGPNAZVIDN2', 5000, NULL, '', 'SJ-4', 'ALI9KUP7STZTKGM', NULL, '', '', 20, NULL, NULL, NULL, 0, 32, 0, 0, 0, 0, '', 1),
(53, '29348597', 'U3HEGA81', 'W26OJBDEBRQPDV1', 2000, 0, '', 'sj-5', '', NULL, '', '', 8, 'my-assets/image/product/website/thumb/235c312820f55d02f06f308159f7c45e.jpg', '2018-07-25 10:05:36', '2018-07-25 09:53:42', 0, 0, 0, 0, 0, 0, '', 1),
(54, '59968488', 'U3HEGA81', 'W26OJBDEBRQPDV1', 1200, 1000, '', 'sj-6', '', NULL, '', '', 13, 'my-assets/image/product/website/thumb/302962f2da3d65387327e031eaa37a77.jpg', '2018-08-05 10:15:51', NULL, 0, 0, 1, 0, 0, 7, '', 2),
(55, '65977112', 'XDFT8PPDSY', 'AM4XWGPNAZVIDN2', 12312, 0, '', 'adf12344', '', NULL, '', '', 73, 'my-assets/image/product/website/thumb/c10ca0ee1b3e44ede229c4df9b4465ed.jpg', '2018-08-05 12:12:44', NULL, 0, 32, 0, 0, 0, 0, '', 2);

-- --------------------------------------------------------

--
-- Table structure for table `product_review`
--

CREATE TABLE `product_review` (
  `product_review_id` int(11) NOT NULL,
  `product_id` varchar(255) DEFAULT NULL,
  `reviewer_id` varchar(255) DEFAULT NULL,
  `comments` text,
  `title` varchar(255) DEFAULT NULL,
  `rate` varchar(100) DEFAULT NULL,
  `date_time` varchar(255) DEFAULT NULL,
  `status` int(11) DEFAULT NULL
) ENGINE=InnoDB DEFAULT CHARSET=utf8;

--
-- Dumping data for table `product_review`
--

INSERT INTO `product_review` (`product_review_id`, `product_id`, `reviewer_id`, `comments`, `title`, `rate`, `date_time`, `status`) VALUES
(1, '18W4191Q', 'NDQFELJCUHDTKAQ', 'Nice', 'H1', '4', '2017-04-29 1:20:10', 1),
(2, 'VBD6GSL2', 'OQTF4YNXVA2Q2W1', 'good', 'H2', '3', '2018-04-18 ', 1),
(4, '42788115', 'YYBYR1AFJKWG4NV', 'Nice', 'Nice product', '4', '2018-04-20', 1),
(5, '42788115', 'YYBYR1AFJKWG4NV', 'This is review', 'Review', '4', '2015-04-29 1:20:10', 1),
(6, '42788115', 'NDQFELJCUHDTKAQ', 'Faltu', 'Faltu', '4', '2017-05-05', 1),
(7, '82462296', 'OQTF4YNXVA2Q2W1', 'No good', 'This is not good', '3', '2018-06-08', 1),
(8, '82462296', 'NDQFELJCUHDTKAQ', 'sdfasd', 'sfas', '2', '2018-04-29 10:17:45', 1),
(9, '89371666', '324', 'sdfsa', 'safas', '4', NULL, 1),
(10, '89371666', '4', 'sdfa', 'sdfa', '3', NULL, 1),
(11, '89371666', '45', '544', 'sdfs', '2', NULL, NULL),
(12, '18571267', '546', 'sdfsa', 'sdfa', '4', NULL, NULL),
(13, '45243132', '55', 'sdfsa', 'safdas', '2', NULL, NULL),
(14, '15587464', '13', 'dsas', 'sadfsa', '1', NULL, NULL),
(15, '54161157', '56', 'asfdsa', 'asdfa', '5', NULL, NULL);

-- --------------------------------------------------------

--
-- Table structure for table `product_title`
--

CREATE TABLE `product_title` (
  `product_title_id` int(255) NOT NULL,
  `product_id` varchar(255) NOT NULL,
  `lang_id` varchar(255) NOT NULL,
  `title` text NOT NULL,
  `status` int(11) NOT NULL DEFAULT '0'
) ENGINE=InnoDB DEFAULT CHARSET=utf8;

--
-- Dumping data for table `product_title`
--

INSERT INTO `product_title` (`product_title_id`, `product_id`, `lang_id`, `title`, `status`) VALUES
(3, '63277496', 'english', 'Ledd Tv', 1),
(4, '63277496', 'bangla', '', 1),
(5, '58817923', 'english', 'Jacket', 1),
(6, '58817923', 'bangla', '', 1),
(7, '99623484', 'english', 'LG-Pc', 1),
(8, '99623484', 'bangla', '<p>এলজি</p>', 1),
(9, '88738431', 'english', 'tewtwtew', 1),
(10, '88738431', 'bangla', '', 1),
(11, '82462296', 'english', 'test1', 1),
(12, '82462296', 'bangla', '', 1),
(13, '42788115', 'english', 'Blender', 1),
(14, '42788115', 'bangla', '<p>মিশ্রণকারী<br></p>', 1),
(15, '6', 'english', 'Nokia n-5', 1),
(16, '6', 'bangla', '<p>Nokia n-6 bangla</p>', 1),
(23, '81817696', 'english', '3D Monitor', 1),
(24, '81817696', 'bangla', '', 1),
(25, '39694127', 'english', 'Smart LED TV', 1),
(26, '39694127', 'bangla', '', 1),
(27, '34739648', 'english', 'CRT TV', 1),
(28, '34739648', 'bangla', '', 1),
(29, '18571267', 'english', 'This is title', 0),
(30, '18571267', 'bangla', '<p>This is bangla title<br></p>', 0),
(31, '89371666', 'english', 'sdfasfa', 1),
(32, '89371666', 'bangla', '', 1),
(33, '45243132', 'english', 'sdafdsa', 1),
(34, '45243132', 'bangla', '', 1),
(35, '54161157', 'english', 'fsd', 1),
(36, '54161157', 'bangla', '', 1),
(37, '15587464', 'english', 'TEst', 0),
(38, '15587464', 'bangla', '', 0),
(41, '58671882', 'english', 'Samsung TV', 0),
(42, '58671882', 'bangla', '', 0),
(43, '58455786', 'english', 'In stk', 0),
(44, '58455786', 'bangla', '', 0),
(45, '39488535', 'english', 'Juice', 0),
(46, '39488535', 'bangla', '', 0),
(47, '65989988', 'english', 'Vatica olil', 0),
(48, '65989988', 'bangla', '', 0),
(49, '39714258', 'english', 'Electronisc product', 1),
(50, '39714258', 'bangla', '', 1),
(51, '36757868', 'english', 'eng title', 1),
(52, '36757868', 'bangla', 'Bangla title', 1),
(53, '93746656', 'english', 'Jwersy', 1),
(54, '93746656', 'bangla', '', 1),
(55, '77946178', 'english', 'Three', 1),
(56, '77946178', 'bangla', '', 1),
(57, '96355456', 'english', '100% cotton print', 1),
(58, '96355456', 'bangla', '', 1),
(59, 'I6XK8N62', 'english', 'Upload test', 1),
(60, 'I6XK8N62', 'bangla', '', 1),
(63, '91543285', 'english', 'hhhhh', 1),
(64, '91543285', 'bangla', '', 1),
(65, '23129511', 'english', 'test123', 1),
(66, '23129511', 'bangla', '', 1),
(67, '11588177', 'english', 'test', 1),
(68, '11588177', 'bangla', '', 1),
(69, '72295248', 'english', 'BD-123', 1),
(70, '72295248', 'bangla', '', 1),
(71, '19641215', 'english', 'Sarwar Shoe', 1),
(72, '19641215', 'bangla', '', 1),
(73, '19641215', 'message_send_successfully', '', 1),
(74, '25821698', 'english', 'Sarwar Mouse', 1),
(75, '25821698', 'bangla', '', 1),
(76, '25821698', 'message_send_successfully', '', 1),
(77, '23957662', 'english', 'Pietre', 1),
(78, '23957662', 'bangla', '', 1),
(79, '23957662', 'message_send_successfully', '', 1),
(80, '29348597', 'english', 'SJ-5', 1),
(81, '29348597', 'bangla', '', 1),
(82, '29348597', 'message_send_successfully', '', 1),
(83, '59968488', 'english', 'test', 1),
(84, '59968488', 'bangla', '', 1),
(85, '65977112', 'english', 'TEST', 1),
(86, '65977112', 'bangla', '', 1);

-- --------------------------------------------------------

--
-- Table structure for table `quantiy_log`
--

CREATE TABLE `quantiy_log` (
  `id` int(11) NOT NULL,
  `upload_id` int(11) DEFAULT NULL,
  `product_id` varchar(100) NOT NULL,
  `date` varchar(100) NOT NULL,
  `quantity` int(11) NOT NULL,
  `pre_quantity` int(11) NOT NULL DEFAULT '0'
) ENGINE=InnoDB DEFAULT CHARSET=utf8;

--
-- Dumping data for table `quantiy_log`
--

INSERT INTO `quantiy_log` (`id`, `upload_id`, `product_id`, `date`, `quantity`, `pre_quantity`) VALUES
(3, NULL, '63277496', '2018-07-25', 10, 0),
(4, NULL, '63277496', '2018-07-25', 6, 0),
(5, NULL, '23957662', '2018-07-26 08:24:35', 10, 117),
(8, NULL, '23957662', '2018-07-26', 10, 0),
(9, NULL, '63277496', '2018-07-30', 10, -1),
(10, NULL, '63277496', '2018-07-30', 1, 9),
(11, NULL, '63277496', '2018-07-30', 5, 10),
(12, NULL, '65977112', '2018-08-02', 123, 0),
(14, NULL, '93746656', '2018-08-05', 10, 0),
(15, NULL, '93746656', '2018-08-05', -5, 10),
(16, NULL, '93746656', '2018-08-05', -5, 5),
(17, NULL, '65977112', '2018-08-05', -50, 123),
(18, NULL, '65977112', '2018-08-05', 10, 73),
(19, NULL, '59968488', '2018-08-05', 10, 0),
(20, NULL, '59968488', '2018-08-05', 10, 0),
(21, NULL, '59968488', '2018-08-05', -5, 0),
(22, NULL, '59968488', '2018-08-05', -5, 0),
(23, NULL, '59968488', '2018-08-05', 10, 6),
(24, NULL, '65977112', '2018-08-05', -10, 83),
(25, NULL, '23957662', '2018-08-05', -10, -3);

-- --------------------------------------------------------

--
-- Table structure for table `sec_menu_item`
--

CREATE TABLE `sec_menu_item` (
  `menu_id` int(11) NOT NULL,
  `menu_title` varchar(200) COLLATE utf8_unicode_ci DEFAULT NULL,
  `page_url` varchar(250) COLLATE utf8_unicode_ci DEFAULT NULL,
  `module` varchar(200) COLLATE utf8_unicode_ci DEFAULT NULL,
  `parent_menu` int(11) DEFAULT NULL,
  `is_report` tinyint(1) DEFAULT NULL,
  `createby` int(11) NOT NULL,
  `createdate` datetime NOT NULL
) ENGINE=InnoDB DEFAULT CHARSET=utf8 COLLATE=utf8_unicode_ci;

--
-- Dumping data for table `sec_menu_item`
--

INSERT INTO `sec_menu_item` (`menu_id`, `menu_title`, `page_url`, `module`, `parent_menu`, `is_report`, `createby`, `createdate`) VALUES
(1, 'invoice', '', 'invoice', 0, 0, 1, '2018-08-01 00:00:00'),
(2, 'new_invoice', '', 'invoice', 1, 0, 1, '2018-08-01 00:00:00'),
(3, 'manage_invoice', NULL, 'invoice', 1, 0, 1, '2018-08-01 00:00:00'),
(4, 'order', '', 'order', 0, 0, 1, '2018-08-01 00:00:00'),
(5, 'new_order', NULL, 'order', 4, 0, 1, '2018-08-01 00:00:00'),
(6, 'manage_order', NULL, 'order', 4, 0, 1, '2018-08-01 00:00:00'),
(7, 'pre_order', '', 'pre_order', 0, 0, 1, '2018-08-02 00:00:00'),
(8, 'manage_pre_order', NULL, 'pre_order', 7, 0, 1, '2018-08-02 00:00:00'),
(9, 'stock_management', '', 'stock_management', 0, 0, 1, '2018-08-02 00:00:00'),
(10, 'order_tracking', '', 'order_tracking', 0, 0, 1, '2018-08-02 00:00:00'),
(11, 'product', '', 'product', 0, 0, 1, '2018-08-02 00:00:00'),
(12, 'add_product', '', 'product', 11, 0, 1, '2018-08-02 00:00:00'),
(13, 'manage_product', '', 'product', 11, 0, 1, '2018-08-02 00:00:00'),
(14, 'pending_product', '', 'product', 11, 0, 1, '2018-08-02 00:00:00'),
(15, 'denied_product', '', 'product', 11, 0, 1, '2018-08-02 00:00:00'),
(16, 'customer', '', 'customer', 0, 0, 1, '2018-08-02 00:00:00'),
(17, 'manage_customer', '', 'customer', 16, 0, 1, '2018-08-02 00:00:00'),
(18, 'customer_details', '', 'customer', 16, 0, 1, '2018-08-02 00:00:00'),
(19, 'add_customer', '', 'customer', 16, 0, 1, '2018-08-02 00:00:00'),
(20, 'seller', '', 'seller', 0, 0, 1, '2018-08-02 00:00:00'),
(21, 'add_seller', '', 'seller', 20, 0, 1, '2018-08-02 00:00:00'),
(22, 'manage_seller', '', 'seller', 20, 0, 1, '2018-08-02 00:00:00'),
(23, 'seller_policy', '', 'seller', 20, 0, 1, '2018-08-02 00:00:00'),
(24, 'category', '', 'category', 0, 0, 1, '2018-08-02 00:00:00'),
(25, 'add_category', '', 'category', 24, 0, 1, '2018-08-02 00:00:00'),
(26, 'manage_category', '', 'category', 24, 0, 1, '2018-08-02 00:00:00'),
(27, 'brand', '', 'brand', 0, 0, 1, '2018-08-02 00:00:00'),
(28, 'add_brand', '', 'brand', 27, 0, 1, '2018-08-02 00:00:00'),
(29, 'manage_brand', '', 'brand', 27, 0, 1, '2018-08-02 00:00:00'),
(30, 'variant', '', 'variant', 0, 0, 1, '2018-08-02 00:00:00'),
(31, 'add_variant', '', 'variant', 30, 0, 1, '2018-08-02 00:00:00'),
(32, 'manage_variant', '', 'variant', 30, 0, 1, '2018-08-02 00:00:00'),
(33, 'unit', '', 'unit', 0, 0, 1, '2018-08-02 00:00:00'),
(34, 'add_unit', '', 'unit', 33, 0, 1, '2018-08-02 00:00:00'),
(35, 'manage_unit', '', 'unit', 33, 0, 1, '2018-08-02 00:00:00'),
(36, 'comission', '', 'comission', 0, 0, 1, '2018-08-02 00:00:00'),
(37, 'add_comission', '', 'comission', 36, 0, 1, '2018-08-02 00:00:00'),
(38, 'comission_report', '', 'comission', 36, 0, 1, '2018-08-02 00:00:00'),
(39, 'currency', '', 'currency', 0, 0, 1, '2018-08-02 00:00:00'),
(40, 'add_currency', '', 'currency', 39, 0, 1, '2018-08-02 00:00:00'),
(41, 'manage_currency', '', 'currency', 39, 0, 1, '2018-08-02 00:00:00'),
(42, 'email_template', '', 'email_template', 0, 0, 1, '2018-08-02 00:00:00'),
(43, 'add_template', '', 'email_template', 42, 0, 1, '2018-08-02 00:00:00'),
(44, 'manage_template', '', 'email_template', 42, 0, 1, '2018-08-02 00:00:00'),
(45, 'sales_report', '', 'sales_report', 0, 0, 1, '2018-08-02 00:00:00'),
(46, 'sales_overview_report', '', 'sales_report', 45, 0, 1, '2018-08-02 00:00:00'),
(47, 'sales_details_report', '', 'sales_report', 45, 0, 1, '2018-08-02 00:00:00'),
(48, 'accounts', '', 'accounts', 0, 0, 1, '2018-08-02 00:00:00'),
(49, 'payment', '', 'accounts', 48, 0, 1, '2018-08-02 00:00:00'),
(50, 'manage_payment', '', 'accounts', 48, 0, 1, '2018-08-02 00:00:00'),
(51, 'payment_report', '', 'accounts', 48, 0, 1, '2018-08-02 00:00:00'),
(52, 'data_synchronizer', '', 'data_synchronizer', 0, 0, 1, '2018-08-02 00:00:00'),
(53, 'synchronize', '', 'data_synchronizer', 52, 0, 1, '2018-08-02 00:00:00'),
(54, 'backup_and_restore', '', 'data_synchronizer', 52, 0, 1, '2018-08-02 00:00:00'),
(55, 'web_settings', '', 'web_settings', 0, 0, 1, '2018-08-02 00:00:00'),
(56, 'add_slider', '', 'web_settings', 55, 0, 1, '2018-08-02 00:00:00'),
(57, 'manage_slider', '', 'web_settings', 55, 0, 1, '2018-08-02 00:00:00'),
(58, 'add_advertise', '', 'web_settings', 55, 0, 1, '2018-08-02 00:00:00'),
(59, 'manage_advertise', '', 'web_settings', 55, 0, 1, '2018-08-02 00:00:00'),
(60, 'add_block', '', 'web_settings', 55, 0, 1, '2018-08-02 00:00:00'),
(61, 'manage_block', '', 'web_settings', 55, 0, 1, '2018-08-02 00:00:00'),
(62, 'manage_product_review', '', 'web_settings', 55, 0, 1, '2018-08-02 00:00:00'),
(63, 'manage_subscriber', '', 'web_settings', 55, 0, 1, '2018-08-02 00:00:00'),
(64, 'manage_wishlist', '', 'web_settings', 55, 0, 1, '2018-08-02 00:00:00'),
(65, 'add_web_footer', '', 'web_settings', 55, 0, 1, '2018-08-02 00:00:00'),
(66, 'manage_web_footer', '', 'web_settings', 55, 0, 1, '2018-08-02 00:00:00'),
(67, 'add_link_page', '', 'web_settings', 55, 0, 1, '2018-08-02 00:00:00'),
(68, 'manage_link_page', '', 'web_settings', 55, 0, 1, '2018-08-02 00:00:00'),
(69, 'add_coupon', '', 'web_settings', 55, 0, 1, '2018-08-02 00:00:00'),
(70, 'manage_coupon', '', 'web_settings', 55, 0, 1, '2018-08-02 00:00:00'),
(71, 'manage_contact', '', 'web_settings', 55, 0, 1, '2018-08-02 00:00:00'),
(73, 'manage_about_us', '', 'web_settings', 55, 0, 1, '2018-08-02 00:00:00'),
(74, 'add_about_us', '', 'web_settings', 55, 0, 1, '2018-08-02 00:00:00'),
(75, 'add_our_location', '', 'web_settings', 55, 0, 1, '2018-08-02 00:00:00'),
(76, 'add_shipping_method', '', 'web_settings', 55, 0, 1, '2018-08-02 00:00:00'),
(77, 'manage_shipping_method', '', 'web_settings', 55, 0, 1, '2018-08-02 00:00:00'),
(78, 'software_settings', '', 'software_settings', 0, 0, 1, '2018-08-02 00:00:00'),
(79, 'manage_company', '', 'software_settings', 78, 0, 1, '2018-08-02 00:00:00'),
(80, 'add_user', '', 'software_settings', 78, 0, 1, '2018-08-02 00:00:00'),
(81, 'manage_users', '', 'software_settings', 78, 0, 1, '2018-08-02 00:00:00'),
(82, 'language', '', 'software_settings', 78, 0, 1, '2018-08-02 00:00:00'),
(83, 'email_configuration', '', 'software_settings', 78, 0, 1, '2018-08-02 00:00:00'),
(84, 'payment_gateway_setting', '', 'software_settings', 78, 0, 1, '2018-08-02 00:00:00'),
(85, 'social_setting', '', 'software_settings', 78, 0, 1, '2018-08-02 00:00:00'),
(86, 'setting', '', 'software_settings', 78, 0, 1, '2018-08-02 00:00:00'),
(87, 'role', '', 'software_settings', 78, 0, 1, '2018-08-02 00:00:00'),
(88, 'permission_setup', '', 'software_settings', 87, 0, 1, '2018-08-02 00:00:00'),
(89, 'add_role', '', 'software_settings', 87, 0, 1, '2018-08-02 00:00:00'),
(90, 'role_list', '', 'software_settings', 87, 0, 1, '2018-08-02 00:00:00'),
(91, 'user_access_role', '', 'software_settings', 87, 0, 1, '2018-08-02 00:00:00'),
(92, 'user_profile', '', 'user_profile', 0, 0, 1, '2018-08-02 00:00:00'),
(93, 'change_password', '', 'change_password', 0, 0, 1, '2018-08-02 00:00:00'),
(94, 'pending_seller', '', 'seller', 20, 0, 1, '2018-08-02 00:00:00'),
(95, 'pending_order', '', 'order', 4, 0, 1, '2018-08-02 00:00:00'),
(96, 'manage_comission', '', 'comission', 36, 0, 1, '2018-08-02 00:00:00'),
(97, 'add_wishlist', '', 'web_settings', 55, 0, 1, '2018-08-04 00:00:00'),
(98, 'manage_our_location', '', 'web_settings', 55, 0, 1, '2018-08-04 00:00:00');

-- --------------------------------------------------------

--
-- Table structure for table `sec_role_permission`
--

CREATE TABLE `sec_role_permission` (
  `id` bigint(20) NOT NULL,
  `role_id` int(11) NOT NULL,
  `menu_id` int(11) NOT NULL,
  `can_access` tinyint(1) NOT NULL,
  `can_create` tinyint(1) NOT NULL,
  `can_edit` tinyint(1) NOT NULL,
  `can_delete` tinyint(1) NOT NULL,
  `createby` int(11) NOT NULL,
  `createdate` datetime NOT NULL
) ENGINE=InnoDB DEFAULT CHARSET=utf8 COLLATE=utf8_unicode_ci;

--
-- Dumping data for table `sec_role_permission`
--

INSERT INTO `sec_role_permission` (`id`, `role_id`, `menu_id`, `can_access`, `can_create`, `can_edit`, `can_delete`, `createby`, `createdate`) VALUES
(189, 3, 1, 0, 0, 0, 0, 0, '2018-08-02 08:40:22'),
(190, 3, 2, 0, 0, 0, 0, 0, '2018-08-02 08:40:22'),
(191, 3, 3, 0, 0, 0, 0, 0, '2018-08-02 08:40:22'),
(192, 3, 4, 0, 0, 1, 0, 0, '2018-08-02 08:40:22'),
(193, 3, 5, 0, 0, 0, 0, 0, '2018-08-02 08:40:22'),
(194, 3, 6, 0, 0, 1, 0, 0, '2018-08-02 08:40:22'),
(195, 3, 95, 0, 0, 0, 0, 0, '2018-08-02 08:40:22'),
(196, 3, 7, 0, 0, 0, 0, 0, '2018-08-02 08:40:22'),
(197, 3, 8, 0, 0, 0, 0, 0, '2018-08-02 08:40:22'),
(198, 3, 9, 0, 0, 0, 0, 0, '2018-08-02 08:40:22'),
(199, 3, 10, 0, 0, 0, 0, 0, '2018-08-02 08:40:22'),
(200, 3, 11, 0, 0, 0, 0, 0, '2018-08-02 08:40:22'),
(201, 3, 12, 0, 0, 0, 0, 0, '2018-08-02 08:40:22'),
(202, 3, 13, 0, 0, 0, 0, 0, '2018-08-02 08:40:22'),
(203, 3, 14, 0, 0, 0, 0, 0, '2018-08-02 08:40:22'),
(204, 3, 15, 0, 0, 0, 0, 0, '2018-08-02 08:40:22'),
(205, 3, 16, 0, 0, 0, 0, 0, '2018-08-02 08:40:22'),
(206, 3, 17, 0, 0, 0, 0, 0, '2018-08-02 08:40:22'),
(207, 3, 18, 0, 0, 0, 0, 0, '2018-08-02 08:40:22'),
(208, 3, 19, 0, 0, 0, 0, 0, '2018-08-02 08:40:22'),
(209, 3, 20, 0, 0, 0, 0, 0, '2018-08-02 08:40:22'),
(210, 3, 21, 0, 0, 0, 0, 0, '2018-08-02 08:40:22'),
(211, 3, 22, 0, 0, 0, 0, 0, '2018-08-02 08:40:22'),
(212, 3, 23, 0, 0, 0, 0, 0, '2018-08-02 08:40:22'),
(213, 3, 94, 0, 0, 0, 0, 0, '2018-08-02 08:40:22'),
(214, 3, 24, 0, 0, 0, 0, 0, '2018-08-02 08:40:22'),
(215, 3, 25, 0, 0, 0, 0, 0, '2018-08-02 08:40:22'),
(216, 3, 26, 0, 0, 0, 0, 0, '2018-08-02 08:40:22'),
(217, 3, 27, 0, 0, 0, 0, 0, '2018-08-02 08:40:22'),
(218, 3, 28, 0, 0, 0, 0, 0, '2018-08-02 08:40:22'),
(219, 3, 29, 0, 0, 0, 0, 0, '2018-08-02 08:40:22'),
(220, 3, 30, 0, 0, 0, 0, 0, '2018-08-02 08:40:22'),
(221, 3, 31, 0, 0, 0, 0, 0, '2018-08-02 08:40:22'),
(222, 3, 32, 0, 0, 0, 0, 0, '2018-08-02 08:40:22'),
(223, 3, 33, 0, 0, 0, 0, 0, '2018-08-02 08:40:22'),
(224, 3, 34, 0, 0, 0, 0, 0, '2018-08-02 08:40:22'),
(225, 3, 35, 0, 0, 0, 0, 0, '2018-08-02 08:40:22'),
(226, 3, 36, 0, 0, 0, 0, 0, '2018-08-02 08:40:22'),
(227, 3, 37, 0, 0, 0, 0, 0, '2018-08-02 08:40:22'),
(228, 3, 38, 0, 0, 0, 0, 0, '2018-08-02 08:40:22'),
(229, 3, 39, 0, 0, 0, 0, 0, '2018-08-02 08:40:22'),
(230, 3, 40, 0, 0, 0, 0, 0, '2018-08-02 08:40:22'),
(231, 3, 41, 0, 0, 0, 0, 0, '2018-08-02 08:40:22'),
(232, 3, 42, 0, 0, 0, 0, 0, '2018-08-02 08:40:22'),
(233, 3, 43, 0, 0, 0, 0, 0, '2018-08-02 08:40:22'),
(234, 3, 44, 0, 0, 0, 0, 0, '2018-08-02 08:40:22'),
(235, 3, 45, 1, 0, 0, 0, 0, '2018-08-02 08:40:22'),
(236, 3, 46, 1, 0, 0, 0, 0, '2018-08-02 08:40:22'),
(237, 3, 47, 1, 0, 0, 0, 0, '2018-08-02 08:40:22'),
(238, 3, 48, 0, 0, 0, 0, 0, '2018-08-02 08:40:22'),
(239, 3, 49, 0, 0, 0, 0, 0, '2018-08-02 08:40:22'),
(240, 3, 50, 0, 0, 0, 0, 0, '2018-08-02 08:40:22'),
(241, 3, 51, 0, 0, 0, 0, 0, '2018-08-02 08:40:22'),
(242, 3, 52, 0, 0, 0, 0, 0, '2018-08-02 08:40:22'),
(243, 3, 53, 0, 0, 0, 0, 0, '2018-08-02 08:40:22'),
(244, 3, 54, 0, 0, 0, 0, 0, '2018-08-02 08:40:22'),
(245, 3, 55, 0, 0, 0, 0, 0, '2018-08-02 08:40:22'),
(246, 3, 56, 0, 0, 0, 0, 0, '2018-08-02 08:40:22'),
(247, 3, 57, 0, 0, 0, 0, 0, '2018-08-02 08:40:22'),
(248, 3, 58, 0, 0, 0, 0, 0, '2018-08-02 08:40:22'),
(249, 3, 59, 0, 0, 0, 0, 0, '2018-08-02 08:40:22'),
(250, 3, 60, 0, 0, 0, 0, 0, '2018-08-02 08:40:22'),
(251, 3, 61, 0, 0, 0, 0, 0, '2018-08-02 08:40:22'),
(252, 3, 62, 0, 0, 0, 0, 0, '2018-08-02 08:40:22'),
(253, 3, 63, 0, 0, 0, 0, 0, '2018-08-02 08:40:22'),
(254, 3, 64, 0, 0, 0, 0, 0, '2018-08-02 08:40:22'),
(255, 3, 65, 0, 0, 0, 0, 0, '2018-08-02 08:40:22'),
(256, 3, 66, 0, 0, 0, 0, 0, '2018-08-02 08:40:22'),
(257, 3, 67, 0, 0, 0, 0, 0, '2018-08-02 08:40:22'),
(258, 3, 68, 0, 0, 0, 0, 0, '2018-08-02 08:40:22'),
(259, 3, 69, 0, 0, 0, 0, 0, '2018-08-02 08:40:22'),
(260, 3, 70, 0, 0, 0, 0, 0, '2018-08-02 08:40:22'),
(261, 3, 71, 0, 0, 0, 0, 0, '2018-08-02 08:40:22'),
(262, 3, 73, 0, 0, 0, 0, 0, '2018-08-02 08:40:22'),
(263, 3, 74, 0, 0, 0, 0, 0, '2018-08-02 08:40:22'),
(264, 3, 75, 0, 0, 0, 0, 0, '2018-08-02 08:40:22'),
(265, 3, 76, 0, 0, 0, 0, 0, '2018-08-02 08:40:22'),
(266, 3, 77, 0, 0, 0, 0, 0, '2018-08-02 08:40:22'),
(267, 3, 78, 0, 0, 0, 0, 0, '2018-08-02 08:40:22'),
(268, 3, 79, 0, 0, 0, 0, 0, '2018-08-02 08:40:22'),
(269, 3, 80, 0, 0, 0, 0, 0, '2018-08-02 08:40:22'),
(270, 3, 81, 0, 0, 0, 0, 0, '2018-08-02 08:40:22'),
(271, 3, 82, 0, 0, 0, 0, 0, '2018-08-02 08:40:22'),
(272, 3, 83, 0, 0, 0, 0, 0, '2018-08-02 08:40:22'),
(273, 3, 84, 0, 0, 0, 0, 0, '2018-08-02 08:40:22'),
(274, 3, 85, 0, 0, 0, 0, 0, '2018-08-02 08:40:22'),
(275, 3, 86, 0, 0, 0, 0, 0, '2018-08-02 08:40:22'),
(276, 3, 87, 0, 0, 0, 0, 0, '2018-08-02 08:40:22'),
(277, 3, 88, 0, 0, 0, 0, 0, '2018-08-02 08:40:22'),
(278, 3, 89, 0, 0, 0, 0, 0, '2018-08-02 08:40:22'),
(279, 3, 90, 0, 0, 0, 0, 0, '2018-08-02 08:40:22'),
(280, 3, 91, 0, 0, 0, 0, 0, '2018-08-02 08:40:22'),
(281, 3, 92, 0, 0, 0, 0, 0, '2018-08-02 08:40:22'),
(282, 3, 93, 0, 0, 0, 0, 0, '2018-08-02 08:40:22'),
(283, 4, 1, 1, 0, 0, 0, 0, '2018-08-02 08:41:45'),
(284, 4, 2, 1, 0, 0, 0, 0, '2018-08-02 08:41:45'),
(285, 4, 3, 1, 0, 0, 0, 0, '2018-08-02 08:41:45'),
(286, 4, 4, 1, 0, 0, 0, 0, '2018-08-02 08:41:45'),
(287, 4, 5, 1, 0, 0, 0, 0, '2018-08-02 08:41:45'),
(288, 4, 6, 1, 0, 0, 0, 0, '2018-08-02 08:41:45'),
(289, 4, 95, 1, 0, 0, 0, 0, '2018-08-02 08:41:45'),
(290, 4, 7, 1, 0, 0, 0, 0, '2018-08-02 08:41:45'),
(291, 4, 8, 1, 0, 0, 0, 0, '2018-08-02 08:41:45'),
(292, 4, 9, 1, 0, 0, 0, 0, '2018-08-02 08:41:45'),
(293, 4, 10, 1, 0, 0, 0, 0, '2018-08-02 08:41:45'),
(294, 4, 11, 1, 0, 0, 0, 0, '2018-08-02 08:41:45'),
(295, 4, 12, 1, 0, 0, 0, 0, '2018-08-02 08:41:45'),
(296, 4, 13, 1, 0, 0, 0, 0, '2018-08-02 08:41:45'),
(297, 4, 14, 1, 0, 0, 0, 0, '2018-08-02 08:41:45'),
(298, 4, 15, 1, 0, 0, 0, 0, '2018-08-02 08:41:45'),
(299, 4, 16, 1, 0, 0, 0, 0, '2018-08-02 08:41:45'),
(300, 4, 17, 1, 0, 0, 0, 0, '2018-08-02 08:41:45'),
(301, 4, 18, 1, 0, 0, 0, 0, '2018-08-02 08:41:45'),
(302, 4, 19, 1, 0, 0, 0, 0, '2018-08-02 08:41:45'),
(303, 4, 20, 1, 0, 0, 0, 0, '2018-08-02 08:41:45'),
(304, 4, 21, 1, 0, 0, 0, 0, '2018-08-02 08:41:45'),
(305, 4, 22, 1, 0, 0, 0, 0, '2018-08-02 08:41:45'),
(306, 4, 23, 1, 0, 0, 0, 0, '2018-08-02 08:41:45'),
(307, 4, 94, 1, 0, 0, 0, 0, '2018-08-02 08:41:45'),
(308, 4, 24, 1, 0, 0, 0, 0, '2018-08-02 08:41:45'),
(309, 4, 25, 1, 0, 0, 0, 0, '2018-08-02 08:41:45'),
(310, 4, 26, 1, 0, 0, 0, 0, '2018-08-02 08:41:45'),
(311, 4, 27, 1, 0, 0, 0, 0, '2018-08-02 08:41:45'),
(312, 4, 28, 1, 0, 0, 0, 0, '2018-08-02 08:41:45'),
(313, 4, 29, 1, 0, 0, 0, 0, '2018-08-02 08:41:45'),
(314, 4, 30, 1, 0, 0, 0, 0, '2018-08-02 08:41:45'),
(315, 4, 31, 1, 0, 0, 0, 0, '2018-08-02 08:41:45'),
(316, 4, 32, 1, 0, 0, 0, 0, '2018-08-02 08:41:45'),
(317, 4, 33, 1, 0, 0, 0, 0, '2018-08-02 08:41:45'),
(318, 4, 34, 1, 0, 0, 0, 0, '2018-08-02 08:41:45'),
(319, 4, 35, 1, 0, 0, 0, 0, '2018-08-02 08:41:45'),
(320, 4, 36, 1, 0, 0, 0, 0, '2018-08-02 08:41:45'),
(321, 4, 37, 1, 0, 0, 0, 0, '2018-08-02 08:41:45'),
(322, 4, 38, 1, 0, 0, 0, 0, '2018-08-02 08:41:45'),
(323, 4, 39, 1, 0, 0, 0, 0, '2018-08-02 08:41:45'),
(324, 4, 40, 1, 0, 0, 0, 0, '2018-08-02 08:41:45'),
(325, 4, 41, 1, 0, 0, 0, 0, '2018-08-02 08:41:45'),
(326, 4, 42, 1, 0, 0, 0, 0, '2018-08-02 08:41:45'),
(327, 4, 43, 1, 0, 0, 0, 0, '2018-08-02 08:41:45'),
(328, 4, 44, 1, 0, 0, 0, 0, '2018-08-02 08:41:45'),
(329, 4, 45, 1, 0, 0, 0, 0, '2018-08-02 08:41:45'),
(330, 4, 46, 1, 0, 0, 0, 0, '2018-08-02 08:41:45'),
(331, 4, 47, 1, 0, 0, 0, 0, '2018-08-02 08:41:45'),
(332, 4, 48, 1, 0, 0, 0, 0, '2018-08-02 08:41:45'),
(333, 4, 49, 1, 0, 0, 0, 0, '2018-08-02 08:41:45'),
(334, 4, 50, 1, 0, 0, 0, 0, '2018-08-02 08:41:45'),
(335, 4, 51, 1, 0, 0, 0, 0, '2018-08-02 08:41:45'),
(336, 4, 52, 0, 0, 0, 0, 0, '2018-08-02 08:41:45'),
(337, 4, 53, 0, 0, 0, 0, 0, '2018-08-02 08:41:45'),
(338, 4, 54, 0, 0, 0, 0, 0, '2018-08-02 08:41:45'),
(339, 4, 55, 0, 0, 0, 0, 0, '2018-08-02 08:41:45'),
(340, 4, 56, 0, 0, 0, 0, 0, '2018-08-02 08:41:45'),
(341, 4, 57, 0, 0, 0, 0, 0, '2018-08-02 08:41:45'),
(342, 4, 58, 0, 0, 0, 0, 0, '2018-08-02 08:41:45'),
(343, 4, 59, 0, 0, 0, 0, 0, '2018-08-02 08:41:45'),
(344, 4, 60, 0, 0, 0, 0, 0, '2018-08-02 08:41:45'),
(345, 4, 61, 0, 0, 0, 0, 0, '2018-08-02 08:41:45'),
(346, 4, 62, 0, 0, 0, 0, 0, '2018-08-02 08:41:45'),
(347, 4, 63, 0, 0, 0, 0, 0, '2018-08-02 08:41:45'),
(348, 4, 64, 0, 0, 0, 0, 0, '2018-08-02 08:41:45'),
(349, 4, 65, 0, 0, 0, 0, 0, '2018-08-02 08:41:45'),
(350, 4, 66, 0, 0, 0, 0, 0, '2018-08-02 08:41:45'),
(351, 4, 67, 0, 0, 0, 0, 0, '2018-08-02 08:41:45'),
(352, 4, 68, 0, 0, 0, 0, 0, '2018-08-02 08:41:45'),
(353, 4, 69, 0, 0, 0, 0, 0, '2018-08-02 08:41:45'),
(354, 4, 70, 0, 0, 0, 0, 0, '2018-08-02 08:41:45'),
(355, 4, 71, 0, 0, 0, 0, 0, '2018-08-02 08:41:45'),
(356, 4, 73, 0, 0, 0, 0, 0, '2018-08-02 08:41:45'),
(357, 4, 74, 0, 0, 0, 0, 0, '2018-08-02 08:41:45'),
(358, 4, 75, 0, 0, 0, 0, 0, '2018-08-02 08:41:45'),
(359, 4, 76, 0, 0, 0, 0, 0, '2018-08-02 08:41:45'),
(360, 4, 77, 0, 0, 0, 0, 0, '2018-08-02 08:41:45'),
(361, 4, 78, 0, 0, 0, 0, 0, '2018-08-02 08:41:45'),
(362, 4, 79, 0, 0, 0, 0, 0, '2018-08-02 08:41:45'),
(363, 4, 80, 0, 0, 0, 0, 0, '2018-08-02 08:41:45'),
(364, 4, 81, 0, 0, 0, 0, 0, '2018-08-02 08:41:45'),
(365, 4, 82, 0, 0, 0, 0, 0, '2018-08-02 08:41:45'),
(366, 4, 83, 0, 0, 0, 0, 0, '2018-08-02 08:41:45'),
(367, 4, 84, 0, 0, 0, 0, 0, '2018-08-02 08:41:45'),
(368, 4, 85, 0, 0, 0, 0, 0, '2018-08-02 08:41:45'),
(369, 4, 86, 0, 0, 0, 0, 0, '2018-08-02 08:41:45'),
(370, 4, 87, 0, 0, 0, 0, 0, '2018-08-02 08:41:45'),
(371, 4, 88, 0, 0, 0, 0, 0, '2018-08-02 08:41:45'),
(372, 4, 89, 0, 0, 0, 0, 0, '2018-08-02 08:41:45'),
(373, 4, 90, 0, 0, 0, 0, 0, '2018-08-02 08:41:45'),
(374, 4, 91, 0, 0, 0, 0, 0, '2018-08-02 08:41:45'),
(375, 4, 92, 0, 0, 0, 0, 0, '2018-08-02 08:41:45'),
(376, 4, 93, 0, 0, 0, 0, 0, '2018-08-02 08:41:45'),
(377, 5, 1, 0, 0, 0, 0, 0, '2018-08-02 08:42:36'),
(378, 5, 2, 0, 0, 0, 0, 0, '2018-08-02 08:42:36'),
(379, 5, 3, 0, 0, 0, 0, 0, '2018-08-02 08:42:36'),
(380, 5, 4, 0, 0, 0, 0, 0, '2018-08-02 08:42:36'),
(381, 5, 5, 0, 0, 0, 0, 0, '2018-08-02 08:42:36'),
(382, 5, 6, 0, 0, 0, 0, 0, '2018-08-02 08:42:36'),
(383, 5, 95, 0, 0, 0, 0, 0, '2018-08-02 08:42:36'),
(384, 5, 7, 0, 0, 0, 0, 0, '2018-08-02 08:42:36'),
(385, 5, 8, 0, 0, 0, 0, 0, '2018-08-02 08:42:36'),
(386, 5, 9, 0, 0, 0, 0, 0, '2018-08-02 08:42:36'),
(387, 5, 10, 0, 0, 0, 0, 0, '2018-08-02 08:42:36'),
(388, 5, 11, 0, 1, 1, 0, 0, '2018-08-02 08:42:36'),
(389, 5, 12, 0, 1, 1, 0, 0, '2018-08-02 08:42:36'),
(390, 5, 13, 0, 0, 1, 0, 0, '2018-08-02 08:42:36'),
(391, 5, 14, 0, 0, 0, 0, 0, '2018-08-02 08:42:36'),
(392, 5, 15, 0, 0, 0, 0, 0, '2018-08-02 08:42:36'),
(393, 5, 16, 0, 0, 0, 0, 0, '2018-08-02 08:42:36'),
(394, 5, 17, 0, 0, 0, 0, 0, '2018-08-02 08:42:36'),
(395, 5, 18, 0, 0, 0, 0, 0, '2018-08-02 08:42:36'),
(396, 5, 19, 0, 0, 0, 0, 0, '2018-08-02 08:42:36'),
(397, 5, 20, 0, 0, 0, 0, 0, '2018-08-02 08:42:36'),
(398, 5, 21, 0, 0, 0, 0, 0, '2018-08-02 08:42:36'),
(399, 5, 22, 0, 0, 0, 0, 0, '2018-08-02 08:42:36'),
(400, 5, 23, 0, 0, 0, 0, 0, '2018-08-02 08:42:36'),
(401, 5, 94, 0, 0, 0, 0, 0, '2018-08-02 08:42:36'),
(402, 5, 24, 0, 0, 0, 0, 0, '2018-08-02 08:42:36'),
(403, 5, 25, 0, 0, 0, 0, 0, '2018-08-02 08:42:36'),
(404, 5, 26, 0, 0, 0, 0, 0, '2018-08-02 08:42:36'),
(405, 5, 27, 0, 0, 0, 0, 0, '2018-08-02 08:42:36'),
(406, 5, 28, 0, 0, 0, 0, 0, '2018-08-02 08:42:36'),
(407, 5, 29, 0, 0, 0, 0, 0, '2018-08-02 08:42:36'),
(408, 5, 30, 0, 0, 0, 0, 0, '2018-08-02 08:42:36'),
(409, 5, 31, 0, 0, 0, 0, 0, '2018-08-02 08:42:36'),
(410, 5, 32, 0, 0, 0, 0, 0, '2018-08-02 08:42:36'),
(411, 5, 33, 0, 0, 0, 0, 0, '2018-08-02 08:42:36'),
(412, 5, 34, 0, 0, 0, 0, 0, '2018-08-02 08:42:36'),
(413, 5, 35, 0, 0, 0, 0, 0, '2018-08-02 08:42:36'),
(414, 5, 36, 0, 0, 0, 0, 0, '2018-08-02 08:42:36'),
(415, 5, 37, 0, 0, 0, 0, 0, '2018-08-02 08:42:36'),
(416, 5, 38, 0, 0, 0, 0, 0, '2018-08-02 08:42:36'),
(417, 5, 39, 0, 0, 0, 0, 0, '2018-08-02 08:42:36'),
(418, 5, 40, 0, 0, 0, 0, 0, '2018-08-02 08:42:36'),
(419, 5, 41, 0, 0, 0, 0, 0, '2018-08-02 08:42:36'),
(420, 5, 42, 0, 0, 0, 0, 0, '2018-08-02 08:42:36'),
(421, 5, 43, 0, 0, 0, 0, 0, '2018-08-02 08:42:36'),
(422, 5, 44, 0, 0, 0, 0, 0, '2018-08-02 08:42:36'),
(423, 5, 45, 0, 0, 0, 0, 0, '2018-08-02 08:42:36'),
(424, 5, 46, 0, 0, 0, 0, 0, '2018-08-02 08:42:36'),
(425, 5, 47, 0, 0, 0, 0, 0, '2018-08-02 08:42:36'),
(426, 5, 48, 0, 0, 0, 0, 0, '2018-08-02 08:42:36'),
(427, 5, 49, 0, 0, 0, 0, 0, '2018-08-02 08:42:36'),
(428, 5, 50, 0, 0, 0, 0, 0, '2018-08-02 08:42:36'),
(429, 5, 51, 0, 0, 0, 0, 0, '2018-08-02 08:42:36'),
(430, 5, 52, 0, 0, 0, 0, 0, '2018-08-02 08:42:36'),
(431, 5, 53, 0, 0, 0, 0, 0, '2018-08-02 08:42:36'),
(432, 5, 54, 0, 0, 0, 0, 0, '2018-08-02 08:42:36'),
(433, 5, 55, 0, 0, 0, 0, 0, '2018-08-02 08:42:36'),
(434, 5, 56, 0, 0, 0, 0, 0, '2018-08-02 08:42:36'),
(435, 5, 57, 0, 0, 0, 0, 0, '2018-08-02 08:42:36'),
(436, 5, 58, 0, 0, 0, 0, 0, '2018-08-02 08:42:36'),
(437, 5, 59, 0, 0, 0, 0, 0, '2018-08-02 08:42:36'),
(438, 5, 60, 0, 0, 0, 0, 0, '2018-08-02 08:42:36'),
(439, 5, 61, 0, 0, 0, 0, 0, '2018-08-02 08:42:36'),
(440, 5, 62, 0, 0, 0, 0, 0, '2018-08-02 08:42:36'),
(441, 5, 63, 0, 0, 0, 0, 0, '2018-08-02 08:42:36'),
(442, 5, 64, 0, 0, 0, 0, 0, '2018-08-02 08:42:36'),
(443, 5, 65, 0, 0, 0, 0, 0, '2018-08-02 08:42:36'),
(444, 5, 66, 0, 0, 0, 0, 0, '2018-08-02 08:42:36'),
(445, 5, 67, 0, 0, 0, 0, 0, '2018-08-02 08:42:36'),
(446, 5, 68, 0, 0, 0, 0, 0, '2018-08-02 08:42:36'),
(447, 5, 69, 0, 0, 0, 0, 0, '2018-08-02 08:42:36'),
(448, 5, 70, 0, 0, 0, 0, 0, '2018-08-02 08:42:36'),
(449, 5, 71, 0, 0, 0, 0, 0, '2018-08-02 08:42:36'),
(450, 5, 73, 0, 0, 0, 0, 0, '2018-08-02 08:42:36'),
(451, 5, 74, 0, 0, 0, 0, 0, '2018-08-02 08:42:36'),
(452, 5, 75, 0, 0, 0, 0, 0, '2018-08-02 08:42:36'),
(453, 5, 76, 0, 0, 0, 0, 0, '2018-08-02 08:42:36'),
(454, 5, 77, 0, 0, 0, 0, 0, '2018-08-02 08:42:36'),
(455, 5, 78, 0, 0, 0, 0, 0, '2018-08-02 08:42:36'),
(456, 5, 79, 0, 0, 0, 0, 0, '2018-08-02 08:42:36'),
(457, 5, 80, 0, 0, 0, 0, 0, '2018-08-02 08:42:36'),
(458, 5, 81, 0, 0, 0, 0, 0, '2018-08-02 08:42:36'),
(459, 5, 82, 0, 0, 0, 0, 0, '2018-08-02 08:42:36'),
(460, 5, 83, 0, 0, 0, 0, 0, '2018-08-02 08:42:36'),
(461, 5, 84, 0, 0, 0, 0, 0, '2018-08-02 08:42:36'),
(462, 5, 85, 0, 0, 0, 0, 0, '2018-08-02 08:42:36'),
(463, 5, 86, 0, 0, 0, 0, 0, '2018-08-02 08:42:36'),
(464, 5, 87, 0, 0, 0, 0, 0, '2018-08-02 08:42:36'),
(465, 5, 88, 0, 0, 0, 0, 0, '2018-08-02 08:42:36'),
(466, 5, 89, 0, 0, 0, 0, 0, '2018-08-02 08:42:36'),
(467, 5, 90, 0, 0, 0, 0, 0, '2018-08-02 08:42:36'),
(468, 5, 91, 0, 0, 0, 0, 0, '2018-08-02 08:42:36'),
(469, 5, 92, 0, 0, 0, 0, 0, '2018-08-02 08:42:36'),
(470, 5, 93, 0, 0, 0, 0, 0, '2018-08-02 08:42:36'),
(471, 1, 1, 1, 1, 1, 1, 0, '2018-08-02 12:11:11'),
(472, 1, 2, 1, 1, 1, 1, 0, '2018-08-02 12:11:11'),
(473, 1, 3, 1, 1, 1, 1, 0, '2018-08-02 12:11:11'),
(474, 1, 4, 1, 1, 1, 1, 0, '2018-08-02 12:11:11'),
(475, 1, 5, 1, 1, 1, 1, 0, '2018-08-02 12:11:11'),
(476, 1, 6, 1, 1, 1, 1, 0, '2018-08-02 12:11:11'),
(477, 1, 95, 1, 1, 1, 1, 0, '2018-08-02 12:11:11'),
(478, 1, 7, 0, 0, 0, 0, 0, '2018-08-02 12:11:11'),
(479, 1, 8, 0, 0, 0, 0, 0, '2018-08-02 12:11:11'),
(480, 1, 9, 0, 0, 0, 0, 0, '2018-08-02 12:11:11'),
(481, 1, 10, 0, 0, 0, 0, 0, '2018-08-02 12:11:11'),
(482, 1, 11, 0, 0, 0, 0, 0, '2018-08-02 12:11:11'),
(483, 1, 12, 0, 0, 0, 0, 0, '2018-08-02 12:11:11'),
(484, 1, 13, 0, 0, 0, 0, 0, '2018-08-02 12:11:11'),
(485, 1, 14, 0, 0, 0, 0, 0, '2018-08-02 12:11:11'),
(486, 1, 15, 0, 0, 0, 0, 0, '2018-08-02 12:11:11'),
(487, 1, 16, 0, 0, 1, 0, 0, '2018-08-02 12:11:11'),
(488, 1, 17, 0, 0, 1, 0, 0, '2018-08-02 12:11:11'),
(489, 1, 18, 0, 0, 0, 0, 0, '2018-08-02 12:11:11'),
(490, 1, 19, 0, 0, 0, 0, 0, '2018-08-02 12:11:11'),
(491, 1, 20, 0, 0, 0, 0, 0, '2018-08-02 12:11:11'),
(492, 1, 21, 0, 0, 0, 0, 0, '2018-08-02 12:11:11'),
(493, 1, 22, 0, 0, 0, 0, 0, '2018-08-02 12:11:11'),
(494, 1, 23, 0, 0, 0, 0, 0, '2018-08-02 12:11:11'),
(495, 1, 94, 0, 0, 0, 0, 0, '2018-08-02 12:11:11'),
(496, 1, 24, 0, 0, 0, 0, 0, '2018-08-02 12:11:11'),
(497, 1, 25, 0, 0, 0, 0, 0, '2018-08-02 12:11:11'),
(498, 1, 26, 0, 0, 0, 0, 0, '2018-08-02 12:11:11'),
(499, 1, 27, 0, 0, 0, 0, 0, '2018-08-02 12:11:11'),
(500, 1, 28, 0, 0, 0, 0, 0, '2018-08-02 12:11:11'),
(501, 1, 29, 0, 0, 0, 0, 0, '2018-08-02 12:11:11'),
(502, 1, 30, 0, 0, 0, 0, 0, '2018-08-02 12:11:11'),
(503, 1, 31, 0, 0, 0, 0, 0, '2018-08-02 12:11:11'),
(504, 1, 32, 0, 0, 0, 0, 0, '2018-08-02 12:11:11'),
(505, 1, 33, 0, 0, 0, 0, 0, '2018-08-02 12:11:11'),
(506, 1, 34, 0, 0, 0, 0, 0, '2018-08-02 12:11:11'),
(507, 1, 35, 0, 0, 0, 0, 0, '2018-08-02 12:11:11'),
(508, 1, 36, 0, 0, 0, 0, 0, '2018-08-02 12:11:11'),
(509, 1, 37, 0, 0, 0, 0, 0, '2018-08-02 12:11:11'),
(510, 1, 38, 0, 0, 0, 0, 0, '2018-08-02 12:11:11'),
(511, 1, 39, 0, 0, 0, 0, 0, '2018-08-02 12:11:11'),
(512, 1, 40, 0, 0, 0, 0, 0, '2018-08-02 12:11:11'),
(513, 1, 41, 0, 0, 0, 0, 0, '2018-08-02 12:11:11'),
(514, 1, 42, 0, 0, 0, 0, 0, '2018-08-02 12:11:11'),
(515, 1, 43, 0, 0, 0, 0, 0, '2018-08-02 12:11:11'),
(516, 1, 44, 0, 0, 0, 0, 0, '2018-08-02 12:11:11'),
(517, 1, 45, 0, 0, 0, 0, 0, '2018-08-02 12:11:11'),
(518, 1, 46, 0, 0, 0, 0, 0, '2018-08-02 12:11:11'),
(519, 1, 47, 0, 0, 0, 0, 0, '2018-08-02 12:11:11'),
(520, 1, 48, 0, 0, 0, 0, 0, '2018-08-02 12:11:11'),
(521, 1, 49, 0, 0, 0, 0, 0, '2018-08-02 12:11:11'),
(522, 1, 50, 0, 0, 0, 0, 0, '2018-08-02 12:11:11'),
(523, 1, 51, 0, 0, 0, 0, 0, '2018-08-02 12:11:11'),
(524, 1, 52, 0, 0, 0, 0, 0, '2018-08-02 12:11:11'),
(525, 1, 53, 0, 0, 0, 0, 0, '2018-08-02 12:11:11'),
(526, 1, 54, 0, 0, 0, 0, 0, '2018-08-02 12:11:11'),
(527, 1, 55, 0, 0, 0, 0, 0, '2018-08-02 12:11:11'),
(528, 1, 56, 0, 0, 0, 0, 0, '2018-08-02 12:11:11'),
(529, 1, 57, 0, 0, 0, 0, 0, '2018-08-02 12:11:11'),
(530, 1, 58, 0, 0, 0, 0, 0, '2018-08-02 12:11:11'),
(531, 1, 59, 0, 0, 0, 0, 0, '2018-08-02 12:11:11'),
(532, 1, 60, 0, 0, 0, 0, 0, '2018-08-02 12:11:11'),
(533, 1, 61, 0, 0, 0, 0, 0, '2018-08-02 12:11:11'),
(534, 1, 62, 0, 0, 0, 0, 0, '2018-08-02 12:11:11'),
(535, 1, 63, 0, 0, 0, 0, 0, '2018-08-02 12:11:11'),
(536, 1, 64, 0, 0, 0, 0, 0, '2018-08-02 12:11:11'),
(537, 1, 65, 0, 0, 0, 0, 0, '2018-08-02 12:11:11'),
(538, 1, 66, 0, 0, 0, 0, 0, '2018-08-02 12:11:11'),
(539, 1, 67, 0, 0, 0, 0, 0, '2018-08-02 12:11:11'),
(540, 1, 68, 0, 0, 0, 0, 0, '2018-08-02 12:11:11'),
(541, 1, 69, 0, 0, 0, 0, 0, '2018-08-02 12:11:11'),
(542, 1, 70, 0, 0, 0, 0, 0, '2018-08-02 12:11:11'),
(543, 1, 71, 0, 0, 0, 0, 0, '2018-08-02 12:11:11'),
(544, 1, 73, 0, 0, 0, 0, 0, '2018-08-02 12:11:11'),
(545, 1, 74, 0, 0, 0, 0, 0, '2018-08-02 12:11:11'),
(546, 1, 75, 0, 0, 0, 0, 0, '2018-08-02 12:11:11'),
(547, 1, 76, 0, 0, 0, 0, 0, '2018-08-02 12:11:11'),
(548, 1, 77, 0, 0, 0, 0, 0, '2018-08-02 12:11:11'),
(549, 1, 78, 0, 0, 0, 0, 0, '2018-08-02 12:11:11'),
(550, 1, 79, 0, 0, 0, 0, 0, '2018-08-02 12:11:11'),
(551, 1, 80, 0, 0, 0, 0, 0, '2018-08-02 12:11:11'),
(552, 1, 81, 0, 0, 0, 0, 0, '2018-08-02 12:11:11'),
(553, 1, 82, 0, 0, 0, 0, 0, '2018-08-02 12:11:11'),
(554, 1, 83, 0, 0, 0, 0, 0, '2018-08-02 12:11:11'),
(555, 1, 84, 0, 0, 0, 0, 0, '2018-08-02 12:11:11'),
(556, 1, 85, 0, 0, 0, 0, 0, '2018-08-02 12:11:11'),
(557, 1, 86, 0, 0, 0, 0, 0, '2018-08-02 12:11:11'),
(558, 1, 87, 0, 0, 0, 0, 0, '2018-08-02 12:11:11'),
(559, 1, 88, 0, 0, 0, 0, 0, '2018-08-02 12:11:11'),
(560, 1, 89, 0, 0, 0, 0, 0, '2018-08-02 12:11:11'),
(561, 1, 90, 0, 0, 0, 0, 0, '2018-08-02 12:11:11'),
(562, 1, 91, 0, 0, 0, 0, 0, '2018-08-02 12:11:11'),
(563, 1, 92, 0, 0, 0, 0, 0, '2018-08-02 12:11:11'),
(564, 1, 93, 0, 0, 0, 0, 0, '2018-08-02 12:11:11'),
(3566, 2, 1, 0, 1, 0, 0, 0, '2018-08-04 03:09:49'),
(3567, 2, 2, 0, 1, 0, 0, 0, '2018-08-04 03:09:49'),
(3568, 2, 3, 1, 0, 0, 0, 0, '2018-08-04 03:09:49'),
(3569, 2, 4, 0, 1, 0, 0, 0, '2018-08-04 03:09:49'),
(3570, 2, 5, 0, 1, 0, 0, 0, '2018-08-04 03:09:49'),
(3571, 2, 6, 0, 0, 0, 0, 0, '2018-08-04 03:09:49'),
(3572, 2, 95, 0, 0, 0, 0, 0, '2018-08-04 03:09:49'),
(3573, 2, 7, 1, 1, 1, 1, 0, '2018-08-04 03:09:49'),
(3574, 2, 8, 1, 1, 1, 1, 0, '2018-08-04 03:09:49'),
(3575, 2, 9, 1, 1, 1, 1, 0, '2018-08-04 03:09:49'),
(3576, 2, 10, 0, 0, 0, 0, 0, '2018-08-04 03:09:49'),
(3577, 2, 11, 0, 1, 0, 0, 0, '2018-08-04 03:09:49'),
(3578, 2, 12, 0, 1, 0, 0, 0, '2018-08-04 03:09:49'),
(3579, 2, 13, 0, 0, 0, 0, 0, '2018-08-04 03:09:49'),
(3580, 2, 14, 0, 0, 0, 0, 0, '2018-08-04 03:09:49'),
(3581, 2, 15, 0, 0, 0, 0, 0, '2018-08-04 03:09:49'),
(3582, 2, 16, 0, 0, 0, 0, 0, '2018-08-04 03:09:49'),
(3583, 2, 17, 0, 0, 0, 0, 0, '2018-08-04 03:09:49'),
(3584, 2, 18, 0, 0, 0, 0, 0, '2018-08-04 03:09:49'),
(3585, 2, 19, 0, 0, 0, 0, 0, '2018-08-04 03:09:49'),
(3586, 2, 20, 0, 0, 0, 0, 0, '2018-08-04 03:09:49'),
(3587, 2, 21, 0, 0, 0, 0, 0, '2018-08-04 03:09:49'),
(3588, 2, 22, 0, 0, 0, 0, 0, '2018-08-04 03:09:49'),
(3589, 2, 23, 0, 0, 0, 0, 0, '2018-08-04 03:09:49'),
(3590, 2, 94, 0, 0, 0, 0, 0, '2018-08-04 03:09:49'),
(3591, 2, 24, 0, 0, 0, 0, 0, '2018-08-04 03:09:49'),
(3592, 2, 25, 0, 0, 0, 0, 0, '2018-08-04 03:09:49'),
(3593, 2, 26, 0, 0, 0, 0, 0, '2018-08-04 03:09:49'),
(3594, 2, 27, 0, 0, 0, 0, 0, '2018-08-04 03:09:49'),
(3595, 2, 28, 0, 0, 0, 0, 0, '2018-08-04 03:09:49'),
(3596, 2, 29, 0, 0, 0, 0, 0, '2018-08-04 03:09:49'),
(3597, 2, 30, 0, 0, 0, 0, 0, '2018-08-04 03:09:49'),
(3598, 2, 31, 0, 0, 0, 0, 0, '2018-08-04 03:09:49'),
(3599, 2, 32, 0, 0, 0, 0, 0, '2018-08-04 03:09:49'),
(3600, 2, 33, 0, 0, 0, 0, 0, '2018-08-04 03:09:49'),
(3601, 2, 34, 0, 0, 0, 0, 0, '2018-08-04 03:09:49'),
(3602, 2, 35, 0, 0, 0, 0, 0, '2018-08-04 03:09:49'),
(3603, 2, 36, 0, 0, 0, 0, 0, '2018-08-04 03:09:49'),
(3604, 2, 37, 0, 0, 0, 0, 0, '2018-08-04 03:09:49'),
(3605, 2, 38, 0, 0, 0, 0, 0, '2018-08-04 03:09:49'),
(3606, 2, 96, 0, 0, 0, 0, 0, '2018-08-04 03:09:49'),
(3607, 2, 39, 0, 0, 0, 0, 0, '2018-08-04 03:09:49'),
(3608, 2, 40, 0, 0, 0, 0, 0, '2018-08-04 03:09:49'),
(3609, 2, 41, 0, 0, 0, 0, 0, '2018-08-04 03:09:49'),
(3610, 2, 42, 0, 0, 0, 0, 0, '2018-08-04 03:09:49'),
(3611, 2, 43, 0, 0, 0, 0, 0, '2018-08-04 03:09:49'),
(3612, 2, 44, 0, 0, 0, 0, 0, '2018-08-04 03:09:49'),
(3613, 2, 45, 1, 0, 0, 0, 0, '2018-08-04 03:09:49'),
(3614, 2, 46, 1, 0, 0, 0, 0, '2018-08-04 03:09:49'),
(3615, 2, 47, 1, 0, 0, 0, 0, '2018-08-04 03:09:49'),
(3616, 2, 48, 0, 0, 0, 0, 0, '2018-08-04 03:09:49'),
(3617, 2, 49, 0, 0, 0, 0, 0, '2018-08-04 03:09:49'),
(3618, 2, 50, 0, 0, 0, 0, 0, '2018-08-04 03:09:49'),
(3619, 2, 51, 0, 0, 0, 0, 0, '2018-08-04 03:09:49'),
(3620, 2, 52, 0, 0, 0, 0, 0, '2018-08-04 03:09:49'),
(3621, 2, 53, 0, 0, 0, 0, 0, '2018-08-04 03:09:49'),
(3622, 2, 54, 0, 0, 0, 0, 0, '2018-08-04 03:09:49'),
(3623, 2, 55, 0, 0, 0, 0, 0, '2018-08-04 03:09:49'),
(3624, 2, 56, 0, 0, 0, 0, 0, '2018-08-04 03:09:49'),
(3625, 2, 57, 0, 0, 0, 0, 0, '2018-08-04 03:09:49'),
(3626, 2, 58, 0, 0, 0, 0, 0, '2018-08-04 03:09:49'),
(3627, 2, 59, 0, 0, 0, 0, 0, '2018-08-04 03:09:49'),
(3628, 2, 60, 0, 0, 0, 0, 0, '2018-08-04 03:09:49'),
(3629, 2, 61, 0, 0, 0, 0, 0, '2018-08-04 03:09:49'),
(3630, 2, 62, 0, 0, 0, 0, 0, '2018-08-04 03:09:49'),
(3631, 2, 63, 0, 0, 0, 0, 0, '2018-08-04 03:09:49'),
(3632, 2, 64, 0, 0, 0, 0, 0, '2018-08-04 03:09:49'),
(3633, 2, 65, 0, 0, 0, 0, 0, '2018-08-04 03:09:49'),
(3634, 2, 66, 0, 0, 0, 0, 0, '2018-08-04 03:09:49'),
(3635, 2, 67, 0, 0, 0, 0, 0, '2018-08-04 03:09:49'),
(3636, 2, 68, 0, 0, 0, 0, 0, '2018-08-04 03:09:49'),
(3637, 2, 69, 0, 0, 0, 0, 0, '2018-08-04 03:09:49'),
(3638, 2, 70, 0, 0, 0, 0, 0, '2018-08-04 03:09:49'),
(3639, 2, 71, 0, 0, 0, 0, 0, '2018-08-04 03:09:49'),
(3640, 2, 73, 0, 0, 0, 0, 0, '2018-08-04 03:09:49'),
(3641, 2, 74, 0, 0, 0, 0, 0, '2018-08-04 03:09:49'),
(3642, 2, 75, 0, 0, 0, 0, 0, '2018-08-04 03:09:49'),
(3643, 2, 76, 0, 0, 0, 0, 0, '2018-08-04 03:09:49'),
(3644, 2, 77, 0, 0, 0, 0, 0, '2018-08-04 03:09:49'),
(3645, 2, 97, 0, 0, 0, 0, 0, '2018-08-04 03:09:49'),
(3646, 2, 98, 0, 0, 0, 0, 0, '2018-08-04 03:09:49'),
(3647, 2, 78, 0, 0, 0, 0, 0, '2018-08-04 03:09:49'),
(3648, 2, 79, 0, 0, 0, 0, 0, '2018-08-04 03:09:49'),
(3649, 2, 80, 0, 0, 0, 0, 0, '2018-08-04 03:09:49'),
(3650, 2, 81, 0, 0, 0, 0, 0, '2018-08-04 03:09:49'),
(3651, 2, 82, 0, 0, 0, 0, 0, '2018-08-04 03:09:49'),
(3652, 2, 83, 0, 0, 0, 0, 0, '2018-08-04 03:09:49'),
(3653, 2, 84, 0, 0, 0, 0, 0, '2018-08-04 03:09:49'),
(3654, 2, 85, 0, 0, 0, 0, 0, '2018-08-04 03:09:49'),
(3655, 2, 86, 0, 0, 0, 0, 0, '2018-08-04 03:09:49'),
(3656, 2, 87, 0, 0, 0, 0, 0, '2018-08-04 03:09:49'),
(3657, 2, 88, 0, 0, 0, 0, 0, '2018-08-04 03:09:49'),
(3658, 2, 89, 0, 0, 0, 0, 0, '2018-08-04 03:09:49'),
(3659, 2, 90, 0, 0, 0, 0, 0, '2018-08-04 03:09:49'),
(3660, 2, 91, 0, 0, 0, 0, 0, '2018-08-04 03:09:49'),
(3661, 2, 92, 0, 0, 0, 0, 0, '2018-08-04 03:09:49'),
(3662, 2, 93, 0, 0, 0, 0, 0, '2018-08-04 03:09:49');

-- --------------------------------------------------------

--
-- Table structure for table `sec_role_tbl`
--

CREATE TABLE `sec_role_tbl` (
  `role_id` int(11) NOT NULL,
  `role_name` text NOT NULL,
  `role_description` text NOT NULL,
  `create_by` int(11) DEFAULT NULL,
  `date_time` datetime DEFAULT NULL,
  `role_status` int(11) NOT NULL DEFAULT '1'
) ENGINE=InnoDB DEFAULT CHARSET=utf8;

--
-- Dumping data for table `sec_role_tbl`
--

INSERT INTO `sec_role_tbl` (`role_id`, `role_name`, `role_description`, `create_by`, `date_time`, `role_status`) VALUES
(1, 'Customer Support Executive', 'Customer Support Executive', 1, '2018-08-02 08:37:15', 1),
(2, 'Store Manager', 'Store Manager', 1, '2018-08-02 08:38:53', 1),
(3, 'Delivery Manager', 'Delivery Manager', 1, '2018-08-02 08:40:22', 1),
(4, 'Operation Supervisor / Analytics', 'Operation Supervisor / Analytics\r\n', 1, '2018-08-02 08:41:45', 1),
(5, 'Marketing Assistant', 'Marketing Assistant', 1, '2018-08-02 08:42:36', 1);

-- --------------------------------------------------------

--
-- Table structure for table `sec_user_access_tbl`
--

CREATE TABLE `sec_user_access_tbl` (
  `role_acc_id` int(11) NOT NULL,
  `fk_role_id` int(11) NOT NULL,
  `fk_user_id` varchar(100) NOT NULL
) ENGINE=InnoDB DEFAULT CHARSET=utf8;

--
-- Dumping data for table `sec_user_access_tbl`
--

INSERT INTO `sec_user_access_tbl` (`role_acc_id`, `fk_role_id`, `fk_user_id`) VALUES
(2, 2, '7E6L41VW94TRO7X'),
(3, 5, 'JUG91MFKLN734PE'),
(4, 4, 'XAZWM4Z85W3PFW3'),
(5, 3, 'XHBNZKOQ7EDBPQA'),
(6, 1, '3ALWXCB1BUITH8A');

-- --------------------------------------------------------

--
-- Table structure for table `seller_information`
--

CREATE TABLE `seller_information` (
  `id` int(11) NOT NULL,
  `seller_id` varchar(255) NOT NULL,
  `first_name` varchar(50) NOT NULL,
  `last_name` varchar(50) NOT NULL,
  `email` varchar(50) NOT NULL,
  `mobile` varchar(100) DEFAULT NULL,
  `password` text NOT NULL,
  `reset_pass` text,
  `image` text,
  `seller_store_name` varchar(20) DEFAULT NULL,
  `business_name` varchar(50) DEFAULT NULL,
  `address` text,
  `identification_doc_no` int(11) DEFAULT NULL,
  `identification_type` int(11) DEFAULT NULL COMMENT '1=driving_licence,2=national_id,3=passport_no,4=other',
  `affiliate_id` varchar(255) DEFAULT NULL,
  `verfication_status` int(11) NOT NULL DEFAULT '0',
  `seller_guarantee` text,
  `status` int(11) NOT NULL DEFAULT '0' COMMENT '2=pending,1=active,0=banned'
) ENGINE=InnoDB DEFAULT CHARSET=utf8;

--
-- Dumping data for table `seller_information`
--

INSERT INTO `seller_information` (`id`, `seller_id`, `first_name`, `last_name`, `email`, `mobile`, `password`, `reset_pass`, `image`, `seller_store_name`, `business_name`, `address`, `identification_doc_no`, `identification_type`, `affiliate_id`, `verfication_status`, `seller_guarantee`, `status`) VALUES
(2, 'IWL38KJYIT', 'John', 'Doye', 'john.doye@gmail.com', NULL, '41d99b369894eb1ec3f461135132d8bb', NULL, 'http://localhost/seller_erp/assets/dist/img/profile_picture/0dc43dfef9b4a083e67b9daa9f3d3d68.jpg', 'gulshan_store', 'Product Store', 'sadfsa', 53453453, 0, '23322', 0, '<p>100% ck guarantee</p>', 0),
(5, '26698592', 'Seller', 'Name', 'seller@gmail.com', NULL, '41d99b369894eb1ec3f461135132d8bb', NULL, 'http://localhost/seller_erp/assets/dist/img/profile_picture/d6b5d85041478cc6a5f840ad7b52cf06.png', 'syore_u', 'Store ', 'Dhaka', 444, 3, '23423', 1, NULL, 0),
(11, 'KE8Q8ISK', 'Al', 'Hasan', 'al-hasan@gmail.com', '5678', '41d99b369894eb1ec3f461135132d8bb', NULL, NULL, '', '', '', 0, 0, '', 0, NULL, 1),
(12, 'JO6P2J5WGS', 'Rujbi', 'Ltd', 'a@gmail.com', '34534', '41d99b369894eb1ec3f461135132d8bb', NULL, 'http://localhost/seller_erp/assets/dist/img/user.png', '', '', 'Dhaka,Bangladesh', 0, 0, '', 0, NULL, 1),
(13, '4DPPM5WYQB', 'Tarek', 'Ahmed', 'tarek@gmail.com', '12369', '41d99b369894eb1ec3f461135132d8bb', NULL, 'http://localhost/seller_erp/assets/dist/img/user.png', NULL, 'tarek_store', 'dahaka', 0, 0, '', 0, NULL, 2),
(14, '1FADAEW798', 'Md', 'Ishaq', 'ishaq@gmail.com', '34567890', '41d99b369894eb1ec3f461135132d8bb', NULL, 'http://localhost/seller_erp/assets/dist/img/profile_picture/47103b0122400d8162d81980b090ae26.jpg', '', 'Ishaq Store', 'Dhaka', 0, 0, '', 0, NULL, 1),
(15, '32MSXNYGKA', 'Jahangir', 'Alam', 'sddfas@gmail.com', '12345', '41d99b369894eb1ec3f461135132d8bb', NULL, 'http://localhost/seller_erp/assets/dist/img/user.png', NULL, 'seller', 'sdfsafsa', NULL, NULL, NULL, 0, NULL, 2),
(16, '3ERED4EUCZ', 'sadfsa', 'sadfsa', 'jahangirmahwerewi1@gmail.com', '3453', '2ccf490a1608f59f46d0bc764a0f5637', NULL, 'http://localhost/seller_erp/assets/dist/img/user.png', NULL, 'adfa', 'sdfsa', NULL, NULL, NULL, 0, NULL, 2),
(17, 'NC5564UGV4', 'sadfas', 'fasfas', 'aasa@gmail.com', '32453443', 'cfa8bc7f6ff12eea2c142ad2f3f4cf7d', NULL, 'http://localhost/seller_erp/assets/dist/img/user.png', NULL, 'fasfasf', 'sadfasfsa', NULL, NULL, NULL, 0, NULL, 2),
(18, 'XDFT8PPDSY', 'Tarek', 'Ahmed', 'sdfa@gmail.com', '12134546', '41d99b369894eb1ec3f461135132d8bb', NULL, 'http://localhost/seller_erp/assets/dist/img/user.png', NULL, 'Tarek Store', 'Rajshahi', NULL, NULL, NULL, 0, NULL, 2),
(19, 'U3HEGA81', 'Sarwar', 'Jahan', 'jahangirmahi1@gmail.com', '23536457', '41d99b369894eb1ec3f461135132d8bb', NULL, NULL, '', 'Sorwar Store', '', 0, 0, '', 0, NULL, 1);

-- --------------------------------------------------------

--
-- Table structure for table `seller_order`
--

CREATE TABLE `seller_order` (
  `seller_order_id` int(11) NOT NULL,
  `order_id` varchar(255) NOT NULL,
  `seller_id` varchar(255) NOT NULL,
  `seller_percentage` int(11) DEFAULT NULL,
  `category_id` varchar(100) NOT NULL,
  `customer_id` varchar(255) NOT NULL,
  `product_id` varchar(255) NOT NULL,
  `variant_id` varchar(255) DEFAULT NULL,
  `quantity` int(11) NOT NULL,
  `return_quantity` int(11) DEFAULT NULL,
  `rate` float NOT NULL COMMENT 'without_dis',
  `total_price` float NOT NULL,
  `discount_per_product` float NOT NULL
) ENGINE=InnoDB DEFAULT CHARSET=utf8;

--
-- Dumping data for table `seller_order`
--

INSERT INTO `seller_order` (`seller_order_id`, `order_id`, `seller_id`, `seller_percentage`, `category_id`, `customer_id`, `product_id`, `variant_id`, `quantity`, `return_quantity`, `rate`, `total_price`, `discount_per_product`) VALUES
(2, 'XFYBSE6P25F5YIR', 'U3HEGA81', 0, 'W26OJBDEBRQPDV1', '23E6PGV8NALUS5F', '59968488', '', 3, 2, 1200, 3600, 200),
(3, 'AIO7JX8MZ5OXI3P', 'U3HEGA81', 0, 'W26OJBDEBRQPDV1', 'FJHKMQWVAVNQF4G', '59968488', '', 10, NULL, 1200, 12000, 200);

-- --------------------------------------------------------

--
-- Table structure for table `seller_policy`
--

CREATE TABLE `seller_policy` (
  `id` int(11) NOT NULL,
  `policy` text,
  `image` text
) ENGINE=InnoDB DEFAULT CHARSET=utf8;

--
-- Dumping data for table `seller_policy`
--

INSERT INTO `seller_policy` (`id`, `policy`, `image`) VALUES
(1, '<h3 class="text-center">প্রয়োজনীয় প্রশ্নোত্তর</h3>\r\n            <div class="panel-group" id="accordion" role="tablist" aria-multiselectable="true">\r\n              <div class="panel panel-default">\r\n                <div class="panel-heading" role="tab" id="headingOne">\r\n                  <h4 class="panel-title">\r\n                    <a role="button" data-toggle="collapse" data-parent="#accordion" href="#collapseOne" aria-expanded="true" aria-controls="collapseOne">\r\n                      আজকেরডিল ডট কম\r\n                    </a>\r\n                  </h4>\r\n                </div>\r\n                <div id="collapseOne" class="panel-collapse collapse in" role="tabpanel" aria-labelledby="headingOne">\r\n                  <div class="panel-body">\r\n                    দেশের সবচেয়ে বড় অনলাইন শপিং মল এবং বাংলা ভাষায় দেশের একমাত্র পূর্নাঙ্গ ই-কমার্স ওয়েবসাইট। এখানে সব বয়সের ক্রেতারা নিত্যদিনের প্রয়োজনীয় প্রতিটি পণ্যসামগ্রী যেমন,গ্যাজেট, ইলেকট্রনিক্স, গৃহস্থালি সামগ্রী, চামড়াজাত পণ্য, গহনা, বাচ্চাদের বিভিন্ন সামগ্রী, প্রসাধনী ফ্যাশন ও লাইফস্টাইল পন্য থেকে শুরু করে সবকিছুই অত্যন্ত সুলভ মুল্যে ঘরে বসে কেনা যায়।\r\n\r\n                    বাংলাদেশের যেকোনো স্থান থেকে যেকোনো সময়ে ইন্টারনেটের মাধ্যমে অনলাইনে ক্রেতারা তাদের পছন্দনীয় পণ্যের অর্ডার করে এবং আজকেরডিল তার নিজস্ব ব্যবস্থাপনায় সারা বাংলাদেশে ক্রেতাদের ডেলিভারী দিয়ে থাকে ।\r\n                  </div>\r\n                </div>\r\n              </div>\r\n              <div class="panel panel-default">\r\n                <div class="panel-heading" role="tab" id="headingTwo">\r\n                  <h4 class="panel-title">\r\n                    <a class="collapsed" role="button" data-toggle="collapse" data-parent="#accordion" href="#collapseTwo" aria-expanded="false" aria-controls="collapseTwo">\r\n                      আপনার ব্যবসার প্রসারে আজকের ডিল এর ভুমিকা\r\n                    </a>\r\n                  </h4>\r\n                </div>\r\n                <div id="collapseTwo" class="panel-collapse collapse" role="tabpanel" aria-labelledby="headingTwo">\r\n                  <div class="panel-body">\r\n                    আপনি যদি আপনার ব্যবসার সম্প্রসারনের জন্য খুব কম খরচে কোন আধুনিক বিজনেস প্ল্যানিং এর কথা ভেবে থাকেন যা আপনার পন্যকে ক্রেতাদের কাছে খুব স্বল্প সময়ে সুপরিচিত করে তুলবে, পাশাপাশি প্রতিযোগিতামূলক বাজারে আপনার ব্যবসায়িক উৎকর্ষতাকে আরো বেশী প্রসারিত করবে, সেক্ষেত্রে আজকেরডিল ডট কম আপনার জন্য হতে পারে একটি পূর্নাঙ্গ বিজনেস প্ল্যাটফর্ম।\r\n\r\n                    আজকেরডিল আপনার ব্যবসা সম্প্রসারনে যুগোপযোগী বিভিন্ন প্রমোশোনাল কার্যক্রম পরিচালনা করে যা একই সাথে আপনার পন্যের পরিচিতি, বিক্রি ও লভ্যাংশ প্রদানের পাশাপাশি সামগ্রিক ভাবে একজন সফল বাবসায়ী হিসেবে আপনার পথকে অনেক প্রশস্ত করতে পারে।\r\n\r\n                    ‘বিজনেস পার্টনারশিপ’ প্রকল্পের মাধ্যমে আজকেরডিল আপনার এন্টারপ্রাইজের অনলাইন পার্টনার (e-tailor) হিসেবে কাজ করে, যা আপনার পন্যের ব্র্যান্ডিং এর পাশাপাশি বিক্রয়কে নিশ্চিত ভাবেই প্রভাবিত করে। এ ছাড়া সারা বাংলাদেশে আমাদের বিস্তৃত ডেলিভারী নেটওয়ার্কের মাধ্যমে আপনি আপনার পন্য পৌঁছে দিতে পারেন দেশের বিভিন্ন প্রান্তের ক্রেতাদের কাছে অত্যান্ত দ্রুততম সময়ে।\r\n                  </div>\r\n                </div>\r\n              </div>\r\n              <div class="panel panel-default">\r\n                <div class="panel-heading" role="tab" id="headingThree">\r\n                  <h4 class="panel-title">\r\n                    <a class="collapsed" role="button" data-toggle="collapse" data-parent="#accordion" href="#collapseThree" aria-expanded="false" aria-controls="collapseThree">\r\n                      আপনার পন্যের প্রচার ও প্রসার\r\n                    </a>\r\n                  </h4>\r\n                </div>\r\n                <div id="collapseThree" class="panel-collapse collapse" role="tabpanel" aria-labelledby="headingThree">\r\n                  <div class="panel-body">\r\n                    আজকের ডিল মার্চেন্টদের পন্যের ইতিবাচক গ্রহণযোগ্যতা বাড়াতে সবসময় সচেতন। মার্চেন্টদের ব্র্যান্ডের/পণ্যের সর্বোচ্চ প্রচার ও প্রসারের লক্ষ্যে আজকের ডিল প্রযুক্তিনির্ভর বিভিন্ন প্রমোশনাল টুল ব্যবহার করে থাকে । গতানুগতিক প্রমোশন যেমন টেলিভিশন/রেডিও বিজ্ঞাপন, বিলবোর্ড কিংবা ব্যানার বা ফেস্টুন- এগুলোর পাশাপাশি আজকেরডিল একটি সমন্বিত প্রমোশনাল প্যাকেজের আওতায় আপনার পণ্য কে বাজারজাত করবে যা আপনাকে আপনার পন্যের বাজার সম্পর্কে একটা সুস্পষ্ট ধারনা দিতে।\r\n\r\n                    এছাড়াও সাম্প্রতিক সময়ের জনপ্রিয় সোশ্যাল মিডিয়া মার্কেটিং যেমন ফেসবুক, টুইটার, গুগলসহ বিভিন্ন প্রযুক্তি নির্ভর প্রচারে আজকেরডিল স্বতন্ত্র ভুমিকা পালন করে।\r\n\r\n                    ফেসবুকে আজকের ডিল এর রয়েছে একটি জনপ্রিয় ফ্যান পেইজ যেখানে ৫ লাখেরও অধিক ক্রেতারা সক্রিয়ভাবে উপস্থিত থাকেন । আকর্ষনীয় যেকোনো পন্যের অফার কে আমরা অধিক গুরুত্ব সহকারে টার্গেট ক্রেতাদের সামনে উপস্থিত করি।\r\n                  </div>\r\n                </div>\r\n              </div>\r\n            </div>', 'http://localhost/seller_erp/my-assets/image/gallery/55219eecdc51226cf39a8a5beee755a8.jpg');

-- --------------------------------------------------------

--
-- Table structure for table `seller_pre_order`
--

CREATE TABLE `seller_pre_order` (
  `seller_pre_order_id` int(11) NOT NULL,
  `order_id` varchar(255) NOT NULL,
  `seller_id` varchar(255) NOT NULL,
  `customer_id` varchar(255) NOT NULL,
  `product_id` varchar(255) NOT NULL,
  `variant_id` varchar(255) DEFAULT NULL,
  `quantity` int(11) NOT NULL,
  `rate` float NOT NULL COMMENT 'without_dis',
  `total_price` float NOT NULL,
  `discount_per_product` float NOT NULL
) ENGINE=InnoDB DEFAULT CHARSET=utf8;

--
-- Dumping data for table `seller_pre_order`
--

INSERT INTO `seller_pre_order` (`seller_pre_order_id`, `order_id`, `seller_id`, `customer_id`, `product_id`, `variant_id`, `quantity`, `rate`, `total_price`, `discount_per_product`) VALUES
(1, 'K4RSYCHBQMW4WAW', 'U3HEGA81', '23E6PGV8NALUS5F', '59968488', NULL, 5, 1200, 6000, 200),
(2, '6T56WVB286FI93D', 'U3HEGA81', '23E6PGV8NALUS5F', '59968488', NULL, 5, 1200, 6000, 200),
(3, '6T56WVB286FI93D', 'U3HEGA81', '23E6PGV8NALUS5F', '23957662', NULL, 5, 3000, 15000, 500),
(12, 'A9CTN73IF6Z7I5P', '1FADAEW798', '23E6PGV8NALUS5F', '93746656', '', 1, 500, 500, 0),
(13, 'A9CTN73IF6Z7I5P', '1FADAEW798', '23E6PGV8NALUS5F', '59968488', '', 3, 1200, 3600, 200),
(14, 'L6KRLG1PUMCXXFV', '1FADAEW798', 'FJHKMQWVAVNQF4G', '96355456', NULL, 1, 345, 345, 0),
(15, 'L6KRLG1PUMCXXFV', '26698592', 'FJHKMQWVAVNQF4G', '58817923', NULL, 1, 1234, 1234, 0),
(16, 'L6KRLG1PUMCXXFV', 'U3HEGA81', 'FJHKMQWVAVNQF4G', '23957662', NULL, 3, 3000, 9000, 500);

-- --------------------------------------------------------

--
-- Table structure for table `seller_review`
--

CREATE TABLE `seller_review` (
  `seller_review_id` int(11) NOT NULL,
  `seller_id` varchar(255) DEFAULT NULL,
  `reviewer_id` varchar(255) DEFAULT NULL,
  `comments` text,
  `title` varchar(255) DEFAULT NULL,
  `rate` varchar(100) DEFAULT NULL,
  `date_time` varchar(255) DEFAULT NULL,
  `status` int(11) DEFAULT NULL
) ENGINE=InnoDB DEFAULT CHARSET=utf8;

--
-- Dumping data for table `seller_review`
--

INSERT INTO `seller_review` (`seller_review_id`, `seller_id`, `reviewer_id`, `comments`, `title`, `rate`, `date_time`, `status`) VALUES
(1, '26698592', 'QS6ME9MCUYBAQAN', 'thanks', 'nice', '2', '2018-05-29 10:30:31', 1),
(2, '26698592', '2', 'sfa', 'sadfas', '3', NULL, 1);

-- --------------------------------------------------------

--
-- Table structure for table `shipping_info`
--

CREATE TABLE `shipping_info` (
  `shiping_info_id` int(100) NOT NULL,
  `customer_id` varchar(100) NOT NULL,
  `order_id` varchar(255) NOT NULL,
  `customer_name` varchar(255) NOT NULL,
  `first_name` varchar(255) NOT NULL,
  `last_name` varchar(255) NOT NULL,
  `customer_short_address` text NOT NULL,
  `customer_address_1` text NOT NULL,
  `customer_address_2` text NOT NULL,
  `customer_mobile` varchar(255) NOT NULL,
  `customer_email` varchar(255) NOT NULL,
  `city` varchar(100) NOT NULL,
  `state` varchar(100) NOT NULL,
  `country` varchar(100) NOT NULL,
  `zip` varchar(100) NOT NULL,
  `company` varchar(255) NOT NULL
) ENGINE=InnoDB DEFAULT CHARSET=utf8;

--
-- Dumping data for table `shipping_info`
--

INSERT INTO `shipping_info` (`shiping_info_id`, `customer_id`, `order_id`, `customer_name`, `first_name`, `last_name`, `customer_short_address`, `customer_address_1`, `customer_address_2`, `customer_mobile`, `customer_email`, `city`, `state`, `country`, `zip`, `company`) VALUES
(1, 'ZZ4A6BVFJOTKOVK', 'OVR7TULC9PKWKV5', 'Helo World', 'Helo', 'World', 'dafas,Mugan-Salyan,Azerbaijan,45', 'Dhaka', '', '3256', 'a@gmail.com', 'dafas', 'Mugan-Salyan', '15', '45', ''),
(2, 'RLDA7PF1BXRI5W2', '4TANN3IPWM4LJDF', 'Helo World', 'Helo', 'World', 'dafas,Mugan-Salyan,Azerbaijan,45', 'Dhaka', '', '3256', 'a@gmail.com', 'dafas', 'Mugan-Salyan', '15', '45', ''),
(3, '83H7KJ74CSY1QMU', 'IR9ZCS2EK1IK1F7', 'Helo World', 'Helo', 'World', 'dafas,Mugan-Salyan,Azerbaijan,45', 'Dhaka', '', '3256', 'a@gmail.com', 'dafas', 'Mugan-Salyan', '15', '45', ''),
(4, '83H7KJ74CSY1QMU', 'V7IUDP4Y8MRJ8X4', 'Helo World', 'Helo', 'World', 'dafas,Mugan-Salyan,Azerbaijan,45', 'Dhaka', '', '3256', 'a@gmail.com', 'dafas', 'Mugan-Salyan', '15', '45', ''),
(5, 'VI2Z9J4YQ7HWQIG', 'XN9SJFVVCO1JGMN', 'Helo World', 'Helo', 'World', 'dafas,Mugan-Salyan,Azerbaijan,45', 'Dhaka', '', '3256', 'a@gmail.com', 'dafas', 'Mugan-Salyan', '15', '45', ''),
(6, 'N1ZADZM9A6SSUOM', '39TD37XCWP84P3J', 'Helo World', 'Helo', 'World', 'dafas,Mugan-Salyan,Azerbaijan,45', 'Dhaka', '', '3256', 'a@gmail.com', 'dafas', 'Mugan-Salyan', '15', '45', ''),
(7, 'TM5EF1XVA9CIWFK', 'B4DW7OECLYAOJ8U', 'Helo World', 'Helo', 'World', 'dafas,Mugan-Salyan,Azerbaijan,45', 'Dhaka', '', '3256', 'a@gmail.com', 'dafas', 'Mugan-Salyan', '15', '45', ''),
(8, 'LEHEGOWSRF32YR7', 'N7OEXT7SDG67Y2G', 'Helo World', 'Helo', 'World', 'dafas,Mugan-Salyan,Azerbaijan,45', 'Dhaka', '', '3256', 'a@gmail.com', 'dafas', 'Mugan-Salyan', '15', '45', ''),
(9, 'R727GWN4PP2GZOK', '1IVT9UCP85WOZNF', 'Helo World', 'Helo', 'World', 'dafas,Mugan-Salyan,Azerbaijan,45', 'Dhaka', '', '3256', 'a@gmail.com', 'dafas', 'Mugan-Salyan', '15', '45', ''),
(10, '2Q529OY8NKYSXQI', 'U361I5NXQF4VVFP', 'Helo World', 'Helo', 'World', 'dafas,Mugan-Salyan,Azerbaijan,45', 'Dhaka', '', '3256', 'a@gmail.com', 'dafas', 'Mugan-Salyan', '15', '45', ''),
(11, 'GHJCWU78AB91XDU', 'FM5PYLIGRKY3AOM', 'Helo World', 'Helo', 'World', 'dafas,Mugan-Salyan,Azerbaijan,45', 'Dhaka', '', '3256', 'a@gmail.com', 'dafas', 'Mugan-Salyan', '15', '45', ''),
(12, 'FA53MOASERZAM51', '9GXRUHT7P88AHDC', 'Helo World', 'Helo', 'World', 'dafas,Mugan-Salyan,Azerbaijan,45', 'Dhaka', '', '3256', 'a@gmail.com', 'dafas', 'Mugan-Salyan', '15', '45', ''),
(13, 'NX1R3ZGJ9RLAIOK', 'N7OSMMO3HHU3KQA', 'Helo World', 'Helo', 'World', 'dafas,Mugan-Salyan,Azerbaijan,45', 'Dhaka', '', '3256', 'a@gmail.com', 'dafas', 'Mugan-Salyan', '15', '45', ''),
(14, 'CH8HZAG5T5YSIU5', '6YY1VECOPSSRJGV', 'Helo World', 'Helo', 'World', 'dafas,Mugan-Salyan,Azerbaijan,45', 'Dhaka', '', '3256', 'a@gmail.com', 'dafas', 'Mugan-Salyan', '15', '45', ''),
(15, 'KDTOJEQLP1CQ2WF', '9A3VO9GYD4PDWL6', 'Helo World', 'Helo', 'World', 'dafas,Mugan-Salyan,Azerbaijan,45', 'Dhaka', '', '3256', 'a@gmail.com', 'dafas', 'Mugan-Salyan', '15', '45', ''),
(16, 'VVXRML56SAW9IS5', '4HRYG9BZDP7PQRZ', 'Helo World', 'Helo', 'World', 'dafas,Mugan-Salyan,Azerbaijan,45', 'Dhaka', '', '3256', 'a@gmail.com', 'dafas', 'Mugan-Salyan', '15', '45', ''),
(17, 'VA2Q2W1SALWJMJJ', 'APV2XJQOQTF4YNX', 'Helo World', 'Helo', 'World', 'dafas,Mugan-Salyan,Azerbaijan,45', 'Dhaka', '', '3256', 'a@gmail.com', 'dafas', 'Mugan-Salyan', '15', '45', ''),
(18, 'DTESPUIAEL8ZVCR', 'A5HYQ1L7ONJC765', 'Helo World', 'Helo', 'World', 'dafas,Mugan-Salyan,Azerbaijan,45', 'Dhaka', '', '3256', 'a@gmail.com', 'dafas', 'Mugan-Salyan', '15', '45', ''),
(19, 'LSA7Z6O8166TF46', '3ENKG98C1A1N7Y5', 'Helo World', 'Helo', 'World', 'dafas,Mugan-Salyan,Azerbaijan,45', 'Dhaka', '', '3256', 'a@gmail.com', 'dafas', 'Mugan-Salyan', '15', '45', ''),
(20, 'VVXRML56SAW9IS5', 'QK2MOIDVRE3KV8Q', 'Helo World', 'Helo', 'World', 'dafas,Mugan-Salyan,Azerbaijan,45', 'Dhaka', '', '3256', 'a@gmail.com', 'dafas', 'Mugan-Salyan', '15', '45', ''),
(21, 'VVXRML56SAW9IS5', 'JSFRT4X4SVO2HSL', 'Helo World', 'Helo', 'World', 'dafas,Mugan-Salyan,Azerbaijan,45', 'Dhaka', '', '3256', 'a@gmail.com', 'dafas', 'Mugan-Salyan', '15', '45', ''),
(22, 'VVXRML56SAW9IS5', '6C521TXR8E951P2', 'Helo World', 'Helo', 'World', 'dafas,Mugan-Salyan,Azerbaijan,45', 'Dhaka', '', '3256', 'a@gmail.com', 'dafas', 'Mugan-Salyan', '15', '45', ''),
(23, 'VVXRML56SAW9IS5', 'KZBDA7BQ9UMMHH1', 'Helo World', 'Helo', 'World', 'dafas,Mugan-Salyan,Azerbaijan,45', 'Dhaka', '', '3256', 'a@gmail.com', 'dafas', 'Mugan-Salyan', '15', '45', ''),
(24, 'VVXRML56SAW9IS5', 'NH4IAEZXRCNTSOH', 'Helo World', 'Helo', 'World', 'dafas,Mugan-Salyan,Azerbaijan,45', 'Dhaka', '', '3256', 'a@gmail.com', 'dafas', 'Mugan-Salyan', '15', '45', ''),
(25, 'VVXRML56SAW9IS5', 'HLAJATG8EV2JG9F', 'Helo World', 'Helo', 'World', 'dafas,Mugan-Salyan,Azerbaijan,45', 'Dhaka', '', '3256', 'a@gmail.com', 'dafas', 'Mugan-Salyan', '15', '45', ''),
(26, 'MGED5Z4KI9Z1N7K', '4UMYFRDK8PB9BO1', 'Jahangir  Alam', 'Jahangir ', 'Alam', 'dhaka,al-Manamah,Bahrain,234', 'asfasfa', '', '145678', 'jahangirmahi1@gmail.com', 'dhaka', 'al-Manamah', '17', '234', 'tet'),
(27, 'MGED5Z4KI9Z1N7K', '12PNCFZZPY3K1NL', 'Jahangir  Alam', 'Jahangir ', 'Alam', 'dhaka,al-Manamah,Bahrain,234', 'asfasfa', '', '145678', 'jahangirmahi1@gmail.com', 'dhaka', 'al-Manamah', '17', '234', 'tet'),
(28, 'MGED5Z4KI9Z1N7K', 'EARLHNZ251UTRYC', 'Jahangir  Alam', 'Jahangir ', 'Alam', 'dhaka,al-Manamah,Bahrain,234', 'asfasfa', '', '145678', 'jahangirmahi1@gmail.com', 'dhaka', 'al-Manamah', '17', '234', 'tet'),
(29, 'MGED5Z4KI9Z1N7K', 'FZLFTDR8OZUXSGH', 'Jahangir  Alam', 'Jahangir ', 'Alam', 'dhaka,al-Manamah,Bahrain,234', 'asfasfa', '', '145678', 'jahangirmahi1@gmail.com', 'dhaka', 'al-Manamah', '17', '234', 'tet'),
(30, 'MGED5Z4KI9Z1N7K', 'HZY36QJT9UXZGNN', 'Jahangir  Alam', 'Jahangir ', 'Alam', 'dhaka,al-Manamah,Bahrain,234', 'asfasfa', '', '145678', 'jahangirmahi1@gmail.com', 'dhaka', 'al-Manamah', '17', '234', 'tet'),
(31, 'MGED5Z4KI9Z1N7K', '5JHRVH6QROBAC66', 'Jahangir  Alam', 'Jahangir ', 'Alam', 'dhaka,al-Manamah,Bahrain,234', 'asfasfa', '', '145678', 'jahangirmahi1@gmail.com', 'dhaka', 'al-Manamah', '17', '234', 'tet'),
(32, 'MGED5Z4KI9Z1N7K', 'EMAY4DPPM5WYQBC', 'Jahangir  Alam', 'Jahangir ', 'Alam', 'dhaka,al-Manamah,Bahrain,234', 'asfasfa', '', '145678', 'jahangirmahi1@gmail.com', 'dhaka', 'al-Manamah', '17', '234', 'tet'),
(33, 'MGED5Z4KI9Z1N7K', 'HSDFKTQKRPF5A2C', 'Jahangir  Alam', 'Jahangir ', 'Alam', 'dhaka,al-Manamah,Bahrain,234', 'asfasfa', '', '145678', 'jahangirmahi1@gmail.com', 'dhaka', 'al-Manamah', '17', '234', 'tet'),
(34, 'MGED5Z4KI9Z1N7K', 'FRT4X4SVO2HSL8N', 'Jahangir  Alam', 'Jahangir ', 'Alam', 'dhaka,al-Manamah,Bahrain,234', 'asfasfa', '', '145678', 'jahangirmahi1@gmail.com', 'dhaka', 'al-Manamah', '17', '234', 'tet'),
(35, 'MGED5Z4KI9Z1N7K', 'RSD19U1QYRUTKY7', 'Jahangir  Alam', 'Jahangir ', 'Alam', 'dhaka,al-Manamah,Bahrain,234', 'asfasfa', '', '145678', 'jahangirmahi1@gmail.com', 'dhaka', 'al-Manamah', '17', '234', 'tet'),
(36, 'MGED5Z4KI9Z1N7K', 'S4WE9YIOSFGXVKZ', 'Jahangir  Alam', 'Jahangir ', 'Alam', 'dhaka,al-Manamah,Bahrain,234', 'asfasfa', '', '145678', 'jahangirmahi1@gmail.com', 'dhaka', 'al-Manamah', '17', '234', 'tet'),
(37, 'MGED5Z4KI9Z1N7K', 'H553Q1454RI8MK8', 'Jahangir  Alam', 'Jahangir ', 'Alam', 'dhaka,al-Manamah,Bahrain,234', 'asfasfa', '', '145678', 'jahangirmahi1@gmail.com', 'dhaka', 'al-Manamah', '17', '234', 'tet'),
(38, 'MGED5Z4KI9Z1N7K', 'TBKDPWY2VTG779L', 'Jahangir  Alam', 'Jahangir ', 'Alam', 'dhaka,al-Manamah,Bahrain,234', 'asfasfa', '', '145678', 'jahangirmahi1@gmail.com', 'dhaka', 'al-Manamah', '17', '234', 'tet'),
(39, 'MGED5Z4KI9Z1N7K', 'GDH34PS7MTE6UAR', 'Jahangir  Alam', 'Jahangir ', 'Alam', 'dhaka,al-Manamah,Bahrain,234', 'asfasfa', '', '145678', 'jahangirmahi1@gmail.com', 'dhaka', 'al-Manamah', '17', '234', 'tet'),
(40, 'VVXRML56SAW9IS5', '6RRYVDS964CE999', 'teat af', 'teat', 'af', 'da,Gopalganj,Bangladesh,4566', 'aa', '', '234566', 'a@gmail.com', 'da', 'Gopalganj', '18', '4566', ''),
(41, 'K28HLD37KM58WZO', '5BMWIFGXGT8I4WS', 'safas sadf', 'safas', 'sadf', 'sadd,Gopalganj,Bangladesh,345', 'sadfsa', '', '345678', 'abc@gmail.com', 'sadd', 'Gopalganj', '18', '345', 'asdf'),
(42, 'VVXRML56SAW9IS5', 'L28AZW2SRQF14CB', 'New  Customer', 'New ', 'Customer', 'da,Gopalganj,Bangladesh,4566', 'aa', '', '234566', 'a@gmail.com', 'da', 'Gopalganj', '18', '4566', ''),
(43, 'VVXRML56SAW9IS5', 'SUKF4DF54JBHFOQ', 'Tuhin Sorker', 'Tuhin', 'Sorker', 'Gaibanda,Gaybanda,Bangladesh,4566', 'Dhaka Bangladesh', '', '234566', 'a@gmail.com', 'Gaibanda', 'Gaybanda', '18', '4566', ''),
(44, 'VVXRML56SAW9IS5', 'MWLRAB6TQG5CZY7', 'Tuhin Sorker', 'Tuhin', 'Sorker', 'Gaibanda,Gaybanda,Bangladesh,4566', 'Dhaka Bangladesh', '', '234566', 'a@gmail.com', 'Gaibanda', 'Gaybanda', '18', '4566', ''),
(45, 'VVXRML56SAW9IS5', 'S1VWTE4AD4TTWVL', 'Tuhin Sorker', 'Tuhin', 'Sorker', 'Gaibanda,Gaybanda,Bangladesh,4566', 'Dhaka Bangladesh', '', '234566', 'a@gmail.com', 'Gaibanda', 'Gaybanda', '18', '4566', ''),
(46, 'VVXRML56SAW9IS5', 'PJZFJY8JUGMQFWT', 'Tuhin Sorker', 'Tuhin', 'Sorker', 'Gaibanda,Gaybanda,Bangladesh,4566', 'Dhaka Bangladesh', '', '234566', 'a@gmail.com', 'Gaibanda', 'Gaybanda', '18', '4566', ''),
(47, 'VVXRML56SAW9IS5', 'ZGG4JPKWYJWHB8B', 'Tuhin Sorker', 'Tuhin', 'Sorker', 'Gaibanda,Gaybanda,Bangladesh,4566', 'Dhaka Bangladesh', '', '234566', 'a@gmail.com', 'Gaibanda', 'Gaybanda', '18', '4566', ''),
(48, 'VVXRML56SAW9IS5', 'RGINKJHVZP2GEEC', 'Tuhin Sorker', 'Tuhin', 'Sorker', 'Gaibanda,Gaybanda,Bangladesh,4566', 'Dhaka Bangladesh', '', '234566', 'a@gmail.com', 'Gaibanda', 'Gaybanda', '18', '4566', ''),
(49, 'VVXRML56SAW9IS5', 'QVQ6EO3TSTSEJ78', 'Tuhin Sorker', 'Tuhin', 'Sorker', 'Gaibanda,Gaybanda,Bangladesh,4566', 'Dhaka Bangladesh', '', '234566', 'a@gmail.com', 'Gaibanda', 'Gaybanda', '18', '4566', ''),
(50, 'VVXRML56SAW9IS5', 'UADWWQ5YH6VZBYY', 'Tuhin Sorker', 'Tuhin', 'Sorker', 'Gaibanda,Gaybanda,Bangladesh,4566', 'Dhaka Bangladesh', '', '234566', 'a@gmail.com', 'Gaibanda', 'Gaybanda', '18', '4566', ''),
(51, 'VVXRML56SAW9IS5', 'ELUPRLYY4ZN8ECI', 'Tuhin Sorker', 'Tuhin', 'Sorker', 'Gaibanda,Gaybanda,Bangladesh,4566', 'Dhaka Bangladesh', '', '234566', 'a@gmail.com', 'Gaibanda', 'Gaybanda', '18', '4566', ''),
(52, 'VVXRML56SAW9IS5', '4WLVFI3KC65M8DX', 'Tuhin Sorker', 'Tuhin', 'Sorker', 'Gaibanda,Gaybanda,Bangladesh,4566', 'Dhaka Bangladesh', '', '234566', 'a@gmail.com', 'Gaibanda', 'Gaybanda', '18', '4566', ''),
(53, 'ASBE7XX5IYUGC6V', 'L4KL83LVWYD7VLS', 'Naeem  Khan', 'Naeem ', 'Khan', 'dhaka,Feni,Bangladesh,3323', 'Dhaka Bangladesh', '', '34567', 'naeemkhan@gmail.com', 'dhaka', 'Feni', '18', '3323', 'da'),
(54, 'V2JG9FXHAFF5ODF', 'CNTSOHHLAJATG8E', 'first name last name', 'first name', 'last name', 'daha,Hidd,Bahrain,12345', 'address', '', '25678', 'firstname@gmail.com', 'daha', 'Hidd', '17', '12345', ''),
(55, 'V2JG9FXHAFF5ODF', 'YMVDAZZUBWXQN41', 'first name last name', 'first name', 'last name', 'daha,Hidd,Bahrain,12345', 'address', '', '25678', 'firstname@gmail.com', 'daha', 'Hidd', '17', '12345', ''),
(56, 'EK8IPSBB9UCWUKX', 'JTRRD5FI2Y2XMYC', 'first name last name', 'first name', 'last name', 'daha,Hidd,Bahrain,12345', 'address', '', '25678', 'none@gmail.com', 'daha', 'Hidd', '17', '12345', ''),
(57, 'ASBE7XX5IYUGC6V', 'WUTTC6MXFMXU9KN', 'Naeem  Khan', 'Naeem ', 'Khan', 'dhaka,Feni,Bangladesh,3323', 'Dhaka Bangladesh', '', '34567', 'naeemkhan@gmail.com', 'dhaka', 'Feni', '18', '3323', 'da'),
(58, 'ASBE7XX5IYUGC6V', 'YAKSPPOCIFRO4SB', 'Naeem  Khan', 'Naeem ', 'Khan', 'dhaka,Feni,Bangladesh,3323', 'Dhaka Bangladesh', '', '34567', 'naeemkhan@gmail.com', 'dhaka', 'Feni', '18', '3323', 'da'),
(59, 'ASBE7XX5IYUGC6V', 'TA56ST7H1H1LTJR', 'Naeem  Khan', 'Naeem ', 'Khan', 'dhaka,Feni,Bangladesh,3323', 'Dhaka Bangladesh', '', '34567', 'naeemkhan@gmail.com', 'dhaka', 'Feni', '18', '3323', 'da'),
(60, 'ASBE7XX5IYUGC6V', 'U8X8T7TXVZWDDCB', 'Naeem  Khan', 'Naeem ', 'Khan', 'dhaka,Feni,Bangladesh,3323', 'Dhaka Bangladesh', '', '34567', 'naeemkhan@gmail.com', 'dhaka', 'Feni', '18', '3323', 'da'),
(61, 'ASBE7XX5IYUGC6V', 'BQRDD1Y3DUTD652', 'Naeem  Khan', 'Naeem ', 'Khan', 'dhaka,Feni,Bangladesh,3323', 'Dhaka Bangladesh', '', '34567', 'naeemkhan@gmail.com', 'dhaka', 'Feni', '18', '3323', 'da'),
(62, 'ASBE7XX5IYUGC6V', '3ERED4EUCZK32A4', 'Naeem  Khan', 'Naeem ', 'Khan', 'dhaka,Feni,Bangladesh,3323', 'Dhaka Bangladesh', '', '34567', 'naeemkhan@gmail.com', 'dhaka', 'Feni', '18', '3323', 'da'),
(63, 'ASBE7XX5IYUGC6V', 'HH8SC8KQYOOOOAK', 'Naeem  Khan', 'Naeem ', 'Khan', 'dhaka,Feni,Bangladesh,3323', 'Dhaka Bangladesh', '', '34567', 'naeemkhan@gmail.com', 'dhaka', 'Feni', '18', '3323', 'da'),
(64, 'ASBE7XX5IYUGC6V', 'C6G8SXJS9MKN1RO', 'Naeem  Khan', 'Naeem ', 'Khan', 'dhaka,Feni,Bangladesh,3323', 'Dhaka Bangladesh', '', '34567', 'naeemkhan@gmail.com', 'dhaka', 'Feni', '18', '3323', 'da'),
(65, 'ASBE7XX5IYUGC6V', '7JXZ2J5B6KEHZRT', 'Naeem  Khan', 'Naeem ', 'Khan', 'dhaka,Feni,Bangladesh,3323', 'Dhaka Bangladesh', '', '34567', 'naeemkhan@gmail.com', 'dhaka', 'Feni', '18', '3323', 'da'),
(66, 'VVXRML56SAW9IS5', '6IJN27TSZ217T1L', 'Tuhin Sorker', 'Tuhin', 'Sorker', 'Gaibanda,Gaybanda,Bangladesh,4566', 'Dhaka Bangladesh', '', '234566', 'a@gmail.com', 'Gaibanda', 'Gaybanda', '18', '4566', ''),
(67, 'GI2DQP5AGG844EN', 'Y99DBU43AZZFN4G', 'Jahangir Alam', 'Jahangir', 'Alam', 'dhaka,Saint,Barbados,345', 'dhaka,Bangladesh', '', '234', 'jahangir@gmal.com', 'dhaka', 'Saint', '19', '345', ''),
(68, 'GI2DQP5AGG844EN', '3TLSHWNT49227RV', 'Jahangir Alam', 'Jahangir', 'Alam', 'dhaka,Saint,Barbados,345', 'dhaka,Bangladesh', '', '234', 'jahangir@gmal.com', 'dhaka', 'Saint', '19', '345', ''),
(69, 'VVXRML56SAW9IS5', '1DHSD1T499MMR8O', 'New  Customer', 'New ', 'Customer', 'da,Gopalganj,Bangladesh,4566', 'aa', '', '234566', 'a@gmail.com', 'da', 'Gopalganj', '18', '4566', ''),
(70, '23E6PGV8NALUS5F', 'N13N6CD9R4U822S', 'Md Jahangir Alam', 'Md Jahangir', 'Alam', '23432,Saint,Barbados,234', 'sdfsaf', 'sdfsa', '12564', 'jahangirmahi1@gmail.com', '23432', 'Saint', '19', '234', ''),
(71, '23E6PGV8NALUS5F', 'P6EAD4ALPCTBMIW', 'Md Jahangir Alam', 'Md Jahangir', 'Alam', '23432,Saint Lucy,Barbados,234', 'sdfsaf', 'sdfsa', '12564', 'jahangirmahi1@gmail.com', '23432', 'Saint Lucy', '19', '234', ''),
(72, '23E6PGV8NALUS5F', 'WNSRFOC79WT1L4C', 'Md Jahangir Alam', 'Md Jahangir', 'Alam', '23432,Saint Lucy,Barbados,234', 'sdfsaf', 'sdfsa', '12564', 'jahangirmahi1@gmail.com', '23432', 'Saint Lucy', '19', '234', ''),
(73, '23E6PGV8NALUS5F', '1HCCJGV4TRHNHIF', 'Md Jahangir Alam', 'Md Jahangir', 'Alam', '23432,Saint Lucy,Barbados,234', 'sdfsaf', 'sdfsa', '12564', 'jahangirmahi1@gmail.com', '23432', 'Saint Lucy', '19', '234', ''),
(74, '23E6PGV8NALUS5F', 'DZ9X7GZZW3E2YXP', 'Md Jahangir Alam', 'Md Jahangir', 'Alam', '23432,Saint Lucy,Barbados,234', 'sdfsaf', 'sdfsa', '12564', 'jahangirmahi1@gmail.com', '23432', 'Saint Lucy', '19', '234', ''),
(75, '23E6PGV8NALUS5F', '9YBONMLVUU5B6Y3', 'Md Jahangir Alam', 'Md Jahangir', 'Alam', '23432,Saint Lucy,Barbados,234', 'sdfsaf', 'sdfsa', '12564', 'jahangirmahi1@gmail.com', '23432', 'Saint Lucy', '19', '234', ''),
(76, '23E6PGV8NALUS5F', '1N48MHLYK1IDFY7', 'Md Jahangir Alam', 'Md Jahangir', 'Alam', '23432,Saint Lucy,Barbados,234', 'sdfsaf', 'sdfsa', '12564', 'jahangirmahi1@gmail.com', '23432', 'Saint Lucy', '19', '234', ''),
(77, 'VVXRML56SAW9IS5', 'HVIRMAEIT7HNR94', 'teat af', 'teat', 'af', 'da,Gopalganj,Bangladesh,4566', 'aa', '', '234566', 'a@gmail.com', 'da', 'Gopalganj', '18', '4566', ''),
(78, '23E6PGV8NALUS5F', 'FP3CFAQET6ZOD44', 'Md Jahangir Alam', 'Md Jahangir', 'Alam', '23432,Saint Lucy,Barbados,234', 'sdfsaf', 'sdfsa', '12564', 'jahangirmahi1@gmail.com', '23432', 'Saint Lucy', '19', '234', ''),
(79, '23E6PGV8NALUS5F', '4WEVAQ7HBFBYYC7', 'Md Jahangir Alam', 'Md Jahangir', 'Alam', '23432,Saint Lucy,Barbados,234', 'sdfsaf', 'sdfsa', '12564', 'jahangirmahi1@gmail.com', '23432', 'Saint Lucy', '19', '234', ''),
(80, '23E6PGV8NALUS5F', 'OBZEWS6Q6RSK5LB', 'Md Jahangir Alam', 'Md Jahangir', 'Alam', '23432,Saint Lucy,Barbados,234', 'sdfsaf', 'sdfsa', '12564', 'jahangirmahi1@gmail.com', '23432', 'Saint Lucy', '19', '234', ''),
(81, '23E6PGV8NALUS5F', 'X12UODNMECSKQOX', 'Md Jahangir Alam', 'Md Jahangir', 'Alam', '23432,Saint Lucy,Barbados,234', 'sdfsaf', 'sdfsa', '12564', 'jahangirmahi1@gmail.com', '23432', 'Saint Lucy', '19', '234', ''),
(82, '23E6PGV8NALUS5F', 'GA88VKZE4SBI2VU', 'Md Jahangir Alam', 'Md Jahangir', 'Alam', '23432,Saint Lucy,Barbados,234', 'sdfsaf', 'sdfsa', '12564', 'jahangirmahi1@gmail.com', '23432', 'Saint Lucy', '19', '234', ''),
(83, '23E6PGV8NALUS5F', 'GIXXING49RBJVRH', 'Md Jahangir Alam', 'Md Jahangir', 'Alam', '23432,Saint Lucy,Barbados,234', 'sdfsaf', 'sdfsa', '12564', 'jahangirmahi1@gmail.com', '23432', 'Saint Lucy', '19', '234', ''),
(84, '23E6PGV8NALUS5F', 'E6ICIQPYHT4CETK', 'Md Jahangir Alam', 'Md Jahangir', 'Alam', '23432,Saint Lucy,Barbados,234', 'sdfsaf', 'sdfsa', '12564', 'jahangirmahi1@gmail.com', '23432', 'Saint Lucy', '19', '234', ''),
(85, '23E6PGV8NALUS5F', 'F6O99RNTUW3WLOB', 'Md Jahangir Alam', 'Md Jahangir', 'Alam', '23432,Saint Lucy,Barbados,234', 'sdfsaf', 'sdfsa', '12564', 'jahangirmahi1@gmail.com', '23432', 'Saint Lucy', '19', '234', ''),
(86, '23E6PGV8NALUS5F', '6XRFEEXWS3LXT3X', 'Md Jahangir Alam', 'Md Jahangir', 'Alam', '23432,Saint Lucy,Barbados,234', 'sdfsaf', 'sdfsa', '12564', 'jahangirmahi1@gmail.com', '23432', 'Saint Lucy', '19', '234', ''),
(87, '23E6PGV8NALUS5F', 'K9GGFPKE15RIFRW', 'Md Jahangir Alam', 'Md Jahangir', 'Alam', '23432,Saint Lucy,Barbados,234', 'sdfsaf', 'sdfsa', '12564', 'jahangirmahi1@gmail.com', '23432', 'Saint Lucy', '19', '234', ''),
(88, '23E6PGV8NALUS5F', 'EKWKGG8IU64MXUV', 'Md Jahangir Alam', 'Md Jahangir', 'Alam', '23432,Saint Lucy,Barbados,234', 'sdfsaf', 'sdfsa', '12564', 'jahangirmahi1@gmail.com', '23432', 'Saint Lucy', '19', '234', ''),
(89, '23E6PGV8NALUS5F', 'SZGC9LUEFMUD1GX', 'Md Jahangir Alam', 'Md Jahangir', 'Alam', '23432,Saint Lucy,Barbados,234', 'sdfsaf', 'sdfsa', '12564', 'jahangirmahi1@gmail.com', '23432', 'Saint Lucy', '19', '234', ''),
(90, '23E6PGV8NALUS5F', 'M9ORFL4KL83LVWY', 'Md Jahangir Alam', 'Md Jahangir', 'Alam', '23432,Saint Lucy,Barbados,234', 'sdfsaf', 'sdfsa', '12564', 'jahangirmahi1@gmail.com', '23432', 'Saint Lucy', '19', '234', ''),
(91, '23E6PGV8NALUS5F', 'AJH37GACT7Z6HNL', 'Md Jahangir Alam', 'Md Jahangir', 'Alam', '23432,Saint Lucy,Barbados,234', 'sdfsaf', 'sdfsa', '12564', 'jahangirmahi1@gmail.com', '23432', 'Saint Lucy', '19', '234', ''),
(92, '23E6PGV8NALUS5F', 'PW6GPGULC245W62', 'Md Jahangir Alam', 'Md Jahangir', 'Alam', '23432,Saint Lucy,Barbados,234', 'sdfsaf', 'sdfsa', '12564', 'jahangirmahi1@gmail.com', '23432', 'Saint Lucy', '19', '234', ''),
(93, '23E6PGV8NALUS5F', 'GYYFXTLH5XHA1PC', 'Md Jahangir Alam', 'Md Jahangir', 'Alam', '23432,Saint Lucy,Barbados,234', 'sdfsaf', 'sdfsa', '12564', 'jahangirmahi1@gmail.com', '23432', 'Saint Lucy', '19', '234', ''),
(94, '23E6PGV8NALUS5F', '9XL6RH86GPVJEUC', 'Md Jahangir Alam', 'Md Jahangir', 'Alam', '23432,Saint Lucy,Barbados,234', 'sdfsaf', 'sdfsa', '12564', 'jahangirmahi1@gmail.com', '23432', 'Saint Lucy', '19', '234', ''),
(95, '23E6PGV8NALUS5F', 'MXFA92R9IHSOEU9', 'Md Jahangir Alam', 'Md Jahangir', 'Alam', '23432,Saint Lucy,Barbados,234', 'sdfsaf', 'sdfsa', '12564', 'jahangirmahi1@gmail.com', '23432', 'Saint Lucy', '19', '234', ''),
(96, '23E6PGV8NALUS5F', 'A4Z1CVNB87GE3EC', 'Md Jahangir Alam', 'Md Jahangir', 'Alam', '23432,Saint Lucy,Barbados,234', 'sdfsaf', 'sdfsa', '12564', 'jahangirmahi1@gmail.com', '23432', 'Saint Lucy', '19', '234', ''),
(97, '23E6PGV8NALUS5F', 'VO645ZEPTXKQDZQ', 'Md Jahangir Alam', 'Md Jahangir', 'Alam', '23432,Saint Lucy,Barbados,234', 'sdfsaf', 'sdfsa', '12564', 'jahangirmahi1@gmail.com', '23432', 'Saint Lucy', '19', '234', ''),
(98, '23E6PGV8NALUS5F', 'Y8VRP1U7CJXWPQR', 'Md Jahangir Alam', 'Md Jahangir', 'Alam', '23432,Saint Lucy,Barbados,234', 'sdfsaf', 'sdfsa', '12564', 'jahangirmahi1@gmail.com', '23432', 'Saint Lucy', '19', '234', ''),
(99, 'IR9ZCS2EK1IK1F7', '1V5GV4M61L3QIX5', 'New Customer', 'New', 'Customer', 'Dhaka,Mugan-Salyan,Azerbaijan,1216', 'sdafsafa', 'asfs', '123456', 'new@gmail.com', 'Dhaka', 'Mugan-Salyan', '15', '1216', ''),
(100, '23E6PGV8NALUS5F', '766KHVS4LFZLFTD', 'Md Jahangir Alam', 'Md Jahangir', 'Alam', '23432,Saint Lucy,Barbados,234', 'sdfsaf', 'sdfsa', '12564', 'jahangirmahi1@gmail.com', '23432', 'Saint Lucy', '19', '234', ''),
(101, '23E6PGV8NALUS5F', 'K4RSYCHBQMW4WAW', 'Md Jahangir Alam', 'Md Jahangir', 'Alam', '23432,Saint Lucy,Barbados,234', 'sdfsaf', 'sdfsa', '12564', 'jahangirmahi1@gmail.com', '23432', 'Saint Lucy', '19', '234', ''),
(102, '23E6PGV8NALUS5F', '4EUCZK32A464MCJ', 'Md Jahangir Alam', 'Md Jahangir', 'Alam', '23432,Saint Lucy,Barbados,234', 'sdfsaf', 'sdfsa', '12564', 'jahangirmahi1@gmail.com', '23432', 'Saint Lucy', '19', '234', ''),
(103, '23E6PGV8NALUS5F', 'MSMAZBY6P2XVOY4', 'Md Jahangir Alam', 'Md Jahangir', 'Alam', '23432,Saint Lucy,Barbados,234', 'sdfsaf', 'sdfsa', '12564', 'jahangirmahi1@gmail.com', '23432', 'Saint Lucy', '19', '234', ''),
(104, '23E6PGV8NALUS5F', '4K1FZNNHURNHWJ5', 'Md Jahangir Alam', 'Md Jahangir', 'Alam', '23432,Saint Lucy,Barbados,234', 'sdfsaf', 'sdfsa', '12564', 'jahangirmahi1@gmail.com', '23432', 'Saint Lucy', '19', '234', ''),
(105, '23E6PGV8NALUS5F', '8KQYOOOOAKSBZTV', 'Md Jahangir Alam', 'Md Jahangir', 'Alam', '23432,Saint Lucy,Barbados,234', 'sdfsaf', 'sdfsa', '12564', 'jahangirmahi1@gmail.com', '23432', 'Saint Lucy', '19', '234', ''),
(106, '23E6PGV8NALUS5F', 'NWB87V3VTMBIQIV', 'Md Jahangir Alam', 'Md Jahangir', 'Alam', '23432,Saint Lucy,Barbados,234', 'sdfsaf', 'sdfsa', '12564', 'jahangirmahi1@gmail.com', '23432', 'Saint Lucy', '19', '234', ''),
(107, '23E6PGV8NALUS5F', 'E71AXTOVXA7BIMD', 'Md Jahangir Alam', 'Md Jahangir', 'Alam', '23432,Saint Lucy,Barbados,234', 'sdfsaf', 'sdfsa', '12564', 'jahangirmahi1@gmail.com', '23432', 'Saint Lucy', '19', '234', ''),
(108, '23E6PGV8NALUS5F', '6T56WVB286FI93D', 'Md Jahangir Alam', 'Md Jahangir', 'Alam', '23432,Saint Lucy,Barbados,234', 'sdfsaf', 'sdfsa', '12564', 'jahangirmahi1@gmail.com', '23432', 'Saint Lucy', '19', '234', ''),
(109, '23E6PGV8NALUS5F', '1WMA4KNUEUCLTBK', 'Md Jahangir Alam', 'Md Jahangir', 'Alam', '23432,Saint Lucy,Barbados,234', 'sdfsaf', 'sdfsa', '12564', 'jahangirmahi1@gmail.com', '23432', 'Saint Lucy', '19', '234', ''),
(110, '23E6PGV8NALUS5F', 'NXX1KT98MRXXPLN', 'Md Jahangir Alam', 'Md Jahangir', 'Alam', '23432,Saint Lucy,Barbados,234', 'sdfsaf', 'sdfsa', '12564', 'jahangirmahi1@gmail.com', '23432', 'Saint Lucy', '19', '234', ''),
(111, '23E6PGV8NALUS5F', '8A3MKXY22ZRO4KP', 'Md Jahangir Alam', 'Md Jahangir', 'Alam', '23432,Saint Lucy,Barbados,234', 'sdfsaf', 'sdfsa', '12564', 'jahangirmahi1@gmail.com', '23432', 'Saint Lucy', '19', '234', ''),
(112, '23E6PGV8NALUS5F', 'NI16H1AXAENGLBC', 'Md Jahangir Alam', 'Md Jahangir', 'Alam', '23432,Saint Lucy,Barbados,234', 'sdfsaf', 'sdfsa', '12564', 'jahangirmahi1@gmail.com', '23432', 'Saint Lucy', '19', '234', ''),
(113, '23E6PGV8NALUS5F', 'EM262WBJXIZXAA2', 'Md Jahangir Alam', 'Md Jahangir', 'Alam', '23432,Saint Lucy,Barbados,234', 'sdfsaf', 'sdfsa', '12564', 'jahangirmahi1@gmail.com', '23432', 'Saint Lucy', '19', '234', ''),
(114, '23E6PGV8NALUS5F', '45S8YM23WPFUCSY', 'Md Jahangir Alam', 'Md Jahangir', 'Alam', '23432,Saint Lucy,Barbados,234', 'sdfsaf', 'sdfsa', '12564', 'jahangirmahi1@gmail.com', '23432', 'Saint Lucy', '19', '234', ''),
(115, '23E6PGV8NALUS5F', 'UN5XRMZVXALZB6O', 'Md Jahangir Alam', 'Md Jahangir', 'Alam', '23432,Saint Lucy,Barbados,234', 'sdfsaf', 'sdfsa', '12564', 'jahangirmahi1@gmail.com', '23432', 'Saint Lucy', '19', '234', ''),
(116, '23E6PGV8NALUS5F', 'GZW6KAVMCPCYVK7', 'Md Jahangir Alam', 'Md Jahangir', 'Alam', '23432,Saint Lucy,Barbados,234', 'sdfsaf', 'sdfsa', '12564', 'jahangirmahi1@gmail.com', '23432', 'Saint Lucy', '19', '234', ''),
(117, '23E6PGV8NALUS5F', 'LM47FT5Y78LM86J', 'Md Jahangir Alam', 'Md Jahangir', 'Alam', '23432,Saint Lucy,Barbados,234', 'sdfsaf', 'sdfsa', '12564', 'jahangirmahi1@gmail.com', '23432', 'Saint Lucy', '19', '234', ''),
(118, '23E6PGV8NALUS5F', 'RZG56ACH4JTO8GH', 'Md Jahangir Alam', 'Md Jahangir', 'Alam', '23432,Saint Lucy,Barbados,234', 'sdfsaf', 'sdfsa', '12564', 'jahangirmahi1@gmail.com', '23432', 'Saint Lucy', '19', '234', ''),
(119, '23E6PGV8NALUS5F', 'DP17PIK8NYGYY18', 'Md Jahangir Alam', 'Md Jahangir', 'Alam', '23432,Saint Lucy,Barbados,234', 'sdfsaf', 'sdfsa', '12564', 'jahangirmahi1@gmail.com', '23432', 'Saint Lucy', '19', '234', ''),
(120, '23E6PGV8NALUS5F', 'TROLNBBRD2AB6AF', 'Md Jahangir Alam', 'Md Jahangir', 'Alam', '23432,Saint Lucy,Barbados,234', 'sdfsaf', 'sdfsa', '12564', 'jahangirmahi1@gmail.com', '23432', 'Saint Lucy', '19', '234', ''),
(121, '23E6PGV8NALUS5F', '6JGRDDNABTJRBJ9', 'Md Jahangir Alam', 'Md Jahangir', 'Alam', '23432,Saint Lucy,Barbados,234', 'sdfsaf', 'sdfsa', '12564', 'jahangirmahi1@gmail.com', '23432', 'Saint Lucy', '19', '234', ''),
(122, '23E6PGV8NALUS5F', 'O5OKENFZZ4MV3CQ', 'Md Jahangir Alam', 'Md Jahangir', 'Alam', '23432,Saint Lucy,Barbados,234', 'sdfsaf', 'sdfsa', '12564', 'jahangirmahi1@gmail.com', '23432', 'Saint Lucy', '19', '234', ''),
(123, '23E6PGV8NALUS5F', 'PNCNLGQCTIQUEQZ', 'Md Jahangir Alam', 'Md Jahangir', 'Alam', '23432,Saint Lucy,Barbados,234', 'sdfsaf', 'sdfsa', '12564', 'jahangirmahi1@gmail.com', '23432', 'Saint Lucy', '19', '234', ''),
(124, '23E6PGV8NALUS5F', 'LC6JDZV8FYOTVFI', 'Md Jahangir Alam', 'Md Jahangir', 'Alam', '23432,Saint Lucy,Barbados,234', 'sdfsaf', 'sdfsa', '12564', 'jahangirmahi1@gmail.com', '23432', 'Saint Lucy', '19', '234', ''),
(125, '23E6PGV8NALUS5F', '32341CR9ITIGT5D', 'Md Jahangir Alam', 'Md Jahangir', 'Alam', '23432,Saint Lucy,Barbados,234', 'sdfsaf', 'sdfsa', '12564', 'jahangirmahi1@gmail.com', '23432', 'Saint Lucy', '19', '234', ''),
(126, '23E6PGV8NALUS5F', 'RR5XOA6H8A32APH', 'Md Jahangir Alam', 'Md Jahangir', 'Alam', '23432,Saint Lucy,Barbados,234', 'sdfsaf', 'sdfsa', '12564', 'jahangirmahi1@gmail.com', '23432', 'Saint Lucy', '19', '234', ''),
(127, '23E6PGV8NALUS5F', '5PDAAX3OZQ6ACAI', 'Md Jahangir Alam', 'Md Jahangir', 'Alam', '23432,Saint Lucy,Barbados,234', 'sdfsaf', 'sdfsa', '12564', 'jahangirmahi1@gmail.com', '23432', 'Saint Lucy', '19', '234', ''),
(128, '23E6PGV8NALUS5F', 'MYQ4CPUUVY7UH6X', 'Md Jahangir Alam', 'Md Jahangir', 'Alam', '23432,Saint Lucy,Barbados,234', 'sdfsaf', 'sdfsa', '12564', 'jahangirmahi1@gmail.com', '23432', 'Saint Lucy', '19', '234', ''),
(129, '23E6PGV8NALUS5F', '5HX5PDOZPKZ4RU6', 'Md Jahangir Alam', 'Md Jahangir', 'Alam', '23432,Saint Lucy,Barbados,234', 'sdfsaf', 'sdfsa', '12564', 'jahangirmahi1@gmail.com', '23432', 'Saint Lucy', '19', '234', ''),
(130, '23E6PGV8NALUS5F', 'A9CTN73IF6Z7I5P', 'Md Jahangir Alam', 'Md Jahangir', 'Alam', '23432,Saint Lucy,Barbados,234', 'sdfsaf', 'sdfsa', '12564', 'jahangirmahi1@gmail.com', '23432', 'Saint Lucy', '19', '234', ''),
(131, 'FJHKMQWVAVNQF4G', 'XAWKVQA8NY297JX', 'First Last', 'First', 'Last', ',Dhaka,Bangladesh,', 'address', '', '34344', '', '', 'Dhaka', '18', '', ''),
(132, 'FJHKMQWVAVNQF4G', 'L6KRLG1PUMCXXFV', 'First Last', 'First', 'Last', ',Dhaka,Bangladesh,', 'address', '', '34344', '', '', 'Dhaka', '18', '', ''),
(133, 'FJHKMQWVAVNQF4G', 'IUGVBVW9IKJ6I2K', 'First Last', 'First', 'Last', ',Dhaka,Bangladesh,', 'address', '', '34344', '', '', 'Dhaka', '18', '', ''),
(134, 'FJHKMQWVAVNQF4G', 'LCYCNRYQLA5YSQF', 'First Last', 'First', 'Last', ',Dhaka,Bangladesh,', 'address', '', '34344', '', '', 'Dhaka', '18', '', ''),
(135, 'FJHKMQWVAVNQF4G', 'DHT4JZBKTMB42QC', 'A Z', 'A', 'Z', ',Bogora,Bangladesh,', 'Dhajka', '', '235423', '', '', 'Bogora', '18', '', ''),
(136, 'FJHKMQWVAVNQF4G', 'N5X6CRC9ENM7QCK', 'A Z', 'A', 'Z', ',Bogora,Bangladesh,', 'Dhajka', '', '235423', '', '', 'Bogora', '18', '', ''),
(137, 'FJHKMQWVAVNQF4G', '4YW38YNGSO7QXDF', 'teasdas asfsafsa', 'teasdas', 'asfsafsa', 'a,Qazax,Azerbaijan,', 'dfasdfsa', '', '4353534', '', 'a', 'Qazax', '15', '', ''),
(138, 'FJHKMQWVAVNQF4G', 'K2GOCLYODBP5YPR', 'teasdas asfsafsa', 'teasdas', 'asfsafsa', 'a,Qazax,Azerbaijan,', 'dfasdfsa', '', '4353534', '', 'a', 'Qazax', '15', '', ''),
(139, 'FJHKMQWVAVNQF4G', 'I9EPEPTKTYTONCV', 'teasdas asfsafsa', 'teasdas', 'asfsafsa', 'a,Qazax,Azerbaijan,', 'dfasdfsa', '', '4353534', '', 'a', 'Qazax', '15', '', ''),
(140, 'FJHKMQWVAVNQF4G', '8E1KKPM26GN419N', 'teasdas asfsafsa', 'teasdas', 'asfsafsa', 'a,Qazax,Azerbaijan,', 'dfasdfsa', '', '4353534', '', 'a', 'Qazax', '15', '', ''),
(141, 'FJHKMQWVAVNQF4G', 'JZ4YFNXC4152NSG', 'teasdas asfsafsa', 'teasdas', 'asfsafsa', 'a,Qazax,Azerbaijan,', 'dfasdfsa', '', '4353534', '', 'a', 'Qazax', '15', '', ''),
(142, 'FJHKMQWVAVNQF4G', 'OOAKSBZTV7BP287', 'teasdas asfsafsa', 'teasdas', 'asfsafsa', 'a,Qazax,Azerbaijan,', 'dfasdfsa', '', '4353534', '', 'a', 'Qazax', '15', '', ''),
(143, 'FJHKMQWVAVNQF4G', '6PQLTJD1GJMGERU', 'teasdas asfsafsa', 'teasdas', 'asfsafsa', 'a,Qazax,Azerbaijan,', 'dfasdfsa', '', '4353534', '', 'a', 'Qazax', '15', '', ''),
(144, 'FJHKMQWVAVNQF4G', 'X5XKG8N2SRCQ9N2', 'teasdas asfsafsa', 'teasdas', 'asfsafsa', 'a,Qazax,Azerbaijan,', 'dfasdfsa', '', '4353534', '', 'a', 'Qazax', '15', '', ''),
(145, 'FJHKMQWVAVNQF4G', 'RB8WI4PAJSUTDEQ', 'teasdas asfsafsa', 'teasdas', 'asfsafsa', 'a,Qazax,Azerbaijan,', 'dfasdfsa', '', '4353534', '', 'a', 'Qazax', '15', '', ''),
(146, 'FJHKMQWVAVNQF4G', 'KYLUE1X2TPCTPCA', 'teasdas asfsafsa', 'teasdas', 'asfsafsa', 'a,Qazax,Azerbaijan,', 'dfasdfsa', '', '4353534', '', 'a', 'Qazax', '15', '', ''),
(147, 'FJHKMQWVAVNQF4G', '7UDXBPGJ9DWI1DH', 'teasdas asfsafsa', 'teasdas', 'asfsafsa', 'a,Qazax,Azerbaijan,', 'dfasdfsa', '', '4353534', '', 'a', 'Qazax', '15', '', ''),
(148, 'FJHKMQWVAVNQF4G', 'ODWE29TYDFG2UOK', 'teasdas asfsafsa', 'teasdas', 'asfsafsa', 'a,Qazax,Azerbaijan,', 'dfasdfsa', '', '4353534', '', 'a', 'Qazax', '15', '', ''),
(149, 'FJHKMQWVAVNQF4G', 'ARAIDNYCL6MJ4L8', 'teasdas asfsafsa', 'teasdas', 'asfsafsa', 'a,Qazax,Azerbaijan,', 'dfasdfsa', '', '4353534', '', 'a', 'Qazax', '15', '', ''),
(150, 'FJHKMQWVAVNQF4G', 'IXPPKZP22ONUAHJ', 'teasdas asfsafsa', 'teasdas', 'asfsafsa', 'a,Qazax,Azerbaijan,', 'dfasdfsa', '', '4353534', '', 'a', 'Qazax', '15', '', ''),
(151, 'FJHKMQWVAVNQF4G', 'A3J5PVDTS3SJB3C', 'teasdas asfsafsa', 'teasdas', 'asfsafsa', 'a,Qazax,Azerbaijan,', 'dfasdfsa', '', '4353534', '', 'a', 'Qazax', '15', '', ''),
(152, 'FJHKMQWVAVNQF4G', '9BEORWIJPL4JZXT', 'teasdas asfsafsa', 'teasdas', 'asfsafsa', 'a,Qazax,Azerbaijan,', 'dfasdfsa', '', '4353534', '', 'a', 'Qazax', '15', '', ''),
(153, 'FJHKMQWVAVNQF4G', 'M656IJ8CFDITZEB', 'teasdas asfsafsa', 'teasdas', 'asfsafsa', 'a,Qazax,Azerbaijan,', 'dfasdfsa', '', '4353534', '', 'a', 'Qazax', '15', '', ''),
(154, 'FJHKMQWVAVNQF4G', '25M44AM99KIKCYR', 'teasdas asfsafsa', 'teasdas', 'asfsafsa', 'a,Qazax,Azerbaijan,', 'dfasdfsa', '', '4353534', '', 'a', 'Qazax', '15', '', ''),
(155, 'FJHKMQWVAVNQF4G', 'AV5SZYHA7UOOYNJ', 'teasdas asfsafsa', 'teasdas', 'asfsafsa', 'a,Qazax,Azerbaijan,', 'dfasdfsa', '', '4353534', '', 'a', 'Qazax', '15', '', ''),
(156, 'FJHKMQWVAVNQF4G', '6NLKKARO854AGMU', 'teasdas asfsafsa', 'teasdas', 'asfsafsa', 'a,Qazax,Azerbaijan,', 'dfasdfsa', '', '4353534', '', 'a', 'Qazax', '15', '', ''),
(157, 'FJHKMQWVAVNQF4G', '4LFEB7EOTACTFLN', 'teasdas asfsafsa', 'teasdas', 'asfsafsa', 'a,Qazax,Azerbaijan,', 'dfasdfsa', '', '4353534', '', 'a', 'Qazax', '15', '', ''),
(158, 'FJHKMQWVAVNQF4G', 'GTIV32DOKXDQUI3', 'teasdas asfsafsa', 'teasdas', 'asfsafsa', 'a,Qazax,Azerbaijan,', 'dfasdfsa', '', '4353534', '', 'a', 'Qazax', '15', '', ''),
(159, 'FJHKMQWVAVNQF4G', 'KQOJBY3KU15293O', 'teasdas asfsafsa', 'teasdas', 'asfsafsa', 'a,Qazax,Azerbaijan,', 'dfasdfsa', '', '4353534', '', 'a', 'Qazax', '15', '', ''),
(160, 'FJHKMQWVAVNQF4G', 'HV1BDOT38KXOBD3', 'teasdas asfsafsa', 'teasdas', 'asfsafsa', 'a,Qazax,Azerbaijan,', 'dfasdfsa', '', '4353534', '', 'a', 'Qazax', '15', '', ''),
(161, 'FJHKMQWVAVNQF4G', '5XS9A3GYHYM932H', 'teasdas asfsafsa', 'teasdas', 'asfsafsa', 'a,Qazax,Azerbaijan,', 'dfasdfsa', '', '4353534', '', 'a', 'Qazax', '15', '', ''),
(162, 'FJHKMQWVAVNQF4G', 'IZ29EN9HYV98VDE', 'teasdas asfsafsa', 'teasdas', 'asfsafsa', 'a,Qazax,Azerbaijan,', 'dfasdfsa', '', '4353534', '', 'a', 'Qazax', '15', '', ''),
(163, 'FJHKMQWVAVNQF4G', 'UCBIDFDWLRTLEEF', 'teasdas asfsafsa', 'teasdas', 'asfsafsa', 'a,Qazax,Azerbaijan,', 'dfasdfsa', '', '4353534', '', 'a', 'Qazax', '15', '', ''),
(164, 'FJHKMQWVAVNQF4G', 'U7CXMO71TNSY15D', 'teasdas asfsafsa', 'teasdas', 'asfsafsa', 'a,Qazax,Azerbaijan,', 'dfasdfsa', '', '4353534', '', 'a', 'Qazax', '15', '', '');

-- --------------------------------------------------------

--
-- Table structure for table `shipping_method`
--

CREATE TABLE `shipping_method` (
  `method_id` int(11) NOT NULL,
  `method_name` varchar(255) NOT NULL,
  `details` text NOT NULL,
  `charge_amount` float NOT NULL,
  `position` int(11) NOT NULL
) ENGINE=InnoDB DEFAULT CHARSET=utf8;

--
-- Dumping data for table `shipping_method`
--

INSERT INTO `shipping_method` (`method_id`, `method_name`, `details`, `charge_amount`, `position`) VALUES
(1, 'Dhaka City', 'Three Days Shipping Rate', 50, 1),
(2, 'Out Of Dhaka City', 'One Day Shipping Rate', 100, 2),
(9, 'Pickup', 'Pickup From Store', 0, 3);

-- --------------------------------------------------------

--
-- Table structure for table `slider`
--

CREATE TABLE `slider` (
  `slider_id` varchar(100) NOT NULL,
  `slider_link` varchar(255) NOT NULL,
  `slider_image` varchar(255) NOT NULL,
  `slider_position` int(11) NOT NULL,
  `status` int(11) NOT NULL
) ENGINE=InnoDB DEFAULT CHARSET=utf8;

--
-- Dumping data for table `slider`
--

INSERT INTO `slider` (`slider_id`, `slider_link`, `slider_image`, `slider_position`, `status`) VALUES
('2JUDDDKY2NEQZFO', 'bdtask', 'http://localhost/seller_erp/my-assets/image/category/9ed86214c800fd4d55c20a85b5fa1792.jpg', 6, 1),
('F2TNJU3Z3KORA9F', 'bdtask', 'http://localhost/seller_erp/my-assets/image/category/8c427c1fdbbe82bd913f24d99f882a51.jpg', 2, 1),
('KW6RFEBQWK4QNTF', 'http://www.styledunea.com/', 'http://localhost/seller_erp/my-assets/image/category/7569c369997b5f0bf46e5416aab1e93c.jpg', 1, 1);

-- --------------------------------------------------------

--
-- Table structure for table `social_config`
--

CREATE TABLE `social_config` (
  `id` int(11) NOT NULL,
  `agent` varchar(100) NOT NULL,
  `client_id` text,
  `client_secret` varchar(100) DEFAULT NULL,
  `api_key` varchar(100) DEFAULT NULL,
  `fb_app_id` varchar(100) DEFAULT NULL,
  `fb_app_secret` varchar(100) DEFAULT NULL,
  `status` int(2) NOT NULL
) ENGINE=InnoDB DEFAULT CHARSET=utf8;

--
-- Dumping data for table `social_config`
--

INSERT INTO `social_config` (`id`, `agent`, `client_id`, `client_secret`, `api_key`, `fb_app_id`, `fb_app_secret`, `status`) VALUES
(1, 'Google Plus', '188693401594-v2g5e1aoaonlb04qrlrf0ch5bvs922g8.apps.googleusercontent.com', '7EPG23lwULfRAByxb5mhRMrv', 'AIzaSyBFBpx7gyfp8g-HH4188iEFpsz2Y2yxTsw', NULL, NULL, 1),
(2, 'Facebook', NULL, NULL, NULL, '185394118782296', '26fffa9ec7de67d9d5decb4c887a70ec', 1);

-- --------------------------------------------------------

--
-- Table structure for table `soft_setting`
--

CREATE TABLE `soft_setting` (
  `setting_id` int(11) NOT NULL,
  `logo` varchar(255) DEFAULT NULL,
  `invoice_logo` varchar(255) DEFAULT NULL,
  `favicon` varchar(255) DEFAULT NULL,
  `footer_text` varchar(255) DEFAULT NULL,
  `language` varchar(255) DEFAULT NULL,
  `rtr` varchar(255) DEFAULT NULL,
  `captcha` int(11) DEFAULT '1' COMMENT '0=active,1=inactive',
  `site_key` varchar(250) DEFAULT NULL,
  `secret_key` varchar(250) DEFAULT NULL
) ENGINE=InnoDB DEFAULT CHARSET=utf8;

--
-- Dumping data for table `soft_setting`
--

INSERT INTO `soft_setting` (`setting_id`, `logo`, `invoice_logo`, `favicon`, `footer_text`, `language`, `rtr`, `captcha`, `site_key`, `secret_key`) VALUES
(1, 'http://localhost/seller_erp/my-assets/image/logo/be1df0f6831a726a5921f0f46911e04e.png', 'http://localhost/seller_erp/my-assets/image/logo/3663e1e2b0ced836724d7fedd4c17e14.png', 'http://localhost/seller_erp/my-assets/image/logo/36555b06f1066e36479f70b8336aafc7.png', 'Developed by bdtask', 'english', '0', 1, '1233', '1233');

-- --------------------------------------------------------

--
-- Table structure for table `states`
--

CREATE TABLE `states` (
  `id` int(11) NOT NULL,
  `name` varchar(30) NOT NULL,
  `country_id` int(11) NOT NULL DEFAULT '1'
) ENGINE=InnoDB DEFAULT CHARSET=latin1;

--
-- Dumping data for table `states`
--

INSERT INTO `states` (`id`, `name`, `country_id`) VALUES
(1, 'Andaman and Nicobar Islands', 101),
(2, 'Andhra Pradesh', 101),
(3, 'Arunachal Pradesh', 101),
(4, 'Assam', 101),
(5, 'Bihar', 101),
(6, 'Chandigarh', 101),
(7, 'Chhattisgarh', 101),
(8, 'Dadra and Nagar Haveli', 101),
(9, 'Daman and Diu', 101),
(10, 'Delhi', 101),
(11, 'Goa', 101),
(12, 'Gujarat', 101),
(13, 'Haryana', 101),
(14, 'Himachal Pradesh', 101),
(15, 'Jammu and Kashmir', 101),
(16, 'Jharkhand', 101),
(17, 'Karnataka', 101),
(18, 'Kenmore', 101),
(19, 'Kerala', 101),
(20, 'Lakshadweep', 101),
(21, 'Madhya Pradesh', 101),
(22, 'Maharashtra', 101),
(23, 'Manipur', 101),
(24, 'Meghalaya', 101),
(25, 'Mizoram', 101),
(26, 'Nagaland', 101),
(27, 'Narora', 101),
(28, 'Natwar', 101),
(29, 'Odisha', 101),
(30, 'Paschim Medinipur', 101),
(31, 'Pondicherry', 101),
(32, 'Punjab', 101),
(33, 'Rajasthan', 101),
(34, 'Sikkim', 101),
(35, 'Tamil Nadu', 101),
(36, 'Telangana', 101),
(37, 'Tripura', 101),
(38, 'Uttar Pradesh', 101),
(39, 'Uttarakhand', 101),
(40, 'Vaishali', 101),
(41, 'West Bengal', 101),
(42, 'Badakhshan', 1),
(43, 'Badgis', 1),
(44, 'Baglan', 1),
(45, 'Balkh', 1),
(46, 'Bamiyan', 1),
(47, 'Farah', 1),
(48, 'Faryab', 1),
(49, 'Gawr', 1),
(50, 'Gazni', 1),
(51, 'Herat', 1),
(52, 'Hilmand', 1),
(53, 'Jawzjan', 1),
(54, 'Kabul', 1),
(55, 'Kapisa', 1),
(56, 'Khawst', 1),
(57, 'Kunar', 1),
(58, 'Lagman', 1),
(59, 'Lawghar', 1),
(60, 'Nangarhar', 1),
(61, 'Nimruz', 1),
(62, 'Nuristan', 1),
(63, 'Paktika', 1),
(64, 'Paktiya', 1),
(65, 'Parwan', 1),
(66, 'Qandahar', 1),
(67, 'Qunduz', 1),
(68, 'Samangan', 1),
(69, 'Sar-e Pul', 1),
(70, 'Takhar', 1),
(71, 'Uruzgan', 1),
(72, 'Wardag', 1),
(73, 'Zabul', 1),
(74, 'Berat', 2),
(75, 'Bulqize', 2),
(76, 'Delvine', 2),
(77, 'Devoll', 2),
(78, 'Dibre', 2),
(79, 'Durres', 2),
(80, 'Elbasan', 2),
(81, 'Fier', 2),
(82, 'Gjirokaster', 2),
(83, 'Gramsh', 2),
(84, 'Has', 2),
(85, 'Kavaje', 2),
(86, 'Kolonje', 2),
(87, 'Korce', 2),
(88, 'Kruje', 2),
(89, 'Kucove', 2),
(90, 'Kukes', 2),
(91, 'Kurbin', 2),
(92, 'Lezhe', 2),
(93, 'Librazhd', 2),
(94, 'Lushnje', 2),
(95, 'Mallakaster', 2),
(96, 'Malsi e Madhe', 2),
(97, 'Mat', 2),
(98, 'Mirdite', 2),
(99, 'Peqin', 2),
(100, 'Permet', 2),
(101, 'Pogradec', 2),
(102, 'Puke', 2),
(103, 'Sarande', 2),
(104, 'Shkoder', 2),
(105, 'Skrapar', 2),
(106, 'Tepelene', 2),
(107, 'Tirane', 2),
(108, 'Tropoje', 2),
(109, 'Vlore', 2),
(110, 'Ayn Daflah', 3),
(111, 'Ayn Tamushanat', 3),
(112, 'Adrar', 3),
(113, 'Algiers', 3),
(114, 'Annabah', 3),
(115, 'Bashshar', 3),
(116, 'Batnah', 3),
(117, 'Bijayah', 3),
(118, 'Biskrah', 3),
(119, 'Blidah', 3),
(120, 'Buirah', 3),
(121, 'Bumardas', 3),
(122, 'Burj Bu Arririj', 3),
(123, 'Ghalizan', 3),
(124, 'Ghardayah', 3),
(125, 'Ilizi', 3),
(126, 'Jijili', 3),
(127, 'Jilfah', 3),
(128, 'Khanshalah', 3),
(129, 'Masilah', 3),
(130, 'Midyah', 3),
(131, 'Milah', 3),
(132, 'Muaskar', 3),
(133, 'Mustaghanam', 3),
(134, 'Naama', 3),
(135, 'Oran', 3),
(136, 'Ouargla', 3),
(137, 'Qalmah', 3),
(138, 'Qustantinah', 3),
(139, 'Sakikdah', 3),
(140, 'Satif', 3),
(141, 'Sayda''', 3),
(142, 'Sidi ban-al-''Abbas', 3),
(143, 'Suq Ahras', 3),
(144, 'Tamanghasat', 3),
(145, 'Tibazah', 3),
(146, 'Tibissah', 3),
(147, 'Tilimsan', 3),
(148, 'Tinduf', 3),
(149, 'Tisamsilt', 3),
(150, 'Tiyarat', 3),
(151, 'Tizi Wazu', 3),
(152, 'Umm-al-Bawaghi', 3),
(153, 'Wahran', 3),
(154, 'Warqla', 3),
(155, 'Wilaya d Alger', 3),
(156, 'Wilaya de Bejaia', 3),
(157, 'Wilaya de Constantine', 3),
(158, 'al-Aghwat', 3),
(159, 'al-Bayadh', 3),
(160, 'al-Jaza''ir', 3),
(161, 'al-Wad', 3),
(162, 'ash-Shalif', 3),
(163, 'at-Tarif', 3),
(164, 'Eastern', 4),
(165, 'Manu''a', 4),
(166, 'Swains Island', 4),
(167, 'Western', 4),
(168, 'Andorra la Vella', 5),
(169, 'Canillo', 5),
(170, 'Encamp', 5),
(171, 'La Massana', 5),
(172, 'Les Escaldes', 5),
(173, 'Ordino', 5),
(174, 'Sant Julia de Loria', 5),
(175, 'Bengo', 6),
(176, 'Benguela', 6),
(177, 'Bie', 6),
(178, 'Cabinda', 6),
(179, 'Cunene', 6),
(180, 'Huambo', 6),
(181, 'Huila', 6),
(182, 'Kuando-Kubango', 6),
(183, 'Kwanza Norte', 6),
(184, 'Kwanza Sul', 6),
(185, 'Luanda', 6),
(186, 'Lunda Norte', 6),
(187, 'Lunda Sul', 6),
(188, 'Malanje', 6),
(189, 'Moxico', 6),
(190, 'Namibe', 6),
(191, 'Uige', 6),
(192, 'Zaire', 6),
(193, 'Other Provinces', 7),
(194, 'Sector claimed by Argentina/Ch', 8),
(195, 'Sector claimed by Argentina/UK', 8),
(196, 'Sector claimed by Australia', 8),
(197, 'Sector claimed by France', 8),
(198, 'Sector claimed by New Zealand', 8),
(199, 'Sector claimed by Norway', 8),
(200, 'Unclaimed Sector', 8),
(201, 'Barbuda', 9),
(202, 'Saint George', 9),
(203, 'Saint John', 9),
(204, 'Saint Mary', 9),
(205, 'Saint Paul', 9),
(206, 'Saint Peter', 9),
(207, 'Saint Philip', 9),
(208, 'Buenos Aires', 10),
(209, 'Catamarca', 10),
(210, 'Chaco', 10),
(211, 'Chubut', 10),
(212, 'Cordoba', 10),
(213, 'Corrientes', 10),
(214, 'Distrito Federal', 10),
(215, 'Entre Rios', 10),
(216, 'Formosa', 10),
(217, 'Jujuy', 10),
(218, 'La Pampa', 10),
(219, 'La Rioja', 10),
(220, 'Mendoza', 10),
(221, 'Misiones', 10),
(222, 'Neuquen', 10),
(223, 'Rio Negro', 10),
(224, 'Salta', 10),
(225, 'San Juan', 10),
(226, 'San Luis', 10),
(227, 'Santa Cruz', 10),
(228, 'Santa Fe', 10),
(229, 'Santiago del Estero', 10),
(230, 'Tierra del Fuego', 10),
(231, 'Tucuman', 10),
(232, 'Aragatsotn', 11),
(233, 'Ararat', 11),
(234, 'Armavir', 11),
(235, 'Gegharkunik', 11),
(236, 'Kotaik', 11),
(237, 'Lori', 11),
(238, 'Shirak', 11),
(239, 'Stepanakert', 11),
(240, 'Syunik', 11),
(241, 'Tavush', 11),
(242, 'Vayots Dzor', 11),
(243, 'Yerevan', 11),
(244, 'Aruba', 12),
(245, 'Auckland', 13),
(246, 'Australian Capital Territory', 13),
(247, 'Balgowlah', 13),
(248, 'Balmain', 13),
(249, 'Bankstown', 13),
(250, 'Baulkham Hills', 13),
(251, 'Bonnet Bay', 13),
(252, 'Camberwell', 13),
(253, 'Carole Park', 13),
(254, 'Castle Hill', 13),
(255, 'Caulfield', 13),
(256, 'Chatswood', 13),
(257, 'Cheltenham', 13),
(258, 'Cherrybrook', 13),
(259, 'Clayton', 13),
(260, 'Collingwood', 13),
(261, 'Frenchs Forest', 13),
(262, 'Hawthorn', 13),
(263, 'Jannnali', 13),
(264, 'Knoxfield', 13),
(265, 'Melbourne', 13),
(266, 'New South Wales', 13),
(267, 'Northern Territory', 13),
(268, 'Perth', 13),
(269, 'Queensland', 13),
(270, 'South Australia', 13),
(271, 'Tasmania', 13),
(272, 'Templestowe', 13),
(273, 'Victoria', 13),
(274, 'Werribee south', 13),
(275, 'Western Australia', 13),
(276, 'Wheeler', 13),
(277, 'Bundesland Salzburg', 14),
(278, 'Bundesland Steiermark', 14),
(279, 'Bundesland Tirol', 14),
(280, 'Burgenland', 14),
(281, 'Carinthia', 14),
(282, 'Karnten', 14),
(283, 'Liezen', 14),
(284, 'Lower Austria', 14),
(285, 'Niederosterreich', 14),
(286, 'Oberosterreich', 14),
(287, 'Salzburg', 14),
(288, 'Schleswig-Holstein', 14),
(289, 'Steiermark', 14),
(290, 'Styria', 14),
(291, 'Tirol', 14),
(292, 'Upper Austria', 14),
(293, 'Vorarlberg', 14),
(294, 'Wien', 14),
(295, 'Abseron', 15),
(296, 'Baki Sahari', 15),
(297, 'Ganca', 15),
(298, 'Ganja', 15),
(299, 'Kalbacar', 15),
(300, 'Lankaran', 15),
(301, 'Mil-Qarabax', 15),
(302, 'Mugan-Salyan', 15),
(303, 'Nagorni-Qarabax', 15),
(304, 'Naxcivan', 15),
(305, 'Priaraks', 15),
(306, 'Qazax', 15),
(307, 'Saki', 15),
(308, 'Sirvan', 15),
(309, 'Xacmaz', 15),
(310, 'Abaco', 16),
(311, 'Acklins Island', 16),
(312, 'Andros', 16),
(313, 'Berry Islands', 16),
(314, 'Biminis', 16),
(315, 'Cat Island', 16),
(316, 'Crooked Island', 16),
(317, 'Eleuthera', 16),
(318, 'Exuma and Cays', 16),
(319, 'Grand Bahama', 16),
(320, 'Inagua Islands', 16),
(321, 'Long Island', 16),
(322, 'Mayaguana', 16),
(323, 'New Providence', 16),
(324, 'Ragged Island', 16),
(325, 'Rum Cay', 16),
(326, 'San Salvador', 16),
(327, '''Isa', 17),
(328, 'Badiyah', 17),
(329, 'Hidd', 17),
(330, 'Jidd Hafs', 17),
(331, 'Mahama', 17),
(332, 'Manama', 17),
(333, 'Sitrah', 17),
(334, 'al-Manamah', 17),
(335, 'al-Muharraq', 17),
(336, 'ar-Rifa''a', 17),
(337, 'Bagar Hat', 18),
(338, 'Bandarban', 18),
(339, 'Barguna', 18),
(340, 'Barisal', 18),
(341, 'Bhola', 18),
(342, 'Bogora', 18),
(343, 'Brahman Bariya', 18),
(344, 'Chandpur', 18),
(345, 'Chattagam', 18),
(346, 'Chittagong Division', 18),
(347, 'Chuadanga', 18),
(348, 'Dhaka', 18),
(349, 'Dinajpur', 18),
(350, 'Faridpur', 18),
(351, 'Feni', 18),
(352, 'Gaybanda', 18),
(353, 'Gazipur', 18),
(354, 'Gopalganj', 18),
(355, 'Habiganj', 18),
(356, 'Jaipur Hat', 18),
(357, 'Jamalpur', 18),
(358, 'Jessor', 18),
(359, 'Jhalakati', 18),
(360, 'Jhanaydah', 18),
(361, 'Khagrachhari', 18),
(362, 'Khulna', 18),
(363, 'Kishorganj', 18),
(364, 'Koks Bazar', 18),
(365, 'Komilla', 18),
(366, 'Kurigram', 18),
(367, 'Kushtiya', 18),
(368, 'Lakshmipur', 18),
(369, 'Lalmanir Hat', 18),
(370, 'Madaripur', 18),
(371, 'Magura', 18),
(372, 'Maimansingh', 18),
(373, 'Manikganj', 18),
(374, 'Maulvi Bazar', 18),
(375, 'Meherpur', 18),
(376, 'Munshiganj', 18),
(377, 'Naral', 18),
(378, 'Narayanganj', 18),
(379, 'Narsingdi', 18),
(380, 'Nator', 18),
(381, 'Naugaon', 18),
(382, 'Nawabganj', 18),
(383, 'Netrakona', 18),
(384, 'Nilphamari', 18),
(385, 'Noakhali', 18),
(386, 'Pabna', 18),
(387, 'Panchagarh', 18),
(388, 'Patuakhali', 18),
(389, 'Pirojpur', 18),
(390, 'Rajbari', 18),
(391, 'Rajshahi', 18),
(392, 'Rangamati', 18),
(393, 'Rangpur', 18),
(394, 'Satkhira', 18),
(395, 'Shariatpur', 18),
(396, 'Sherpur', 18),
(397, 'Silhat', 18),
(398, 'Sirajganj', 18),
(399, 'Sunamganj', 18),
(400, 'Tangayal', 18),
(401, 'Thakurgaon', 18),
(402, 'Christ Church', 19),
(403, 'Saint Andrew', 19),
(404, 'Saint George', 19),
(405, 'Saint James', 19),
(406, 'Saint John', 19),
(407, 'Saint Joseph', 19),
(408, 'Saint Lucy', 19),
(409, 'Saint Michael', 19),
(410, 'Saint Peter', 19),
(411, 'Saint Philip', 19),
(412, 'Saint Thomas', 19),
(413, 'Brest', 20),
(414, 'Homjel''', 20),
(415, 'Hrodna', 20),
(416, 'Mahiljow', 20),
(417, 'Mahilyowskaya Voblasts', 20),
(418, 'Minsk', 20),
(419, 'Minskaja Voblasts''', 20),
(420, 'Petrik', 20),
(421, 'Vicebsk', 20),
(422, 'Antwerpen', 21),
(423, 'Berchem', 21),
(424, 'Brabant', 21),
(425, 'Brabant Wallon', 21),
(426, 'Brussel', 21),
(427, 'East Flanders', 21),
(428, 'Hainaut', 21),
(429, 'Liege', 21),
(430, 'Limburg', 21),
(431, 'Luxembourg', 21),
(432, 'Namur', 21),
(433, 'Ontario', 21),
(434, 'Oost-Vlaanderen', 21),
(435, 'Provincie Brabant', 21),
(436, 'Vlaams-Brabant', 21),
(437, 'Wallonne', 21),
(438, 'West-Vlaanderen', 21),
(439, 'Belize', 22),
(440, 'Cayo', 22),
(441, 'Corozal', 22),
(442, 'Orange Walk', 22),
(443, 'Stann Creek', 22),
(444, 'Toledo', 22),
(445, 'Alibori', 23),
(446, 'Atacora', 23),
(447, 'Atlantique', 23),
(448, 'Borgou', 23),
(449, 'Collines', 23),
(450, 'Couffo', 23),
(451, 'Donga', 23),
(452, 'Littoral', 23),
(453, 'Mono', 23),
(454, 'Oueme', 23),
(455, 'Plateau', 23),
(456, 'Zou', 23),
(457, 'Hamilton', 24),
(458, 'Saint George', 24),
(459, 'Bumthang', 25),
(460, 'Chhukha', 25),
(461, 'Chirang', 25),
(462, 'Daga', 25),
(463, 'Geylegphug', 25),
(464, 'Ha', 25),
(465, 'Lhuntshi', 25),
(466, 'Mongar', 25),
(467, 'Pemagatsel', 25),
(468, 'Punakha', 25),
(469, 'Rinpung', 25),
(470, 'Samchi', 25),
(471, 'Samdrup Jongkhar', 25),
(472, 'Shemgang', 25),
(473, 'Tashigang', 25),
(474, 'Timphu', 25),
(475, 'Tongsa', 25),
(476, 'Wangdiphodrang', 25),
(477, 'Beni', 26),
(478, 'Chuquisaca', 26),
(479, 'Cochabamba', 26),
(480, 'La Paz', 26),
(481, 'Oruro', 26),
(482, 'Pando', 26),
(483, 'Potosi', 26),
(484, 'Santa Cruz', 26),
(485, 'Tarija', 26),
(486, 'Federacija Bosna i Hercegovina', 27),
(487, 'Republika Srpska', 27),
(488, 'Central Bobonong', 28),
(489, 'Central Boteti', 28),
(490, 'Central Mahalapye', 28),
(491, 'Central Serowe-Palapye', 28),
(492, 'Central Tutume', 28),
(493, 'Chobe', 28),
(494, 'Francistown', 28),
(495, 'Gaborone', 28),
(496, 'Ghanzi', 28),
(497, 'Jwaneng', 28),
(498, 'Kgalagadi North', 28),
(499, 'Kgalagadi South', 28),
(500, 'Kgatleng', 28),
(501, 'Kweneng', 28),
(502, 'Lobatse', 28),
(503, 'Ngamiland', 28),
(504, 'Ngwaketse', 28),
(505, 'North East', 28),
(506, 'Okavango', 28),
(507, 'Orapa', 28),
(508, 'Selibe Phikwe', 28),
(509, 'South East', 28),
(510, 'Sowa', 28),
(511, 'Bouvet Island', 29),
(512, 'Acre', 30),
(513, 'Alagoas', 30),
(514, 'Amapa', 30),
(515, 'Amazonas', 30),
(516, 'Bahia', 30),
(517, 'Ceara', 30),
(518, 'Distrito Federal', 30),
(519, 'Espirito Santo', 30),
(520, 'Estado de Sao Paulo', 30),
(521, 'Goias', 30),
(522, 'Maranhao', 30),
(523, 'Mato Grosso', 30),
(524, 'Mato Grosso do Sul', 30),
(525, 'Minas Gerais', 30),
(526, 'Para', 30),
(527, 'Paraiba', 30),
(528, 'Parana', 30),
(529, 'Pernambuco', 30),
(530, 'Piaui', 30),
(531, 'Rio Grande do Norte', 30),
(532, 'Rio Grande do Sul', 30),
(533, 'Rio de Janeiro', 30),
(534, 'Rondonia', 30),
(535, 'Roraima', 30),
(536, 'Santa Catarina', 30),
(537, 'Sao Paulo', 30),
(538, 'Sergipe', 30),
(539, 'Tocantins', 30),
(540, 'British Indian Ocean Territory', 31),
(541, 'Belait', 32),
(542, 'Brunei-Muara', 32),
(543, 'Temburong', 32),
(544, 'Tutong', 32),
(545, 'Blagoevgrad', 33),
(546, 'Burgas', 33),
(547, 'Dobrich', 33),
(548, 'Gabrovo', 33),
(549, 'Haskovo', 33),
(550, 'Jambol', 33),
(551, 'Kardzhali', 33),
(552, 'Kjustendil', 33),
(553, 'Lovech', 33),
(554, 'Montana', 33),
(555, 'Oblast Sofiya-Grad', 33),
(556, 'Pazardzhik', 33),
(557, 'Pernik', 33),
(558, 'Pleven', 33),
(559, 'Plovdiv', 33),
(560, 'Razgrad', 33),
(561, 'Ruse', 33),
(562, 'Shumen', 33),
(563, 'Silistra', 33),
(564, 'Sliven', 33),
(565, 'Smoljan', 33),
(566, 'Sofija grad', 33),
(567, 'Sofijska oblast', 33),
(568, 'Stara Zagora', 33),
(569, 'Targovishte', 33),
(570, 'Varna', 33),
(571, 'Veliko Tarnovo', 33),
(572, 'Vidin', 33),
(573, 'Vraca', 33),
(574, 'Yablaniza', 33),
(575, 'Bale', 34),
(576, 'Bam', 34),
(577, 'Bazega', 34),
(578, 'Bougouriba', 34),
(579, 'Boulgou', 34),
(580, 'Boulkiemde', 34),
(581, 'Comoe', 34),
(582, 'Ganzourgou', 34),
(583, 'Gnagna', 34),
(584, 'Gourma', 34),
(585, 'Houet', 34),
(586, 'Ioba', 34),
(587, 'Kadiogo', 34),
(588, 'Kenedougou', 34),
(589, 'Komandjari', 34),
(590, 'Kompienga', 34),
(591, 'Kossi', 34),
(592, 'Kouritenga', 34),
(593, 'Kourweogo', 34),
(594, 'Leraba', 34),
(595, 'Mouhoun', 34),
(596, 'Nahouri', 34),
(597, 'Namentenga', 34),
(598, 'Noumbiel', 34),
(599, 'Oubritenga', 34),
(600, 'Oudalan', 34),
(601, 'Passore', 34),
(602, 'Poni', 34),
(603, 'Sanguie', 34),
(604, 'Sanmatenga', 34),
(605, 'Seno', 34),
(606, 'Sissili', 34),
(607, 'Soum', 34),
(608, 'Sourou', 34),
(609, 'Tapoa', 34),
(610, 'Tuy', 34),
(611, 'Yatenga', 34),
(612, 'Zondoma', 34),
(613, 'Zoundweogo', 34),
(614, 'Bubanza', 35),
(615, 'Bujumbura', 35),
(616, 'Bururi', 35),
(617, 'Cankuzo', 35),
(618, 'Cibitoke', 35),
(619, 'Gitega', 35),
(620, 'Karuzi', 35),
(621, 'Kayanza', 35),
(622, 'Kirundo', 35),
(623, 'Makamba', 35),
(624, 'Muramvya', 35),
(625, 'Muyinga', 35),
(626, 'Ngozi', 35),
(627, 'Rutana', 35),
(628, 'Ruyigi', 35),
(629, 'Banteay Mean Chey', 36),
(630, 'Bat Dambang', 36),
(631, 'Kampong Cham', 36),
(632, 'Kampong Chhnang', 36),
(633, 'Kampong Spoeu', 36),
(634, 'Kampong Thum', 36),
(635, 'Kampot', 36),
(636, 'Kandal', 36),
(637, 'Kaoh Kong', 36),
(638, 'Kracheh', 36),
(639, 'Krong Kaeb', 36),
(640, 'Krong Pailin', 36),
(641, 'Krong Preah Sihanouk', 36),
(642, 'Mondol Kiri', 36),
(643, 'Otdar Mean Chey', 36),
(644, 'Phnum Penh', 36),
(645, 'Pousat', 36),
(646, 'Preah Vihear', 36),
(647, 'Prey Veaeng', 36),
(648, 'Rotanak Kiri', 36),
(649, 'Siem Reab', 36),
(650, 'Stueng Traeng', 36),
(651, 'Svay Rieng', 36),
(652, 'Takaev', 36),
(653, 'Adamaoua', 37),
(654, 'Centre', 37),
(655, 'Est', 37),
(656, 'Littoral', 37),
(657, 'Nord', 37),
(658, 'Nord Extreme', 37),
(659, 'Nordouest', 37),
(660, 'Ouest', 37),
(661, 'Sud', 37),
(662, 'Sudouest', 37),
(663, 'Alberta', 38),
(664, 'British Columbia', 38),
(665, 'Manitoba', 38),
(666, 'New Brunswick', 38),
(667, 'Newfoundland and Labrador', 38),
(668, 'Northwest Territories', 38),
(669, 'Nova Scotia', 38),
(670, 'Nunavut', 38),
(671, 'Ontario', 38),
(672, 'Prince Edward Island', 38),
(673, 'Quebec', 38),
(674, 'Saskatchewan', 38),
(675, 'Yukon', 38),
(676, 'Boavista', 39),
(677, 'Brava', 39),
(678, 'Fogo', 39),
(679, 'Maio', 39),
(680, 'Sal', 39),
(681, 'Santo Antao', 39),
(682, 'Sao Nicolau', 39),
(683, 'Sao Tiago', 39),
(684, 'Sao Vicente', 39),
(685, 'Grand Cayman', 40),
(686, 'Bamingui-Bangoran', 41),
(687, 'Bangui', 41),
(688, 'Basse-Kotto', 41),
(689, 'Haut-Mbomou', 41),
(690, 'Haute-Kotto', 41),
(691, 'Kemo', 41),
(692, 'Lobaye', 41),
(693, 'Mambere-Kadei', 41),
(694, 'Mbomou', 41),
(695, 'Nana-Gribizi', 41),
(696, 'Nana-Mambere', 41),
(697, 'Ombella Mpoko', 41),
(698, 'Ouaka', 41),
(699, 'Ouham', 41),
(700, 'Ouham-Pende', 41),
(701, 'Sangha-Mbaere', 41),
(702, 'Vakaga', 41),
(703, 'Batha', 42),
(704, 'Biltine', 42),
(705, 'Bourkou-Ennedi-Tibesti', 42),
(706, 'Chari-Baguirmi', 42),
(707, 'Guera', 42),
(708, 'Kanem', 42),
(709, 'Lac', 42),
(710, 'Logone Occidental', 42),
(711, 'Logone Oriental', 42),
(712, 'Mayo-Kebbi', 42),
(713, 'Moyen-Chari', 42),
(714, 'Ouaddai', 42),
(715, 'Salamat', 42),
(716, 'Tandjile', 42),
(717, 'Aisen', 43),
(718, 'Antofagasta', 43),
(719, 'Araucania', 43),
(720, 'Atacama', 43),
(721, 'Bio Bio', 43),
(722, 'Coquimbo', 43),
(723, 'Libertador General Bernardo O''', 43),
(724, 'Los Lagos', 43),
(725, 'Magellanes', 43),
(726, 'Maule', 43),
(727, 'Metropolitana', 43),
(728, 'Metropolitana de Santiago', 43),
(729, 'Tarapaca', 43),
(730, 'Valparaiso', 43),
(731, 'Anhui', 44),
(732, 'Anhui Province', 44),
(733, 'Anhui Sheng', 44),
(734, 'Aomen', 44),
(735, 'Beijing', 44),
(736, 'Beijing Shi', 44),
(737, 'Chongqing', 44),
(738, 'Fujian', 44),
(739, 'Fujian Sheng', 44),
(740, 'Gansu', 44),
(741, 'Guangdong', 44),
(742, 'Guangdong Sheng', 44),
(743, 'Guangxi', 44),
(744, 'Guizhou', 44),
(745, 'Hainan', 44),
(746, 'Hebei', 44),
(747, 'Heilongjiang', 44),
(748, 'Henan', 44),
(749, 'Hubei', 44),
(750, 'Hunan', 44),
(751, 'Jiangsu', 44),
(752, 'Jiangsu Sheng', 44),
(753, 'Jiangxi', 44),
(754, 'Jilin', 44),
(755, 'Liaoning', 44),
(756, 'Liaoning Sheng', 44),
(757, 'Nei Monggol', 44),
(758, 'Ningxia Hui', 44),
(759, 'Qinghai', 44),
(760, 'Shaanxi', 44),
(761, 'Shandong', 44),
(762, 'Shandong Sheng', 44),
(763, 'Shanghai', 44),
(764, 'Shanxi', 44),
(765, 'Sichuan', 44),
(766, 'Tianjin', 44),
(767, 'Xianggang', 44),
(768, 'Xinjiang', 44),
(769, 'Xizang', 44),
(770, 'Yunnan', 44),
(771, 'Zhejiang', 44),
(772, 'Zhejiang Sheng', 44),
(773, 'Christmas Island', 45),
(774, 'Cocos (Keeling) Islands', 46),
(775, 'Amazonas', 47),
(776, 'Antioquia', 47),
(777, 'Arauca', 47),
(778, 'Atlantico', 47),
(779, 'Bogota', 47),
(780, 'Bolivar', 47),
(781, 'Boyaca', 47),
(782, 'Caldas', 47),
(783, 'Caqueta', 47),
(784, 'Casanare', 47),
(785, 'Cauca', 47),
(786, 'Cesar', 47),
(787, 'Choco', 47),
(788, 'Cordoba', 47),
(789, 'Cundinamarca', 47),
(790, 'Guainia', 47),
(791, 'Guaviare', 47),
(792, 'Huila', 47),
(793, 'La Guajira', 47),
(794, 'Magdalena', 47),
(795, 'Meta', 47),
(796, 'Narino', 47),
(797, 'Norte de Santander', 47),
(798, 'Putumayo', 47),
(799, 'Quindio', 47),
(800, 'Risaralda', 47),
(801, 'San Andres y Providencia', 47),
(802, 'Santander', 47),
(803, 'Sucre', 47),
(804, 'Tolima', 47),
(805, 'Valle del Cauca', 47),
(806, 'Vaupes', 47),
(807, 'Vichada', 47),
(808, 'Mwali', 48),
(809, 'Njazidja', 48),
(810, 'Nzwani', 48),
(811, 'Bouenza', 49),
(812, 'Brazzaville', 49),
(813, 'Cuvette', 49),
(814, 'Kouilou', 49),
(815, 'Lekoumou', 49),
(816, 'Likouala', 49),
(817, 'Niari', 49),
(818, 'Plateaux', 49),
(819, 'Pool', 49),
(820, 'Sangha', 49),
(821, 'Bandundu', 50),
(822, 'Bas-Congo', 50),
(823, 'Equateur', 50),
(824, 'Haut-Congo', 50),
(825, 'Kasai-Occidental', 50),
(826, 'Kasai-Oriental', 50),
(827, 'Katanga', 50),
(828, 'Kinshasa', 50),
(829, 'Maniema', 50),
(830, 'Nord-Kivu', 50),
(831, 'Sud-Kivu', 50),
(832, 'Aitutaki', 51),
(833, 'Atiu', 51),
(834, 'Mangaia', 51),
(835, 'Manihiki', 51),
(836, 'Mauke', 51),
(837, 'Mitiaro', 51),
(838, 'Nassau', 51),
(839, 'Pukapuka', 51),
(840, 'Rakahanga', 51),
(841, 'Rarotonga', 51),
(842, 'Tongareva', 51),
(843, 'Alajuela', 52),
(844, 'Cartago', 52),
(845, 'Guanacaste', 52),
(846, 'Heredia', 52),
(847, 'Limon', 52),
(848, 'Puntarenas', 52),
(849, 'San Jose', 52),
(850, 'Abidjan', 53),
(851, 'Agneby', 53),
(852, 'Bafing', 53),
(853, 'Denguele', 53),
(854, 'Dix-huit Montagnes', 53),
(855, 'Fromager', 53),
(856, 'Haut-Sassandra', 53),
(857, 'Lacs', 53),
(858, 'Lagunes', 53),
(859, 'Marahoue', 53),
(860, 'Moyen-Cavally', 53),
(861, 'Moyen-Comoe', 53),
(862, 'N''zi-Comoe', 53),
(863, 'Sassandra', 53),
(864, 'Savanes', 53),
(865, 'Sud-Bandama', 53),
(866, 'Sud-Comoe', 53),
(867, 'Vallee du Bandama', 53),
(868, 'Worodougou', 53),
(869, 'Zanzan', 53),
(870, 'Bjelovar-Bilogora', 54),
(871, 'Dubrovnik-Neretva', 54),
(872, 'Grad Zagreb', 54),
(873, 'Istra', 54),
(874, 'Karlovac', 54),
(875, 'Koprivnica-Krizhevci', 54),
(876, 'Krapina-Zagorje', 54),
(877, 'Lika-Senj', 54),
(878, 'Medhimurje', 54),
(879, 'Medimurska Zupanija', 54),
(880, 'Osijek-Baranja', 54),
(881, 'Osjecko-Baranjska Zupanija', 54),
(882, 'Pozhega-Slavonija', 54),
(883, 'Primorje-Gorski Kotar', 54),
(884, 'Shibenik-Knin', 54),
(885, 'Sisak-Moslavina', 54),
(886, 'Slavonski Brod-Posavina', 54),
(887, 'Split-Dalmacija', 54),
(888, 'Varazhdin', 54),
(889, 'Virovitica-Podravina', 54),
(890, 'Vukovar-Srijem', 54),
(891, 'Zadar', 54),
(892, 'Zagreb', 54),
(893, 'Camaguey', 55),
(894, 'Ciego de Avila', 55),
(895, 'Cienfuegos', 55),
(896, 'Ciudad de la Habana', 55),
(897, 'Granma', 55),
(898, 'Guantanamo', 55),
(899, 'Habana', 55),
(900, 'Holguin', 55),
(901, 'Isla de la Juventud', 55),
(902, 'La Habana', 55),
(903, 'Las Tunas', 55),
(904, 'Matanzas', 55),
(905, 'Pinar del Rio', 55),
(906, 'Sancti Spiritus', 55),
(907, 'Santiago de Cuba', 55),
(908, 'Villa Clara', 55),
(909, 'Government controlled area', 56),
(910, 'Limassol', 56),
(911, 'Nicosia District', 56),
(912, 'Paphos', 56),
(913, 'Turkish controlled area', 56),
(914, 'Central Bohemian', 57),
(915, 'Frycovice', 57),
(916, 'Jihocesky Kraj', 57),
(917, 'Jihochesky', 57),
(918, 'Jihomoravsky', 57),
(919, 'Karlovarsky', 57),
(920, 'Klecany', 57),
(921, 'Kralovehradecky', 57),
(922, 'Liberecky', 57),
(923, 'Lipov', 57),
(924, 'Moravskoslezsky', 57),
(925, 'Olomoucky', 57),
(926, 'Olomoucky Kraj', 57),
(927, 'Pardubicky', 57),
(928, 'Plzensky', 57),
(929, 'Praha', 57),
(930, 'Rajhrad', 57),
(931, 'Smirice', 57),
(932, 'South Moravian', 57),
(933, 'Straz nad Nisou', 57),
(934, 'Stredochesky', 57),
(935, 'Unicov', 57),
(936, 'Ustecky', 57),
(937, 'Valletta', 57),
(938, 'Velesin', 57),
(939, 'Vysochina', 57),
(940, 'Zlinsky', 57),
(941, 'Arhus', 58),
(942, 'Bornholm', 58),
(943, 'Frederiksborg', 58),
(944, 'Fyn', 58),
(945, 'Hovedstaden', 58),
(946, 'Kobenhavn', 58),
(947, 'Kobenhavns Amt', 58),
(948, 'Kobenhavns Kommune', 58),
(949, 'Nordjylland', 58),
(950, 'Ribe', 58),
(951, 'Ringkobing', 58),
(952, 'Roervig', 58),
(953, 'Roskilde', 58),
(954, 'Roslev', 58),
(955, 'Sjaelland', 58),
(956, 'Soeborg', 58),
(957, 'Sonderjylland', 58),
(958, 'Storstrom', 58),
(959, 'Syddanmark', 58),
(960, 'Toelloese', 58),
(961, 'Vejle', 58),
(962, 'Vestsjalland', 58),
(963, 'Viborg', 58),
(964, '''Ali Sabih', 59),
(965, 'Dikhil', 59),
(966, 'Jibuti', 59),
(967, 'Tajurah', 59),
(968, 'Ubuk', 59),
(969, 'Saint Andrew', 60),
(970, 'Saint David', 60),
(971, 'Saint George', 60),
(972, 'Saint John', 60),
(973, 'Saint Joseph', 60),
(974, 'Saint Luke', 60),
(975, 'Saint Mark', 60),
(976, 'Saint Patrick', 60),
(977, 'Saint Paul', 60),
(978, 'Saint Peter', 60),
(979, 'Azua', 61),
(980, 'Bahoruco', 61),
(981, 'Barahona', 61),
(982, 'Dajabon', 61),
(983, 'Distrito Nacional', 61),
(984, 'Duarte', 61),
(985, 'El Seybo', 61),
(986, 'Elias Pina', 61),
(987, 'Espaillat', 61),
(988, 'Hato Mayor', 61),
(989, 'Independencia', 61),
(990, 'La Altagracia', 61),
(991, 'La Romana', 61),
(992, 'La Vega', 61),
(993, 'Maria Trinidad Sanchez', 61),
(994, 'Monsenor Nouel', 61),
(995, 'Monte Cristi', 61),
(996, 'Monte Plata', 61),
(997, 'Pedernales', 61),
(998, 'Peravia', 61),
(999, 'Puerto Plata', 61),
(1000, 'Salcedo', 61),
(1001, 'Samana', 61),
(1002, 'San Cristobal', 61),
(1003, 'San Juan', 61),
(1004, 'San Pedro de Macoris', 61),
(1005, 'Sanchez Ramirez', 61),
(1006, 'Santiago', 61),
(1007, 'Santiago Rodriguez', 61),
(1008, 'Valverde', 61),
(1009, 'Aileu', 62),
(1010, 'Ainaro', 62),
(1011, 'Ambeno', 62),
(1012, 'Baucau', 62),
(1013, 'Bobonaro', 62),
(1014, 'Cova Lima', 62),
(1015, 'Dili', 62),
(1016, 'Ermera', 62),
(1017, 'Lautem', 62),
(1018, 'Liquica', 62),
(1019, 'Manatuto', 62),
(1020, 'Manufahi', 62),
(1021, 'Viqueque', 62),
(1022, 'Azuay', 63),
(1023, 'Bolivar', 63),
(1024, 'Canar', 63),
(1025, 'Carchi', 63),
(1026, 'Chimborazo', 63),
(1027, 'Cotopaxi', 63),
(1028, 'El Oro', 63),
(1029, 'Esmeraldas', 63),
(1030, 'Galapagos', 63),
(1031, 'Guayas', 63),
(1032, 'Imbabura', 63),
(1033, 'Loja', 63),
(1034, 'Los Rios', 63),
(1035, 'Manabi', 63),
(1036, 'Morona Santiago', 63),
(1037, 'Napo', 63),
(1038, 'Orellana', 63),
(1039, 'Pastaza', 63),
(1040, 'Pichincha', 63),
(1041, 'Sucumbios', 63),
(1042, 'Tungurahua', 63),
(1043, 'Zamora Chinchipe', 63),
(1044, 'Aswan', 64),
(1045, 'Asyut', 64),
(1046, 'Bani Suwayf', 64),
(1047, 'Bur Sa''id', 64),
(1048, 'Cairo', 64),
(1049, 'Dumyat', 64),
(1050, 'Kafr-ash-Shaykh', 64),
(1051, 'Matruh', 64),
(1052, 'Muhafazat ad Daqahliyah', 64),
(1053, 'Muhafazat al Fayyum', 64),
(1054, 'Muhafazat al Gharbiyah', 64),
(1055, 'Muhafazat al Iskandariyah', 64),
(1056, 'Muhafazat al Qahirah', 64),
(1057, 'Qina', 64),
(1058, 'Sawhaj', 64),
(1059, 'Sina al-Janubiyah', 64),
(1060, 'Sina ash-Shamaliyah', 64),
(1061, 'ad-Daqahliyah', 64),
(1062, 'al-Bahr-al-Ahmar', 64),
(1063, 'al-Buhayrah', 64),
(1064, 'al-Fayyum', 64),
(1065, 'al-Gharbiyah', 64),
(1066, 'al-Iskandariyah', 64),
(1067, 'al-Ismailiyah', 64),
(1068, 'al-Jizah', 64),
(1069, 'al-Minufiyah', 64),
(1070, 'al-Minya', 64),
(1071, 'al-Qahira', 64),
(1072, 'al-Qalyubiyah', 64),
(1073, 'al-Uqsur', 64),
(1074, 'al-Wadi al-Jadid', 64),
(1075, 'as-Suways', 64),
(1076, 'ash-Sharqiyah', 64),
(1077, 'Ahuachapan', 65),
(1078, 'Cabanas', 65),
(1079, 'Chalatenango', 65),
(1080, 'Cuscatlan', 65),
(1081, 'La Libertad', 65),
(1082, 'La Paz', 65),
(1083, 'La Union', 65),
(1084, 'Morazan', 65),
(1085, 'San Miguel', 65),
(1086, 'San Salvador', 65),
(1087, 'San Vicente', 65),
(1088, 'Santa Ana', 65),
(1089, 'Sonsonate', 65),
(1090, 'Usulutan', 65),
(1091, 'Annobon', 66),
(1092, 'Bioko Norte', 66),
(1093, 'Bioko Sur', 66),
(1094, 'Centro Sur', 66),
(1095, 'Kie-Ntem', 66),
(1096, 'Litoral', 66),
(1097, 'Wele-Nzas', 66),
(1098, 'Anseba', 67),
(1099, 'Debub', 67),
(1100, 'Debub-Keih-Bahri', 67),
(1101, 'Gash-Barka', 67),
(1102, 'Maekel', 67),
(1103, 'Semien-Keih-Bahri', 67),
(1104, 'Harju', 68),
(1105, 'Hiiu', 68),
(1106, 'Ida-Viru', 68),
(1107, 'Jarva', 68),
(1108, 'Jogeva', 68),
(1109, 'Laane', 68),
(1110, 'Laane-Viru', 68),
(1111, 'Parnu', 68),
(1112, 'Polva', 68),
(1113, 'Rapla', 68),
(1114, 'Saare', 68),
(1115, 'Tartu', 68),
(1116, 'Valga', 68),
(1117, 'Viljandi', 68),
(1118, 'Voru', 68),
(1119, 'Addis Abeba', 69),
(1120, 'Afar', 69),
(1121, 'Amhara', 69),
(1122, 'Benishangul', 69),
(1123, 'Diredawa', 69),
(1124, 'Gambella', 69),
(1125, 'Harar', 69),
(1126, 'Jigjiga', 69),
(1127, 'Mekele', 69),
(1128, 'Oromia', 69),
(1129, 'Somali', 69),
(1130, 'Southern', 69),
(1131, 'Tigray', 69),
(1132, 'Christmas Island', 70),
(1133, 'Cocos Islands', 70),
(1134, 'Coral Sea Islands', 70),
(1135, 'Falkland Islands', 71),
(1136, 'South Georgia', 71),
(1137, 'Klaksvik', 72),
(1138, 'Nor ara Eysturoy', 72),
(1139, 'Nor oy', 72),
(1140, 'Sandoy', 72),
(1141, 'Streymoy', 72),
(1142, 'Su uroy', 72),
(1143, 'Sy ra Eysturoy', 72),
(1144, 'Torshavn', 72),
(1145, 'Vaga', 72),
(1146, 'Central', 73),
(1147, 'Eastern', 73),
(1148, 'Northern', 73),
(1149, 'South Pacific', 73),
(1150, 'Western', 73),
(1151, 'Ahvenanmaa', 74),
(1152, 'Etela-Karjala', 74),
(1153, 'Etela-Pohjanmaa', 74),
(1154, 'Etela-Savo', 74),
(1155, 'Etela-Suomen Laani', 74),
(1156, 'Ita-Suomen Laani', 74),
(1157, 'Ita-Uusimaa', 74),
(1158, 'Kainuu', 74),
(1159, 'Kanta-Hame', 74),
(1160, 'Keski-Pohjanmaa', 74),
(1161, 'Keski-Suomi', 74),
(1162, 'Kymenlaakso', 74),
(1163, 'Lansi-Suomen Laani', 74),
(1164, 'Lappi', 74),
(1165, 'Northern Savonia', 74),
(1166, 'Ostrobothnia', 74),
(1167, 'Oulun Laani', 74),
(1168, 'Paijat-Hame', 74),
(1169, 'Pirkanmaa', 74),
(1170, 'Pohjanmaa', 74),
(1171, 'Pohjois-Karjala', 74),
(1172, 'Pohjois-Pohjanmaa', 74),
(1173, 'Pohjois-Savo', 74),
(1174, 'Saarijarvi', 74),
(1175, 'Satakunta', 74),
(1176, 'Southern Savonia', 74),
(1177, 'Tavastia Proper', 74),
(1178, 'Uleaborgs Lan', 74),
(1179, 'Uusimaa', 74),
(1180, 'Varsinais-Suomi', 74),
(1181, 'Ain', 75),
(1182, 'Aisne', 75),
(1183, 'Albi Le Sequestre', 75),
(1184, 'Allier', 75),
(1185, 'Alpes-Cote dAzur', 75),
(1186, 'Alpes-Maritimes', 75),
(1187, 'Alpes-de-Haute-Provence', 75),
(1188, 'Alsace', 75),
(1189, 'Aquitaine', 75),
(1190, 'Ardeche', 75),
(1191, 'Ardennes', 75),
(1192, 'Ariege', 75),
(1193, 'Aube', 75),
(1194, 'Aude', 75),
(1195, 'Auvergne', 75),
(1196, 'Aveyron', 75),
(1197, 'Bas-Rhin', 75),
(1198, 'Basse-Normandie', 75),
(1199, 'Bouches-du-Rhone', 75),
(1200, 'Bourgogne', 75),
(1201, 'Bretagne', 75),
(1202, 'Brittany', 75),
(1203, 'Burgundy', 75),
(1204, 'Calvados', 75),
(1205, 'Cantal', 75),
(1206, 'Cedex', 75),
(1207, 'Centre', 75),
(1208, 'Charente', 75),
(1209, 'Charente-Maritime', 75),
(1210, 'Cher', 75),
(1211, 'Correze', 75),
(1212, 'Corse-du-Sud', 75),
(1213, 'Cote-d''Or', 75),
(1214, 'Cotes-d''Armor', 75),
(1215, 'Creuse', 75),
(1216, 'Crolles', 75),
(1217, 'Deux-Sevres', 75),
(1218, 'Dordogne', 75),
(1219, 'Doubs', 75),
(1220, 'Drome', 75),
(1221, 'Essonne', 75),
(1222, 'Eure', 75),
(1223, 'Eure-et-Loir', 75),
(1224, 'Feucherolles', 75),
(1225, 'Finistere', 75),
(1226, 'Franche-Comte', 75),
(1227, 'Gard', 75),
(1228, 'Gers', 75),
(1229, 'Gironde', 75),
(1230, 'Haut-Rhin', 75),
(1231, 'Haute-Corse', 75),
(1232, 'Haute-Garonne', 75),
(1233, 'Haute-Loire', 75),
(1234, 'Haute-Marne', 75),
(1235, 'Haute-Saone', 75),
(1236, 'Haute-Savoie', 75),
(1237, 'Haute-Vienne', 75),
(1238, 'Hautes-Alpes', 75),
(1239, 'Hautes-Pyrenees', 75),
(1240, 'Hauts-de-Seine', 75),
(1241, 'Herault', 75),
(1242, 'Ile-de-France', 75),
(1243, 'Ille-et-Vilaine', 75),
(1244, 'Indre', 75),
(1245, 'Indre-et-Loire', 75),
(1246, 'Isere', 75),
(1247, 'Jura', 75),
(1248, 'Klagenfurt', 75),
(1249, 'Landes', 75),
(1250, 'Languedoc-Roussillon', 75),
(1251, 'Larcay', 75),
(1252, 'Le Castellet', 75),
(1253, 'Le Creusot', 75),
(1254, 'Limousin', 75),
(1255, 'Loir-et-Cher', 75),
(1256, 'Loire', 75),
(1257, 'Loire-Atlantique', 75),
(1258, 'Loiret', 75),
(1259, 'Lorraine', 75),
(1260, 'Lot', 75),
(1261, 'Lot-et-Garonne', 75),
(1262, 'Lower Normandy', 75),
(1263, 'Lozere', 75),
(1264, 'Maine-et-Loire', 75),
(1265, 'Manche', 75),
(1266, 'Marne', 75),
(1267, 'Mayenne', 75),
(1268, 'Meurthe-et-Moselle', 75),
(1269, 'Meuse', 75),
(1270, 'Midi-Pyrenees', 75),
(1271, 'Morbihan', 75),
(1272, 'Moselle', 75),
(1273, 'Nievre', 75),
(1274, 'Nord', 75),
(1275, 'Nord-Pas-de-Calais', 75),
(1276, 'Oise', 75),
(1277, 'Orne', 75),
(1278, 'Paris', 75),
(1279, 'Pas-de-Calais', 75),
(1280, 'Pays de la Loire', 75),
(1281, 'Pays-de-la-Loire', 75),
(1282, 'Picardy', 75),
(1283, 'Puy-de-Dome', 75),
(1284, 'Pyrenees-Atlantiques', 75),
(1285, 'Pyrenees-Orientales', 75),
(1286, 'Quelmes', 75),
(1287, 'Rhone', 75),
(1288, 'Rhone-Alpes', 75),
(1289, 'Saint Ouen', 75),
(1290, 'Saint Viatre', 75),
(1291, 'Saone-et-Loire', 75),
(1292, 'Sarthe', 75),
(1293, 'Savoie', 75),
(1294, 'Seine-Maritime', 75),
(1295, 'Seine-Saint-Denis', 75),
(1296, 'Seine-et-Marne', 75),
(1297, 'Somme', 75),
(1298, 'Sophia Antipolis', 75),
(1299, 'Souvans', 75),
(1300, 'Tarn', 75),
(1301, 'Tarn-et-Garonne', 75),
(1302, 'Territoire de Belfort', 75),
(1303, 'Treignac', 75),
(1304, 'Upper Normandy', 75),
(1305, 'Val-d''Oise', 75),
(1306, 'Val-de-Marne', 75),
(1307, 'Var', 75),
(1308, 'Vaucluse', 75),
(1309, 'Vellise', 75),
(1310, 'Vendee', 75),
(1311, 'Vienne', 75),
(1312, 'Vosges', 75),
(1313, 'Yonne', 75),
(1314, 'Yvelines', 75),
(1315, 'Cayenne', 76),
(1316, 'Saint-Laurent-du-Maroni', 76),
(1317, 'Iles du Vent', 77),
(1318, 'Iles sous le Vent', 77),
(1319, 'Marquesas', 77),
(1320, 'Tuamotu', 77),
(1321, 'Tubuai', 77),
(1322, 'Amsterdam', 78),
(1323, 'Crozet Islands', 78),
(1324, 'Kerguelen', 78),
(1325, 'Estuaire', 79),
(1326, 'Haut-Ogooue', 79),
(1327, 'Moyen-Ogooue', 79),
(1328, 'Ngounie', 79),
(1329, 'Nyanga', 79),
(1330, 'Ogooue-Ivindo', 79),
(1331, 'Ogooue-Lolo', 79),
(1332, 'Ogooue-Maritime', 79),
(1333, 'Woleu-Ntem', 79),
(1334, 'Banjul', 80),
(1335, 'Basse', 80),
(1336, 'Brikama', 80),
(1337, 'Janjanbureh', 80),
(1338, 'Kanifing', 80),
(1339, 'Kerewan', 80),
(1340, 'Kuntaur', 80),
(1341, 'Mansakonko', 80),
(1342, 'Abhasia', 81),
(1343, 'Ajaria', 81),
(1344, 'Guria', 81),
(1345, 'Imereti', 81),
(1346, 'Kaheti', 81),
(1347, 'Kvemo Kartli', 81),
(1348, 'Mcheta-Mtianeti', 81),
(1349, 'Racha', 81),
(1350, 'Samagrelo-Zemo Svaneti', 81),
(1351, 'Samche-Zhavaheti', 81),
(1352, 'Shida Kartli', 81),
(1353, 'Tbilisi', 81),
(1354, 'Auvergne', 82),
(1355, 'Baden-Wurttemberg', 82),
(1356, 'Bavaria', 82),
(1357, 'Bayern', 82),
(1358, 'Beilstein Wurtt', 82),
(1359, 'Berlin', 82),
(1360, 'Brandenburg', 82),
(1361, 'Bremen', 82),
(1362, 'Dreisbach', 82),
(1363, 'Freistaat Bayern', 82),
(1364, 'Hamburg', 82),
(1365, 'Hannover', 82),
(1366, 'Heroldstatt', 82),
(1367, 'Hessen', 82),
(1368, 'Kortenberg', 82),
(1369, 'Laasdorf', 82),
(1370, 'Land Baden-Wurttemberg', 82),
(1371, 'Land Bayern', 82),
(1372, 'Land Brandenburg', 82),
(1373, 'Land Hessen', 82),
(1374, 'Land Mecklenburg-Vorpommern', 82),
(1375, 'Land Nordrhein-Westfalen', 82),
(1376, 'Land Rheinland-Pfalz', 82),
(1377, 'Land Sachsen', 82),
(1378, 'Land Sachsen-Anhalt', 82),
(1379, 'Land Thuringen', 82),
(1380, 'Lower Saxony', 82),
(1381, 'Mecklenburg-Vorpommern', 82),
(1382, 'Mulfingen', 82),
(1383, 'Munich', 82),
(1384, 'Neubeuern', 82),
(1385, 'Niedersachsen', 82),
(1386, 'Noord-Holland', 82),
(1387, 'Nordrhein-Westfalen', 82),
(1388, 'North Rhine-Westphalia', 82),
(1389, 'Osterode', 82),
(1390, 'Rheinland-Pfalz', 82),
(1391, 'Rhineland-Palatinate', 82),
(1392, 'Saarland', 82),
(1393, 'Sachsen', 82),
(1394, 'Sachsen-Anhalt', 82),
(1395, 'Saxony', 82),
(1396, 'Schleswig-Holstein', 82),
(1397, 'Thuringia', 82),
(1398, 'Webling', 82),
(1399, 'Weinstrabe', 82),
(1400, 'schlobborn', 82),
(1401, 'Ashanti', 83),
(1402, 'Brong-Ahafo', 83),
(1403, 'Central', 83),
(1404, 'Eastern', 83),
(1405, 'Greater Accra', 83),
(1406, 'Northern', 83),
(1407, 'Upper East', 83),
(1408, 'Upper West', 83),
(1409, 'Volta', 83),
(1410, 'Western', 83),
(1411, 'Gibraltar', 84),
(1412, 'Acharnes', 85),
(1413, 'Ahaia', 85),
(1414, 'Aitolia kai Akarnania', 85),
(1415, 'Argolis', 85),
(1416, 'Arkadia', 85),
(1417, 'Arta', 85),
(1418, 'Attica', 85),
(1419, 'Attiki', 85),
(1420, 'Ayion Oros', 85),
(1421, 'Crete', 85),
(1422, 'Dodekanisos', 85),
(1423, 'Drama', 85),
(1424, 'Evia', 85),
(1425, 'Evritania', 85),
(1426, 'Evros', 85),
(1427, 'Evvoia', 85),
(1428, 'Florina', 85),
(1429, 'Fokis', 85),
(1430, 'Fthiotis', 85),
(1431, 'Grevena', 85),
(1432, 'Halandri', 85),
(1433, 'Halkidiki', 85),
(1434, 'Hania', 85),
(1435, 'Heraklion', 85),
(1436, 'Hios', 85),
(1437, 'Ilia', 85),
(1438, 'Imathia', 85),
(1439, 'Ioannina', 85),
(1440, 'Iraklion', 85),
(1441, 'Karditsa', 85),
(1442, 'Kastoria', 85),
(1443, 'Kavala', 85),
(1444, 'Kefallinia', 85),
(1445, 'Kerkira', 85),
(1446, 'Kiklades', 85),
(1447, 'Kilkis', 85),
(1448, 'Korinthia', 85),
(1449, 'Kozani', 85),
(1450, 'Lakonia', 85),
(1451, 'Larisa', 85),
(1452, 'Lasithi', 85),
(1453, 'Lesvos', 85),
(1454, 'Levkas', 85),
(1455, 'Magnisia', 85),
(1456, 'Messinia', 85),
(1457, 'Nomos Attikis', 85),
(1458, 'Nomos Zakynthou', 85),
(1459, 'Pella', 85),
(1460, 'Pieria', 85),
(1461, 'Piraios', 85),
(1462, 'Preveza', 85),
(1463, 'Rethimni', 85),
(1464, 'Rodopi', 85),
(1465, 'Samos', 85),
(1466, 'Serrai', 85),
(1467, 'Thesprotia', 85),
(1468, 'Thessaloniki', 85),
(1469, 'Trikala', 85),
(1470, 'Voiotia', 85),
(1471, 'West Greece', 85),
(1472, 'Xanthi', 85),
(1473, 'Zakinthos', 85),
(1474, 'Aasiaat', 86),
(1475, 'Ammassalik', 86),
(1476, 'Illoqqortoormiut', 86),
(1477, 'Ilulissat', 86),
(1478, 'Ivittuut', 86),
(1479, 'Kangaatsiaq', 86),
(1480, 'Maniitsoq', 86),
(1481, 'Nanortalik', 86),
(1482, 'Narsaq', 86),
(1483, 'Nuuk', 86),
(1484, 'Paamiut', 86),
(1485, 'Qaanaaq', 86),
(1486, 'Qaqortoq', 86),
(1487, 'Qasigiannguit', 86),
(1488, 'Qeqertarsuaq', 86),
(1489, 'Sisimiut', 86),
(1490, 'Udenfor kommunal inddeling', 86),
(1491, 'Upernavik', 86),
(1492, 'Uummannaq', 86),
(1493, 'Carriacou-Petite Martinique', 87),
(1494, 'Saint Andrew', 87),
(1495, 'Saint Davids', 87),
(1496, 'Saint George''s', 87),
(1497, 'Saint John', 87),
(1498, 'Saint Mark', 87),
(1499, 'Saint Patrick', 87),
(1500, 'Basse-Terre', 88),
(1501, 'Grande-Terre', 88),
(1502, 'Iles des Saintes', 88),
(1503, 'La Desirade', 88),
(1504, 'Marie-Galante', 88),
(1505, 'Saint Barthelemy', 88),
(1506, 'Saint Martin', 88),
(1507, 'Agana Heights', 89),
(1508, 'Agat', 89),
(1509, 'Barrigada', 89),
(1510, 'Chalan-Pago-Ordot', 89),
(1511, 'Dededo', 89),
(1512, 'Hagatna', 89),
(1513, 'Inarajan', 89),
(1514, 'Mangilao', 89),
(1515, 'Merizo', 89),
(1516, 'Mongmong-Toto-Maite', 89),
(1517, 'Santa Rita', 89),
(1518, 'Sinajana', 89),
(1519, 'Talofofo', 89),
(1520, 'Tamuning', 89),
(1521, 'Yigo', 89),
(1522, 'Yona', 89),
(1523, 'Alta Verapaz', 90),
(1524, 'Baja Verapaz', 90),
(1525, 'Chimaltenango', 90),
(1526, 'Chiquimula', 90),
(1527, 'El Progreso', 90),
(1528, 'Escuintla', 90),
(1529, 'Guatemala', 90),
(1530, 'Huehuetenango', 90),
(1531, 'Izabal', 90),
(1532, 'Jalapa', 90),
(1533, 'Jutiapa', 90),
(1534, 'Peten', 90),
(1535, 'Quezaltenango', 90),
(1536, 'Quiche', 90),
(1537, 'Retalhuleu', 90),
(1538, 'Sacatepequez', 90),
(1539, 'San Marcos', 90),
(1540, 'Santa Rosa', 90),
(1541, 'Solola', 90),
(1542, 'Suchitepequez', 90),
(1543, 'Totonicapan', 90),
(1544, 'Zacapa', 90),
(1545, 'Alderney', 91),
(1546, 'Castel', 91),
(1547, 'Forest', 91),
(1548, 'Saint Andrew', 91),
(1549, 'Saint Martin', 91),
(1550, 'Saint Peter Port', 91),
(1551, 'Saint Pierre du Bois', 91),
(1552, 'Saint Sampson', 91),
(1553, 'Saint Saviour', 91),
(1554, 'Sark', 91),
(1555, 'Torteval', 91),
(1556, 'Vale', 91),
(1557, 'Beyla', 92),
(1558, 'Boffa', 92),
(1559, 'Boke', 92),
(1560, 'Conakry', 92),
(1561, 'Coyah', 92),
(1562, 'Dabola', 92),
(1563, 'Dalaba', 92),
(1564, 'Dinguiraye', 92),
(1565, 'Faranah', 92),
(1566, 'Forecariah', 92),
(1567, 'Fria', 92),
(1568, 'Gaoual', 92),
(1569, 'Gueckedou', 92),
(1570, 'Kankan', 92),
(1571, 'Kerouane', 92),
(1572, 'Kindia', 92),
(1573, 'Kissidougou', 92),
(1574, 'Koubia', 92),
(1575, 'Koundara', 92),
(1576, 'Kouroussa', 92),
(1577, 'Labe', 92),
(1578, 'Lola', 92),
(1579, 'Macenta', 92),
(1580, 'Mali', 92),
(1581, 'Mamou', 92),
(1582, 'Mandiana', 92),
(1583, 'Nzerekore', 92),
(1584, 'Pita', 92),
(1585, 'Siguiri', 92),
(1586, 'Telimele', 92),
(1587, 'Tougue', 92),
(1588, 'Yomou', 92),
(1589, 'Bafata', 93),
(1590, 'Bissau', 93),
(1591, 'Bolama', 93),
(1592, 'Cacheu', 93),
(1593, 'Gabu', 93),
(1594, 'Oio', 93),
(1595, 'Quinara', 93),
(1596, 'Tombali', 93),
(1597, 'Barima-Waini', 94),
(1598, 'Cuyuni-Mazaruni', 94),
(1599, 'Demerara-Mahaica', 94),
(1600, 'East Berbice-Corentyne', 94),
(1601, 'Essequibo Islands-West Demerar', 94),
(1602, 'Mahaica-Berbice', 94),
(1603, 'Pomeroon-Supenaam', 94),
(1604, 'Potaro-Siparuni', 94),
(1605, 'Upper Demerara-Berbice', 94),
(1606, 'Upper Takutu-Upper Essequibo', 94),
(1607, 'Artibonite', 95),
(1608, 'Centre', 95),
(1609, 'Grand''Anse', 95),
(1610, 'Nord', 95),
(1611, 'Nord-Est', 95),
(1612, 'Nord-Ouest', 95),
(1613, 'Ouest', 95),
(1614, 'Sud', 95),
(1615, 'Sud-Est', 95),
(1616, 'Heard and McDonald Islands', 96),
(1617, 'Atlantida', 97),
(1618, 'Choluteca', 97),
(1619, 'Colon', 97),
(1620, 'Comayagua', 97),
(1621, 'Copan', 97),
(1622, 'Cortes', 97),
(1623, 'Distrito Central', 97),
(1624, 'El Paraiso', 97),
(1625, 'Francisco Morazan', 97),
(1626, 'Gracias a Dios', 97),
(1627, 'Intibuca', 97),
(1628, 'Islas de la Bahia', 97),
(1629, 'La Paz', 97),
(1630, 'Lempira', 97),
(1631, 'Ocotepeque', 97),
(1632, 'Olancho', 97),
(1633, 'Santa Barbara', 97),
(1634, 'Valle', 97),
(1635, 'Yoro', 97),
(1636, 'Hong Kong', 98),
(1637, 'Bacs-Kiskun', 99),
(1638, 'Baranya', 99),
(1639, 'Bekes', 99),
(1640, 'Borsod-Abauj-Zemplen', 99),
(1641, 'Budapest', 99),
(1642, 'Csongrad', 99),
(1643, 'Fejer', 99),
(1644, 'Gyor-Moson-Sopron', 99),
(1645, 'Hajdu-Bihar', 99),
(1646, 'Heves', 99),
(1647, 'Jasz-Nagykun-Szolnok', 99),
(1648, 'Komarom-Esztergom', 99),
(1649, 'Nograd', 99),
(1650, 'Pest', 99),
(1651, 'Somogy', 99),
(1652, 'Szabolcs-Szatmar-Bereg', 99),
(1653, 'Tolna', 99),
(1654, 'Vas', 99),
(1655, 'Veszprem', 99),
(1656, 'Zala', 99),
(1657, 'Austurland', 100),
(1658, 'Gullbringusysla', 100),
(1659, 'Hofu borgarsva i', 100),
(1660, 'Nor urland eystra', 100),
(1661, 'Nor urland vestra', 100),
(1662, 'Su urland', 100),
(1663, 'Su urnes', 100),
(1664, 'Vestfir ir', 100),
(1665, 'Vesturland', 100),
(1666, 'Aceh', 102),
(1667, 'Bali', 102),
(1668, 'Bangka-Belitung', 102),
(1669, 'Banten', 102),
(1670, 'Bengkulu', 102),
(1671, 'Gandaria', 102),
(1672, 'Gorontalo', 102),
(1673, 'Jakarta', 102),
(1674, 'Jambi', 102),
(1675, 'Jawa Barat', 102),
(1676, 'Jawa Tengah', 102),
(1677, 'Jawa Timur', 102),
(1678, 'Kalimantan Barat', 102),
(1679, 'Kalimantan Selatan', 102),
(1680, 'Kalimantan Tengah', 102),
(1681, 'Kalimantan Timur', 102),
(1682, 'Kendal', 102),
(1683, 'Lampung', 102),
(1684, 'Maluku', 102),
(1685, 'Maluku Utara', 102),
(1686, 'Nusa Tenggara Barat', 102),
(1687, 'Nusa Tenggara Timur', 102),
(1688, 'Papua', 102),
(1689, 'Riau', 102),
(1690, 'Riau Kepulauan', 102),
(1691, 'Solo', 102),
(1692, 'Sulawesi Selatan', 102),
(1693, 'Sulawesi Tengah', 102),
(1694, 'Sulawesi Tenggara', 102),
(1695, 'Sulawesi Utara', 102),
(1696, 'Sumatera Barat', 102),
(1697, 'Sumatera Selatan', 102),
(1698, 'Sumatera Utara', 102),
(1699, 'Yogyakarta', 102),
(1700, 'Ardabil', 103),
(1701, 'Azarbayjan-e Bakhtari', 103),
(1702, 'Azarbayjan-e Khavari', 103),
(1703, 'Bushehr', 103),
(1704, 'Chahar Mahal-e Bakhtiari', 103),
(1705, 'Esfahan', 103),
(1706, 'Fars', 103),
(1707, 'Gilan', 103),
(1708, 'Golestan', 103),
(1709, 'Hamadan', 103),
(1710, 'Hormozgan', 103),
(1711, 'Ilam', 103),
(1712, 'Kerman', 103),
(1713, 'Kermanshah', 103),
(1714, 'Khorasan', 103),
(1715, 'Khuzestan', 103),
(1716, 'Kohgiluyeh-e Boyerahmad', 103),
(1717, 'Kordestan', 103),
(1718, 'Lorestan', 103),
(1719, 'Markazi', 103),
(1720, 'Mazandaran', 103),
(1721, 'Ostan-e Esfahan', 103),
(1722, 'Qazvin', 103),
(1723, 'Qom', 103),
(1724, 'Semnan', 103),
(1725, 'Sistan-e Baluchestan', 103),
(1726, 'Tehran', 103),
(1727, 'Yazd', 103),
(1728, 'Zanjan', 103),
(1729, 'Babil', 104),
(1730, 'Baghdad', 104),
(1731, 'Dahuk', 104),
(1732, 'Dhi Qar', 104),
(1733, 'Diyala', 104),
(1734, 'Erbil', 104),
(1735, 'Irbil', 104),
(1736, 'Karbala', 104),
(1737, 'Kurdistan', 104),
(1738, 'Maysan', 104),
(1739, 'Ninawa', 104),
(1740, 'Salah-ad-Din', 104),
(1741, 'Wasit', 104),
(1742, 'al-Anbar', 104),
(1743, 'al-Basrah', 104),
(1744, 'al-Muthanna', 104),
(1745, 'al-Qadisiyah', 104),
(1746, 'an-Najaf', 104),
(1747, 'as-Sulaymaniyah', 104),
(1748, 'at-Ta''mim', 104),
(1749, 'Armagh', 105),
(1750, 'Carlow', 105),
(1751, 'Cavan', 105),
(1752, 'Clare', 105),
(1753, 'Cork', 105),
(1754, 'Donegal', 105),
(1755, 'Dublin', 105),
(1756, 'Galway', 105),
(1757, 'Kerry', 105),
(1758, 'Kildare', 105),
(1759, 'Kilkenny', 105),
(1760, 'Laois', 105),
(1761, 'Leinster', 105),
(1762, 'Leitrim', 105),
(1763, 'Limerick', 105),
(1764, 'Loch Garman', 105),
(1765, 'Longford', 105),
(1766, 'Louth', 105),
(1767, 'Mayo', 105),
(1768, 'Meath', 105),
(1769, 'Monaghan', 105),
(1770, 'Offaly', 105),
(1771, 'Roscommon', 105),
(1772, 'Sligo', 105),
(1773, 'Tipperary North Riding', 105),
(1774, 'Tipperary South Riding', 105),
(1775, 'Ulster', 105),
(1776, 'Waterford', 105),
(1777, 'Westmeath', 105),
(1778, 'Wexford', 105),
(1779, 'Wicklow', 105),
(1780, 'Beit Hanania', 106),
(1781, 'Ben Gurion Airport', 106),
(1782, 'Bethlehem', 106),
(1783, 'Caesarea', 106),
(1784, 'Centre', 106),
(1785, 'Gaza', 106),
(1786, 'Hadaron', 106),
(1787, 'Haifa District', 106),
(1788, 'Hamerkaz', 106),
(1789, 'Hazafon', 106),
(1790, 'Hebron', 106),
(1791, 'Jaffa', 106),
(1792, 'Jerusalem', 106),
(1793, 'Khefa', 106),
(1794, 'Kiryat Yam', 106),
(1795, 'Lower Galilee', 106),
(1796, 'Qalqilya', 106),
(1797, 'Talme Elazar', 106),
(1798, 'Tel Aviv', 106),
(1799, 'Tsafon', 106),
(1800, 'Umm El Fahem', 106),
(1801, 'Yerushalayim', 106),
(1802, 'Abruzzi', 107),
(1803, 'Abruzzo', 107),
(1804, 'Agrigento', 107),
(1805, 'Alessandria', 107),
(1806, 'Ancona', 107),
(1807, 'Arezzo', 107),
(1808, 'Ascoli Piceno', 107),
(1809, 'Asti', 107),
(1810, 'Avellino', 107),
(1811, 'Bari', 107),
(1812, 'Basilicata', 107),
(1813, 'Belluno', 107),
(1814, 'Benevento', 107),
(1815, 'Bergamo', 107),
(1816, 'Biella', 107),
(1817, 'Bologna', 107),
(1818, 'Bolzano', 107),
(1819, 'Brescia', 107),
(1820, 'Brindisi', 107),
(1821, 'Calabria', 107),
(1822, 'Campania', 107),
(1823, 'Cartoceto', 107),
(1824, 'Caserta', 107),
(1825, 'Catania', 107),
(1826, 'Chieti', 107),
(1827, 'Como', 107),
(1828, 'Cosenza', 107),
(1829, 'Cremona', 107),
(1830, 'Cuneo', 107),
(1831, 'Emilia-Romagna', 107),
(1832, 'Ferrara', 107),
(1833, 'Firenze', 107),
(1834, 'Florence', 107),
(1835, 'Forli-Cesena ', 107),
(1836, 'Friuli-Venezia Giulia', 107),
(1837, 'Frosinone', 107),
(1838, 'Genoa', 107),
(1839, 'Gorizia', 107),
(1840, 'L''Aquila', 107),
(1841, 'Lazio', 107),
(1842, 'Lecce', 107),
(1843, 'Lecco', 107),
(1844, 'Lecco Province', 107),
(1845, 'Liguria', 107),
(1846, 'Lodi', 107),
(1847, 'Lombardia', 107),
(1848, 'Lombardy', 107),
(1849, 'Macerata', 107),
(1850, 'Mantova', 107),
(1851, 'Marche', 107),
(1852, 'Messina', 107),
(1853, 'Milan', 107),
(1854, 'Modena', 107),
(1855, 'Molise', 107),
(1856, 'Molteno', 107),
(1857, 'Montenegro', 107),
(1858, 'Monza and Brianza', 107),
(1859, 'Naples', 107),
(1860, 'Novara', 107),
(1861, 'Padova', 107),
(1862, 'Parma', 107),
(1863, 'Pavia', 107),
(1864, 'Perugia', 107),
(1865, 'Pesaro-Urbino', 107),
(1866, 'Piacenza', 107),
(1867, 'Piedmont', 107),
(1868, 'Piemonte', 107),
(1869, 'Pisa', 107),
(1870, 'Pordenone', 107),
(1871, 'Potenza', 107),
(1872, 'Puglia', 107),
(1873, 'Reggio Emilia', 107),
(1874, 'Rimini', 107),
(1875, 'Roma', 107),
(1876, 'Salerno', 107),
(1877, 'Sardegna', 107),
(1878, 'Sassari', 107),
(1879, 'Savona', 107),
(1880, 'Sicilia', 107),
(1881, 'Siena', 107),
(1882, 'Sondrio', 107),
(1883, 'South Tyrol', 107),
(1884, 'Taranto', 107),
(1885, 'Teramo', 107),
(1886, 'Torino', 107),
(1887, 'Toscana', 107),
(1888, 'Trapani', 107),
(1889, 'Trentino-Alto Adige', 107),
(1890, 'Trento', 107),
(1891, 'Treviso', 107),
(1892, 'Udine', 107),
(1893, 'Umbria', 107),
(1894, 'Valle d''Aosta', 107),
(1895, 'Varese', 107),
(1896, 'Veneto', 107),
(1897, 'Venezia', 107),
(1898, 'Verbano-Cusio-Ossola', 107),
(1899, 'Vercelli', 107),
(1900, 'Verona', 107),
(1901, 'Vicenza', 107),
(1902, 'Viterbo', 107),
(1903, 'Buxoro Viloyati', 108),
(1904, 'Clarendon', 108),
(1905, 'Hanover', 108),
(1906, 'Kingston', 108),
(1907, 'Manchester', 108),
(1908, 'Portland', 108),
(1909, 'Saint Andrews', 108),
(1910, 'Saint Ann', 108),
(1911, 'Saint Catherine', 108),
(1912, 'Saint Elizabeth', 108),
(1913, 'Saint James', 108),
(1914, 'Saint Mary', 108),
(1915, 'Saint Thomas', 108),
(1916, 'Trelawney', 108),
(1917, 'Westmoreland', 108),
(1918, 'Aichi', 109),
(1919, 'Akita', 109),
(1920, 'Aomori', 109),
(1921, 'Chiba', 109),
(1922, 'Ehime', 109),
(1923, 'Fukui', 109),
(1924, 'Fukuoka', 109),
(1925, 'Fukushima', 109),
(1926, 'Gifu', 109),
(1927, 'Gumma', 109),
(1928, 'Hiroshima', 109),
(1929, 'Hokkaido', 109),
(1930, 'Hyogo', 109),
(1931, 'Ibaraki', 109),
(1932, 'Ishikawa', 109),
(1933, 'Iwate', 109),
(1934, 'Kagawa', 109),
(1935, 'Kagoshima', 109),
(1936, 'Kanagawa', 109),
(1937, 'Kanto', 109),
(1938, 'Kochi', 109),
(1939, 'Kumamoto', 109),
(1940, 'Kyoto', 109),
(1941, 'Mie', 109),
(1942, 'Miyagi', 109),
(1943, 'Miyazaki', 109),
(1944, 'Nagano', 109),
(1945, 'Nagasaki', 109),
(1946, 'Nara', 109),
(1947, 'Niigata', 109),
(1948, 'Oita', 109),
(1949, 'Okayama', 109),
(1950, 'Okinawa', 109),
(1951, 'Osaka', 109),
(1952, 'Saga', 109),
(1953, 'Saitama', 109),
(1954, 'Shiga', 109),
(1955, 'Shimane', 109),
(1956, 'Shizuoka', 109),
(1957, 'Tochigi', 109),
(1958, 'Tokushima', 109),
(1959, 'Tokyo', 109),
(1960, 'Tottori', 109),
(1961, 'Toyama', 109),
(1962, 'Wakayama', 109),
(1963, 'Yamagata', 109),
(1964, 'Yamaguchi', 109),
(1965, 'Yamanashi', 109),
(1966, 'Grouville', 110),
(1967, 'Saint Brelade', 110),
(1968, 'Saint Clement', 110),
(1969, 'Saint Helier', 110),
(1970, 'Saint John', 110),
(1971, 'Saint Lawrence', 110),
(1972, 'Saint Martin', 110),
(1973, 'Saint Mary', 110),
(1974, 'Saint Peter', 110),
(1975, 'Saint Saviour', 110),
(1976, 'Trinity', 110),
(1977, '''Ajlun', 111),
(1978, 'Amman', 111),
(1979, 'Irbid', 111),
(1980, 'Jarash', 111),
(1981, 'Ma''an', 111),
(1982, 'Madaba', 111),
(1983, 'al-''Aqabah', 111),
(1984, 'al-Balqa''', 111),
(1985, 'al-Karak', 111),
(1986, 'al-Mafraq', 111),
(1987, 'at-Tafilah', 111),
(1988, 'az-Zarqa''', 111),
(1989, 'Akmecet', 112),
(1990, 'Akmola', 112),
(1991, 'Aktobe', 112),
(1992, 'Almati', 112),
(1993, 'Atirau', 112),
(1994, 'Batis Kazakstan', 112),
(1995, 'Burlinsky Region', 112),
(1996, 'Karagandi', 112),
(1997, 'Kostanay', 112),
(1998, 'Mankistau', 112),
(1999, 'Ontustik Kazakstan', 112),
(2000, 'Pavlodar', 112),
(2001, 'Sigis Kazakstan', 112),
(2002, 'Soltustik Kazakstan', 112),
(2003, 'Taraz', 112),
(2004, 'Central', 113),
(2005, 'Coast', 113),
(2006, 'Eastern', 113),
(2007, 'Nairobi', 113),
(2008, 'North Eastern', 113),
(2009, 'Nyanza', 113),
(2010, 'Rift Valley', 113),
(2011, 'Western', 113),
(2012, 'Abaiang', 114),
(2013, 'Abemana', 114),
(2014, 'Aranuka', 114),
(2015, 'Arorae', 114),
(2016, 'Banaba', 114),
(2017, 'Beru', 114),
(2018, 'Butaritari', 114),
(2019, 'Kiritimati', 114),
(2020, 'Kuria', 114),
(2021, 'Maiana', 114),
(2022, 'Makin', 114),
(2023, 'Marakei', 114),
(2024, 'Nikunau', 114),
(2025, 'Nonouti', 114),
(2026, 'Onotoa', 114),
(2027, 'Phoenix Islands', 114),
(2028, 'Tabiteuea North', 114),
(2029, 'Tabiteuea South', 114),
(2030, 'Tabuaeran', 114),
(2031, 'Tamana', 114),
(2032, 'Tarawa North', 114),
(2033, 'Tarawa South', 114),
(2034, 'Teraina', 114),
(2035, 'Chagangdo', 115),
(2036, 'Hamgyeongbukto', 115),
(2037, 'Hamgyeongnamdo', 115),
(2038, 'Hwanghaebukto', 115),
(2039, 'Hwanghaenamdo', 115),
(2040, 'Kaeseong', 115),
(2041, 'Kangweon', 115),
(2042, 'Nampo', 115),
(2043, 'Pyeonganbukto', 115),
(2044, 'Pyeongannamdo', 115),
(2045, 'Pyeongyang', 115),
(2046, 'Yanggang', 115),
(2047, 'Busan', 116),
(2048, 'Cheju', 116),
(2049, 'Chollabuk', 116),
(2050, 'Chollanam', 116),
(2051, 'Chungbuk', 116),
(2052, 'Chungcheongbuk', 116),
(2053, 'Chungcheongnam', 116),
(2054, 'Chungnam', 116),
(2055, 'Daegu', 116),
(2056, 'Gangwon-do', 116),
(2057, 'Goyang-si', 116),
(2058, 'Gyeonggi-do', 116),
(2059, 'Gyeongsang ', 116),
(2060, 'Gyeongsangnam-do', 116),
(2061, 'Incheon', 116),
(2062, 'Jeju-Si', 116),
(2063, 'Jeonbuk', 116),
(2064, 'Kangweon', 116),
(2065, 'Kwangju', 116),
(2066, 'Kyeonggi', 116),
(2067, 'Kyeongsangbuk', 116),
(2068, 'Kyeongsangnam', 116),
(2069, 'Kyonggi-do', 116),
(2070, 'Kyungbuk-Do', 116),
(2071, 'Kyunggi-Do', 116),
(2072, 'Kyunggi-do', 116),
(2073, 'Pusan', 116),
(2074, 'Seoul', 116),
(2075, 'Sudogwon', 116),
(2076, 'Taegu', 116),
(2077, 'Taejeon', 116),
(2078, 'Taejon-gwangyoksi', 116),
(2079, 'Ulsan', 116),
(2080, 'Wonju', 116),
(2081, 'gwangyoksi', 116),
(2082, 'Al Asimah', 117),
(2083, 'Hawalli', 117),
(2084, 'Mishref', 117),
(2085, 'Qadesiya', 117),
(2086, 'Safat', 117),
(2087, 'Salmiya', 117),
(2088, 'al-Ahmadi', 117),
(2089, 'al-Farwaniyah', 117),
(2090, 'al-Jahra', 117),
(2091, 'al-Kuwayt', 117),
(2092, 'Batken', 118),
(2093, 'Bishkek', 118),
(2094, 'Chui', 118),
(2095, 'Issyk-Kul', 118),
(2096, 'Jalal-Abad', 118),
(2097, 'Naryn', 118),
(2098, 'Osh', 118),
(2099, 'Talas', 118),
(2100, 'Attopu', 119),
(2101, 'Bokeo', 119),
(2102, 'Bolikhamsay', 119),
(2103, 'Champasak', 119),
(2104, 'Houaphanh', 119),
(2105, 'Khammouane', 119),
(2106, 'Luang Nam Tha', 119),
(2107, 'Luang Prabang', 119),
(2108, 'Oudomxay', 119),
(2109, 'Phongsaly', 119),
(2110, 'Saravan', 119),
(2111, 'Savannakhet', 119),
(2112, 'Sekong', 119),
(2113, 'Viangchan Prefecture', 119),
(2114, 'Viangchan Province', 119),
(2115, 'Xaignabury', 119),
(2116, 'Xiang Khuang', 119),
(2117, 'Aizkraukles', 120),
(2118, 'Aluksnes', 120),
(2119, 'Balvu', 120),
(2120, 'Bauskas', 120),
(2121, 'Cesu', 120),
(2122, 'Daugavpils', 120),
(2123, 'Daugavpils City', 120),
(2124, 'Dobeles', 120),
(2125, 'Gulbenes', 120),
(2126, 'Jekabspils', 120),
(2127, 'Jelgava', 120),
(2128, 'Jelgavas', 120),
(2129, 'Jurmala City', 120),
(2130, 'Kraslavas', 120),
(2131, 'Kuldigas', 120),
(2132, 'Liepaja', 120),
(2133, 'Liepajas', 120),
(2134, 'Limbazhu', 120),
(2135, 'Ludzas', 120),
(2136, 'Madonas', 120),
(2137, 'Ogres', 120),
(2138, 'Preilu', 120),
(2139, 'Rezekne', 120),
(2140, 'Rezeknes', 120),
(2141, 'Riga', 120),
(2142, 'Rigas', 120),
(2143, 'Saldus', 120),
(2144, 'Talsu', 120),
(2145, 'Tukuma', 120),
(2146, 'Valkas', 120),
(2147, 'Valmieras', 120),
(2148, 'Ventspils', 120),
(2149, 'Ventspils City', 120),
(2150, 'Beirut', 121),
(2151, 'Jabal Lubnan', 121),
(2152, 'Mohafazat Liban-Nord', 121),
(2153, 'Mohafazat Mont-Liban', 121),
(2154, 'Sidon', 121),
(2155, 'al-Biqa', 121),
(2156, 'al-Janub', 121),
(2157, 'an-Nabatiyah', 121),
(2158, 'ash-Shamal', 121),
(2159, 'Berea', 122),
(2160, 'Butha-Buthe', 122),
(2161, 'Leribe', 122),
(2162, 'Mafeteng', 122),
(2163, 'Maseru', 122),
(2164, 'Mohale''s Hoek', 122),
(2165, 'Mokhotlong', 122),
(2166, 'Qacha''s Nek', 122),
(2167, 'Quthing', 122),
(2168, 'Thaba-Tseka', 122),
(2169, 'Bomi', 123),
(2170, 'Bong', 123),
(2171, 'Grand Bassa', 123),
(2172, 'Grand Cape Mount', 123),
(2173, 'Grand Gedeh', 123),
(2174, 'Loffa', 123),
(2175, 'Margibi', 123),
(2176, 'Maryland and Grand Kru', 123),
(2177, 'Montserrado', 123),
(2178, 'Nimba', 123),
(2179, 'Rivercess', 123),
(2180, 'Sinoe', 123),
(2181, 'Ajdabiya', 124);
INSERT INTO `states` (`id`, `name`, `country_id`) VALUES
(2182, 'Fezzan', 124),
(2183, 'Banghazi', 124),
(2184, 'Darnah', 124),
(2185, 'Ghadamis', 124),
(2186, 'Gharyan', 124),
(2187, 'Misratah', 124),
(2188, 'Murzuq', 124),
(2189, 'Sabha', 124),
(2190, 'Sawfajjin', 124),
(2191, 'Surt', 124),
(2192, 'Tarabulus', 124),
(2193, 'Tarhunah', 124),
(2194, 'Tripolitania', 124),
(2195, 'Tubruq', 124),
(2196, 'Yafran', 124),
(2197, 'Zlitan', 124),
(2198, 'al-''Aziziyah', 124),
(2199, 'al-Fatih', 124),
(2200, 'al-Jabal al Akhdar', 124),
(2201, 'al-Jufrah', 124),
(2202, 'al-Khums', 124),
(2203, 'al-Kufrah', 124),
(2204, 'an-Nuqat al-Khams', 124),
(2205, 'ash-Shati''', 124),
(2206, 'az-Zawiyah', 124),
(2207, 'Balzers', 125),
(2208, 'Eschen', 125),
(2209, 'Gamprin', 125),
(2210, 'Mauren', 125),
(2211, 'Planken', 125),
(2212, 'Ruggell', 125),
(2213, 'Schaan', 125),
(2214, 'Schellenberg', 125),
(2215, 'Triesen', 125),
(2216, 'Triesenberg', 125),
(2217, 'Vaduz', 125),
(2218, 'Alytaus', 126),
(2219, 'Anyksciai', 126),
(2220, 'Kauno', 126),
(2221, 'Klaipedos', 126),
(2222, 'Marijampoles', 126),
(2223, 'Panevezhio', 126),
(2224, 'Panevezys', 126),
(2225, 'Shiauliu', 126),
(2226, 'Taurages', 126),
(2227, 'Telshiu', 126),
(2228, 'Telsiai', 126),
(2229, 'Utenos', 126),
(2230, 'Vilniaus', 126),
(2231, 'Capellen', 127),
(2232, 'Clervaux', 127),
(2233, 'Diekirch', 127),
(2234, 'Echternach', 127),
(2235, 'Esch-sur-Alzette', 127),
(2236, 'Grevenmacher', 127),
(2237, 'Luxembourg', 127),
(2238, 'Mersch', 127),
(2239, 'Redange', 127),
(2240, 'Remich', 127),
(2241, 'Vianden', 127),
(2242, 'Wiltz', 127),
(2243, 'Macau', 128),
(2244, 'Berovo', 129),
(2245, 'Bitola', 129),
(2246, 'Brod', 129),
(2247, 'Debar', 129),
(2248, 'Delchevo', 129),
(2249, 'Demir Hisar', 129),
(2250, 'Gevgelija', 129),
(2251, 'Gostivar', 129),
(2252, 'Kavadarci', 129),
(2253, 'Kichevo', 129),
(2254, 'Kochani', 129),
(2255, 'Kratovo', 129),
(2256, 'Kriva Palanka', 129),
(2257, 'Krushevo', 129),
(2258, 'Kumanovo', 129),
(2259, 'Negotino', 129),
(2260, 'Ohrid', 129),
(2261, 'Prilep', 129),
(2262, 'Probishtip', 129),
(2263, 'Radovish', 129),
(2264, 'Resen', 129),
(2265, 'Shtip', 129),
(2266, 'Skopje', 129),
(2267, 'Struga', 129),
(2268, 'Strumica', 129),
(2269, 'Sveti Nikole', 129),
(2270, 'Tetovo', 129),
(2271, 'Valandovo', 129),
(2272, 'Veles', 129),
(2273, 'Vinica', 129),
(2274, 'Antananarivo', 130),
(2275, 'Antsiranana', 130),
(2276, 'Fianarantsoa', 130),
(2277, 'Mahajanga', 130),
(2278, 'Toamasina', 130),
(2279, 'Toliary', 130),
(2280, 'Balaka', 131),
(2281, 'Blantyre City', 131),
(2282, 'Chikwawa', 131),
(2283, 'Chiradzulu', 131),
(2284, 'Chitipa', 131),
(2285, 'Dedza', 131),
(2286, 'Dowa', 131),
(2287, 'Karonga', 131),
(2288, 'Kasungu', 131),
(2289, 'Lilongwe City', 131),
(2290, 'Machinga', 131),
(2291, 'Mangochi', 131),
(2292, 'Mchinji', 131),
(2293, 'Mulanje', 131),
(2294, 'Mwanza', 131),
(2295, 'Mzimba', 131),
(2296, 'Mzuzu City', 131),
(2297, 'Nkhata Bay', 131),
(2298, 'Nkhotakota', 131),
(2299, 'Nsanje', 131),
(2300, 'Ntcheu', 131),
(2301, 'Ntchisi', 131),
(2302, 'Phalombe', 131),
(2303, 'Rumphi', 131),
(2304, 'Salima', 131),
(2305, 'Thyolo', 131),
(2306, 'Zomba Municipality', 131),
(2307, 'Johor', 132),
(2308, 'Kedah', 132),
(2309, 'Kelantan', 132),
(2310, 'Kuala Lumpur', 132),
(2311, 'Labuan', 132),
(2312, 'Melaka', 132),
(2313, 'Negeri Johor', 132),
(2314, 'Negeri Sembilan', 132),
(2315, 'Pahang', 132),
(2316, 'Penang', 132),
(2317, 'Perak', 132),
(2318, 'Perlis', 132),
(2319, 'Pulau Pinang', 132),
(2320, 'Sabah', 132),
(2321, 'Sarawak', 132),
(2322, 'Selangor', 132),
(2323, 'Sembilan', 132),
(2324, 'Terengganu', 132),
(2325, 'Alif Alif', 133),
(2326, 'Alif Dhaal', 133),
(2327, 'Baa', 133),
(2328, 'Dhaal', 133),
(2329, 'Faaf', 133),
(2330, 'Gaaf Alif', 133),
(2331, 'Gaaf Dhaal', 133),
(2332, 'Ghaviyani', 133),
(2333, 'Haa Alif', 133),
(2334, 'Haa Dhaal', 133),
(2335, 'Kaaf', 133),
(2336, 'Laam', 133),
(2337, 'Lhaviyani', 133),
(2338, 'Male', 133),
(2339, 'Miim', 133),
(2340, 'Nuun', 133),
(2341, 'Raa', 133),
(2342, 'Shaviyani', 133),
(2343, 'Siin', 133),
(2344, 'Thaa', 133),
(2345, 'Vaav', 133),
(2346, 'Bamako', 134),
(2347, 'Gao', 134),
(2348, 'Kayes', 134),
(2349, 'Kidal', 134),
(2350, 'Koulikoro', 134),
(2351, 'Mopti', 134),
(2352, 'Segou', 134),
(2353, 'Sikasso', 134),
(2354, 'Tombouctou', 134),
(2355, 'Gozo and Comino', 135),
(2356, 'Inner Harbour', 135),
(2357, 'Northern', 135),
(2358, 'Outer Harbour', 135),
(2359, 'South Eastern', 135),
(2360, 'Valletta', 135),
(2361, 'Western', 135),
(2362, 'Castletown', 136),
(2363, 'Douglas', 136),
(2364, 'Laxey', 136),
(2365, 'Onchan', 136),
(2366, 'Peel', 136),
(2367, 'Port Erin', 136),
(2368, 'Port Saint Mary', 136),
(2369, 'Ramsey', 136),
(2370, 'Ailinlaplap', 137),
(2371, 'Ailuk', 137),
(2372, 'Arno', 137),
(2373, 'Aur', 137),
(2374, 'Bikini', 137),
(2375, 'Ebon', 137),
(2376, 'Enewetak', 137),
(2377, 'Jabat', 137),
(2378, 'Jaluit', 137),
(2379, 'Kili', 137),
(2380, 'Kwajalein', 137),
(2381, 'Lae', 137),
(2382, 'Lib', 137),
(2383, 'Likiep', 137),
(2384, 'Majuro', 137),
(2385, 'Maloelap', 137),
(2386, 'Mejit', 137),
(2387, 'Mili', 137),
(2388, 'Namorik', 137),
(2389, 'Namu', 137),
(2390, 'Rongelap', 137),
(2391, 'Ujae', 137),
(2392, 'Utrik', 137),
(2393, 'Wotho', 137),
(2394, 'Wotje', 137),
(2395, 'Fort-de-France', 138),
(2396, 'La Trinite', 138),
(2397, 'Le Marin', 138),
(2398, 'Saint-Pierre', 138),
(2399, 'Adrar', 139),
(2400, 'Assaba', 139),
(2401, 'Brakna', 139),
(2402, 'Dhakhlat Nawadibu', 139),
(2403, 'Hudh-al-Gharbi', 139),
(2404, 'Hudh-ash-Sharqi', 139),
(2405, 'Inshiri', 139),
(2406, 'Nawakshut', 139),
(2407, 'Qidimagha', 139),
(2408, 'Qurqul', 139),
(2409, 'Taqant', 139),
(2410, 'Tiris Zammur', 139),
(2411, 'Trarza', 139),
(2412, 'Black River', 140),
(2413, 'Eau Coulee', 140),
(2414, 'Flacq', 140),
(2415, 'Floreal', 140),
(2416, 'Grand Port', 140),
(2417, 'Moka', 140),
(2418, 'Pamplempousses', 140),
(2419, 'Plaines Wilhelm', 140),
(2420, 'Port Louis', 140),
(2421, 'Riviere du Rempart', 140),
(2422, 'Rodrigues', 140),
(2423, 'Rose Hill', 140),
(2424, 'Savanne', 140),
(2425, 'Mayotte', 141),
(2426, 'Pamanzi', 141),
(2427, 'Aguascalientes', 142),
(2428, 'Baja California', 142),
(2429, 'Baja California Sur', 142),
(2430, 'Campeche', 142),
(2431, 'Chiapas', 142),
(2432, 'Chihuahua', 142),
(2433, 'Coahuila', 142),
(2434, 'Colima', 142),
(2435, 'Distrito Federal', 142),
(2436, 'Durango', 142),
(2437, 'Estado de Mexico', 142),
(2438, 'Guanajuato', 142),
(2439, 'Guerrero', 142),
(2440, 'Hidalgo', 142),
(2441, 'Jalisco', 142),
(2442, 'Mexico', 142),
(2443, 'Michoacan', 142),
(2444, 'Morelos', 142),
(2445, 'Nayarit', 142),
(2446, 'Nuevo Leon', 142),
(2447, 'Oaxaca', 142),
(2448, 'Puebla', 142),
(2449, 'Queretaro', 142),
(2450, 'Quintana Roo', 142),
(2451, 'San Luis Potosi', 142),
(2452, 'Sinaloa', 142),
(2453, 'Sonora', 142),
(2454, 'Tabasco', 142),
(2455, 'Tamaulipas', 142),
(2456, 'Tlaxcala', 142),
(2457, 'Veracruz', 142),
(2458, 'Yucatan', 142),
(2459, 'Zacatecas', 142),
(2460, 'Chuuk', 143),
(2461, 'Kusaie', 143),
(2462, 'Pohnpei', 143),
(2463, 'Yap', 143),
(2464, 'Balti', 144),
(2465, 'Cahul', 144),
(2466, 'Chisinau', 144),
(2467, 'Chisinau Oras', 144),
(2468, 'Edinet', 144),
(2469, 'Gagauzia', 144),
(2470, 'Lapusna', 144),
(2471, 'Orhei', 144),
(2472, 'Soroca', 144),
(2473, 'Taraclia', 144),
(2474, 'Tighina', 144),
(2475, 'Transnistria', 144),
(2476, 'Ungheni', 144),
(2477, 'Fontvieille', 145),
(2478, 'La Condamine', 145),
(2479, 'Monaco-Ville', 145),
(2480, 'Monte Carlo', 145),
(2481, 'Arhangaj', 146),
(2482, 'Bajan-Olgij', 146),
(2483, 'Bajanhongor', 146),
(2484, 'Bulgan', 146),
(2485, 'Darhan-Uul', 146),
(2486, 'Dornod', 146),
(2487, 'Dornogovi', 146),
(2488, 'Dundgovi', 146),
(2489, 'Govi-Altaj', 146),
(2490, 'Govisumber', 146),
(2491, 'Hentij', 146),
(2492, 'Hovd', 146),
(2493, 'Hovsgol', 146),
(2494, 'Omnogovi', 146),
(2495, 'Orhon', 146),
(2496, 'Ovorhangaj', 146),
(2497, 'Selenge', 146),
(2498, 'Suhbaatar', 146),
(2499, 'Tov', 146),
(2500, 'Ulaanbaatar', 146),
(2501, 'Uvs', 146),
(2502, 'Zavhan', 146),
(2503, 'Montserrat', 147),
(2504, 'Agadir', 148),
(2505, 'Casablanca', 148),
(2506, 'Chaouia-Ouardigha', 148),
(2507, 'Doukkala-Abda', 148),
(2508, 'Fes-Boulemane', 148),
(2509, 'Gharb-Chrarda-Beni Hssen', 148),
(2510, 'Guelmim', 148),
(2511, 'Kenitra', 148),
(2512, 'Marrakech-Tensift-Al Haouz', 148),
(2513, 'Meknes-Tafilalet', 148),
(2514, 'Oriental', 148),
(2515, 'Oujda', 148),
(2516, 'Province de Tanger', 148),
(2517, 'Rabat-Sale-Zammour-Zaer', 148),
(2518, 'Sala Al Jadida', 148),
(2519, 'Settat', 148),
(2520, 'Souss Massa-Draa', 148),
(2521, 'Tadla-Azilal', 148),
(2522, 'Tangier-Tetouan', 148),
(2523, 'Taza-Al Hoceima-Taounate', 148),
(2524, 'Wilaya de Casablanca', 148),
(2525, 'Wilaya de Rabat-Sale', 148),
(2526, 'Cabo Delgado', 149),
(2527, 'Gaza', 149),
(2528, 'Inhambane', 149),
(2529, 'Manica', 149),
(2530, 'Maputo', 149),
(2531, 'Maputo Provincia', 149),
(2532, 'Nampula', 149),
(2533, 'Niassa', 149),
(2534, 'Sofala', 149),
(2535, 'Tete', 149),
(2536, 'Zambezia', 149),
(2537, 'Ayeyarwady', 150),
(2538, 'Bago', 150),
(2539, 'Chin', 150),
(2540, 'Kachin', 150),
(2541, 'Kayah', 150),
(2542, 'Kayin', 150),
(2543, 'Magway', 150),
(2544, 'Mandalay', 150),
(2545, 'Mon', 150),
(2546, 'Nay Pyi Taw', 150),
(2547, 'Rakhine', 150),
(2548, 'Sagaing', 150),
(2549, 'Shan', 150),
(2550, 'Tanintharyi', 150),
(2551, 'Yangon', 150),
(2552, 'Caprivi', 151),
(2553, 'Erongo', 151),
(2554, 'Hardap', 151),
(2555, 'Karas', 151),
(2556, 'Kavango', 151),
(2557, 'Khomas', 151),
(2558, 'Kunene', 151),
(2559, 'Ohangwena', 151),
(2560, 'Omaheke', 151),
(2561, 'Omusati', 151),
(2562, 'Oshana', 151),
(2563, 'Oshikoto', 151),
(2564, 'Otjozondjupa', 151),
(2565, 'Yaren', 152),
(2566, 'Bagmati', 153),
(2567, 'Bheri', 153),
(2568, 'Dhawalagiri', 153),
(2569, 'Gandaki', 153),
(2570, 'Janakpur', 153),
(2571, 'Karnali', 153),
(2572, 'Koshi', 153),
(2573, 'Lumbini', 153),
(2574, 'Mahakali', 153),
(2575, 'Mechi', 153),
(2576, 'Narayani', 153),
(2577, 'Rapti', 153),
(2578, 'Sagarmatha', 153),
(2579, 'Seti', 153),
(2580, 'Bonaire', 154),
(2581, 'Curacao', 154),
(2582, 'Saba', 154),
(2583, 'Sint Eustatius', 154),
(2584, 'Sint Maarten', 154),
(2585, 'Amsterdam', 155),
(2586, 'Benelux', 155),
(2587, 'Drenthe', 155),
(2588, 'Flevoland', 155),
(2589, 'Friesland', 155),
(2590, 'Gelderland', 155),
(2591, 'Groningen', 155),
(2592, 'Limburg', 155),
(2593, 'Noord-Brabant', 155),
(2594, 'Noord-Holland', 155),
(2595, 'Overijssel', 155),
(2596, 'South Holland', 155),
(2597, 'Utrecht', 155),
(2598, 'Zeeland', 155),
(2599, 'Zuid-Holland', 155),
(2600, 'Iles', 156),
(2601, 'Nord', 156),
(2602, 'Sud', 156),
(2603, 'Area Outside Region', 157),
(2604, 'Auckland', 157),
(2605, 'Bay of Plenty', 157),
(2606, 'Canterbury', 157),
(2607, 'Christchurch', 157),
(2608, 'Gisborne', 157),
(2609, 'Hawke''s Bay', 157),
(2610, 'Manawatu-Wanganui', 157),
(2611, 'Marlborough', 157),
(2612, 'Nelson', 157),
(2613, 'Northland', 157),
(2614, 'Otago', 157),
(2615, 'Rodney', 157),
(2616, 'Southland', 157),
(2617, 'Taranaki', 157),
(2618, 'Tasman', 157),
(2619, 'Waikato', 157),
(2620, 'Wellington', 157),
(2621, 'West Coast', 157),
(2622, 'Atlantico Norte', 158),
(2623, 'Atlantico Sur', 158),
(2624, 'Boaco', 158),
(2625, 'Carazo', 158),
(2626, 'Chinandega', 158),
(2627, 'Chontales', 158),
(2628, 'Esteli', 158),
(2629, 'Granada', 158),
(2630, 'Jinotega', 158),
(2631, 'Leon', 158),
(2632, 'Madriz', 158),
(2633, 'Managua', 158),
(2634, 'Masaya', 158),
(2635, 'Matagalpa', 158),
(2636, 'Nueva Segovia', 158),
(2637, 'Rio San Juan', 158),
(2638, 'Rivas', 158),
(2639, 'Agadez', 159),
(2640, 'Diffa', 159),
(2641, 'Dosso', 159),
(2642, 'Maradi', 159),
(2643, 'Niamey', 159),
(2644, 'Tahoua', 159),
(2645, 'Tillabery', 159),
(2646, 'Zinder', 159),
(2647, 'Abia', 160),
(2648, 'Abuja Federal Capital Territor', 160),
(2649, 'Adamawa', 160),
(2650, 'Akwa Ibom', 160),
(2651, 'Anambra', 160),
(2652, 'Bauchi', 160),
(2653, 'Bayelsa', 160),
(2654, 'Benue', 160),
(2655, 'Borno', 160),
(2656, 'Cross River', 160),
(2657, 'Delta', 160),
(2658, 'Ebonyi', 160),
(2659, 'Edo', 160),
(2660, 'Ekiti', 160),
(2661, 'Enugu', 160),
(2662, 'Gombe', 160),
(2663, 'Imo', 160),
(2664, 'Jigawa', 160),
(2665, 'Kaduna', 160),
(2666, 'Kano', 160),
(2667, 'Katsina', 160),
(2668, 'Kebbi', 160),
(2669, 'Kogi', 160),
(2670, 'Kwara', 160),
(2671, 'Lagos', 160),
(2672, 'Nassarawa', 160),
(2673, 'Niger', 160),
(2674, 'Ogun', 160),
(2675, 'Ondo', 160),
(2676, 'Osun', 160),
(2677, 'Oyo', 160),
(2678, 'Plateau', 160),
(2679, 'Rivers', 160),
(2680, 'Sokoto', 160),
(2681, 'Taraba', 160),
(2682, 'Yobe', 160),
(2683, 'Zamfara', 160),
(2684, 'Niue', 161),
(2685, 'Norfolk Island', 162),
(2686, 'Northern Islands', 163),
(2687, 'Rota', 163),
(2688, 'Saipan', 163),
(2689, 'Tinian', 163),
(2690, 'Akershus', 164),
(2691, 'Aust Agder', 164),
(2692, 'Bergen', 164),
(2693, 'Buskerud', 164),
(2694, 'Finnmark', 164),
(2695, 'Hedmark', 164),
(2696, 'Hordaland', 164),
(2697, 'Moere og Romsdal', 164),
(2698, 'Nord Trondelag', 164),
(2699, 'Nordland', 164),
(2700, 'Oestfold', 164),
(2701, 'Oppland', 164),
(2702, 'Oslo', 164),
(2703, 'Rogaland', 164),
(2704, 'Soer Troendelag', 164),
(2705, 'Sogn og Fjordane', 164),
(2706, 'Stavern', 164),
(2707, 'Sykkylven', 164),
(2708, 'Telemark', 164),
(2709, 'Troms', 164),
(2710, 'Vest Agder', 164),
(2711, 'Vestfold', 164),
(2712, 'ÃƒÂ˜stfold', 164),
(2713, 'Al Buraimi', 165),
(2714, 'Dhufar', 165),
(2715, 'Masqat', 165),
(2716, 'Musandam', 165),
(2717, 'Rusayl', 165),
(2718, 'Wadi Kabir', 165),
(2719, 'ad-Dakhiliyah', 165),
(2720, 'adh-Dhahirah', 165),
(2721, 'al-Batinah', 165),
(2722, 'ash-Sharqiyah', 165),
(2723, 'Baluchistan', 166),
(2724, 'Federal Capital Area', 166),
(2725, 'Federally administered Tribal ', 166),
(2726, 'North-West Frontier', 166),
(2727, 'Northern Areas', 166),
(2728, 'Punjab', 166),
(2729, 'Sind', 166),
(2730, 'Aimeliik', 167),
(2731, 'Airai', 167),
(2732, 'Angaur', 167),
(2733, 'Hatobohei', 167),
(2734, 'Kayangel', 167),
(2735, 'Koror', 167),
(2736, 'Melekeok', 167),
(2737, 'Ngaraard', 167),
(2738, 'Ngardmau', 167),
(2739, 'Ngaremlengui', 167),
(2740, 'Ngatpang', 167),
(2741, 'Ngchesar', 167),
(2742, 'Ngerchelong', 167),
(2743, 'Ngiwal', 167),
(2744, 'Peleliu', 167),
(2745, 'Sonsorol', 167),
(2746, 'Ariha', 168),
(2747, 'Bayt Lahm', 168),
(2748, 'Bethlehem', 168),
(2749, 'Dayr-al-Balah', 168),
(2750, 'Ghazzah', 168),
(2751, 'Ghazzah ash-Shamaliyah', 168),
(2752, 'Janin', 168),
(2753, 'Khan Yunis', 168),
(2754, 'Nabulus', 168),
(2755, 'Qalqilyah', 168),
(2756, 'Rafah', 168),
(2757, 'Ram Allah wal-Birah', 168),
(2758, 'Salfit', 168),
(2759, 'Tubas', 168),
(2760, 'Tulkarm', 168),
(2761, 'al-Khalil', 168),
(2762, 'al-Quds', 168),
(2763, 'Bocas del Toro', 169),
(2764, 'Chiriqui', 169),
(2765, 'Cocle', 169),
(2766, 'Colon', 169),
(2767, 'Darien', 169),
(2768, 'Embera', 169),
(2769, 'Herrera', 169),
(2770, 'Kuna Yala', 169),
(2771, 'Los Santos', 169),
(2772, 'Ngobe Bugle', 169),
(2773, 'Panama', 169),
(2774, 'Veraguas', 169),
(2775, 'East New Britain', 170),
(2776, 'East Sepik', 170),
(2777, 'Eastern Highlands', 170),
(2778, 'Enga', 170),
(2779, 'Fly River', 170),
(2780, 'Gulf', 170),
(2781, 'Madang', 170),
(2782, 'Manus', 170),
(2783, 'Milne Bay', 170),
(2784, 'Morobe', 170),
(2785, 'National Capital District', 170),
(2786, 'New Ireland', 170),
(2787, 'North Solomons', 170),
(2788, 'Oro', 170),
(2789, 'Sandaun', 170),
(2790, 'Simbu', 170),
(2791, 'Southern Highlands', 170),
(2792, 'West New Britain', 170),
(2793, 'Western Highlands', 170),
(2794, 'Alto Paraguay', 171),
(2795, 'Alto Parana', 171),
(2796, 'Amambay', 171),
(2797, 'Asuncion', 171),
(2798, 'Boqueron', 171),
(2799, 'Caaguazu', 171),
(2800, 'Caazapa', 171),
(2801, 'Canendiyu', 171),
(2802, 'Central', 171),
(2803, 'Concepcion', 171),
(2804, 'Cordillera', 171),
(2805, 'Guaira', 171),
(2806, 'Itapua', 171),
(2807, 'Misiones', 171),
(2808, 'Neembucu', 171),
(2809, 'Paraguari', 171),
(2810, 'Presidente Hayes', 171),
(2811, 'San Pedro', 171),
(2812, 'Amazonas', 172),
(2813, 'Ancash', 172),
(2814, 'Apurimac', 172),
(2815, 'Arequipa', 172),
(2816, 'Ayacucho', 172),
(2817, 'Cajamarca', 172),
(2818, 'Cusco', 172),
(2819, 'Huancavelica', 172),
(2820, 'Huanuco', 172),
(2821, 'Ica', 172),
(2822, 'Junin', 172),
(2823, 'La Libertad', 172),
(2824, 'Lambayeque', 172),
(2825, 'Lima y Callao', 172),
(2826, 'Loreto', 172),
(2827, 'Madre de Dios', 172),
(2828, 'Moquegua', 172),
(2829, 'Pasco', 172),
(2830, 'Piura', 172),
(2831, 'Puno', 172),
(2832, 'San Martin', 172),
(2833, 'Tacna', 172),
(2834, 'Tumbes', 172),
(2835, 'Ucayali', 172),
(2836, 'Batangas', 173),
(2837, 'Bicol', 173),
(2838, 'Bulacan', 173),
(2839, 'Cagayan', 173),
(2840, 'Caraga', 173),
(2841, 'Central Luzon', 173),
(2842, 'Central Mindanao', 173),
(2843, 'Central Visayas', 173),
(2844, 'Cordillera', 173),
(2845, 'Davao', 173),
(2846, 'Eastern Visayas', 173),
(2847, 'Greater Metropolitan Area', 173),
(2848, 'Ilocos', 173),
(2849, 'Laguna', 173),
(2850, 'Luzon', 173),
(2851, 'Mactan', 173),
(2852, 'Metropolitan Manila Area', 173),
(2853, 'Muslim Mindanao', 173),
(2854, 'Northern Mindanao', 173),
(2855, 'Southern Mindanao', 173),
(2856, 'Southern Tagalog', 173),
(2857, 'Western Mindanao', 173),
(2858, 'Western Visayas', 173),
(2859, 'Pitcairn Island', 174),
(2860, 'Biale Blota', 175),
(2861, 'Dobroszyce', 175),
(2862, 'Dolnoslaskie', 175),
(2863, 'Dziekanow Lesny', 175),
(2864, 'Hopowo', 175),
(2865, 'Kartuzy', 175),
(2866, 'Koscian', 175),
(2867, 'Krakow', 175),
(2868, 'Kujawsko-Pomorskie', 175),
(2869, 'Lodzkie', 175),
(2870, 'Lubelskie', 175),
(2871, 'Lubuskie', 175),
(2872, 'Malomice', 175),
(2873, 'Malopolskie', 175),
(2874, 'Mazowieckie', 175),
(2875, 'Mirkow', 175),
(2876, 'Opolskie', 175),
(2877, 'Ostrowiec', 175),
(2878, 'Podkarpackie', 175),
(2879, 'Podlaskie', 175),
(2880, 'Polska', 175),
(2881, 'Pomorskie', 175),
(2882, 'Poznan', 175),
(2883, 'Pruszkow', 175),
(2884, 'Rymanowska', 175),
(2885, 'Rzeszow', 175),
(2886, 'Slaskie', 175),
(2887, 'Stare Pole', 175),
(2888, 'Swietokrzyskie', 175),
(2889, 'Warminsko-Mazurskie', 175),
(2890, 'Warsaw', 175),
(2891, 'Wejherowo', 175),
(2892, 'Wielkopolskie', 175),
(2893, 'Wroclaw', 175),
(2894, 'Zachodnio-Pomorskie', 175),
(2895, 'Zukowo', 175),
(2896, 'Abrantes', 176),
(2897, 'Acores', 176),
(2898, 'Alentejo', 176),
(2899, 'Algarve', 176),
(2900, 'Braga', 176),
(2901, 'Centro', 176),
(2902, 'Distrito de Leiria', 176),
(2903, 'Distrito de Viana do Castelo', 176),
(2904, 'Distrito de Vila Real', 176),
(2905, 'Distrito do Porto', 176),
(2906, 'Lisboa e Vale do Tejo', 176),
(2907, 'Madeira', 176),
(2908, 'Norte', 176),
(2909, 'Paivas', 176),
(2910, 'Arecibo', 177),
(2911, 'Bayamon', 177),
(2912, 'Carolina', 177),
(2913, 'Florida', 177),
(2914, 'Guayama', 177),
(2915, 'Humacao', 177),
(2916, 'Mayaguez-Aguadilla', 177),
(2917, 'Ponce', 177),
(2918, 'Salinas', 177),
(2919, 'San Juan', 177),
(2920, 'Doha', 178),
(2921, 'Jarian-al-Batnah', 178),
(2922, 'Umm Salal', 178),
(2923, 'ad-Dawhah', 178),
(2924, 'al-Ghuwayriyah', 178),
(2925, 'al-Jumayliyah', 178),
(2926, 'al-Khawr', 178),
(2927, 'al-Wakrah', 178),
(2928, 'ar-Rayyan', 178),
(2929, 'ash-Shamal', 178),
(2930, 'Saint-Benoit', 179),
(2931, 'Saint-Denis', 179),
(2932, 'Saint-Paul', 179),
(2933, 'Saint-Pierre', 179),
(2934, 'Alba', 180),
(2935, 'Arad', 180),
(2936, 'Arges', 180),
(2937, 'Bacau', 180),
(2938, 'Bihor', 180),
(2939, 'Bistrita-Nasaud', 180),
(2940, 'Botosani', 180),
(2941, 'Braila', 180),
(2942, 'Brasov', 180),
(2943, 'Bucuresti', 180),
(2944, 'Buzau', 180),
(2945, 'Calarasi', 180),
(2946, 'Caras-Severin', 180),
(2947, 'Cluj', 180),
(2948, 'Constanta', 180),
(2949, 'Covasna', 180),
(2950, 'Dambovita', 180),
(2951, 'Dolj', 180),
(2952, 'Galati', 180),
(2953, 'Giurgiu', 180),
(2954, 'Gorj', 180),
(2955, 'Harghita', 180),
(2956, 'Hunedoara', 180),
(2957, 'Ialomita', 180),
(2958, 'Iasi', 180),
(2959, 'Ilfov', 180),
(2960, 'Maramures', 180),
(2961, 'Mehedinti', 180),
(2962, 'Mures', 180),
(2963, 'Neamt', 180),
(2964, 'Olt', 180),
(2965, 'Prahova', 180),
(2966, 'Salaj', 180),
(2967, 'Satu Mare', 180),
(2968, 'Sibiu', 180),
(2969, 'Sondelor', 180),
(2970, 'Suceava', 180),
(2971, 'Teleorman', 180),
(2972, 'Timis', 180),
(2973, 'Tulcea', 180),
(2974, 'Valcea', 180),
(2975, 'Vaslui', 180),
(2976, 'Vrancea', 180),
(2977, 'Adygeja', 181),
(2978, 'Aga', 181),
(2979, 'Alanija', 181),
(2980, 'Altaj', 181),
(2981, 'Amur', 181),
(2982, 'Arhangelsk', 181),
(2983, 'Astrahan', 181),
(2984, 'Bashkortostan', 181),
(2985, 'Belgorod', 181),
(2986, 'Brjansk', 181),
(2987, 'Burjatija', 181),
(2988, 'Chechenija', 181),
(2989, 'Cheljabinsk', 181),
(2990, 'Chita', 181),
(2991, 'Chukotka', 181),
(2992, 'Chuvashija', 181),
(2993, 'Dagestan', 181),
(2994, 'Evenkija', 181),
(2995, 'Gorno-Altaj', 181),
(2996, 'Habarovsk', 181),
(2997, 'Hakasija', 181),
(2998, 'Hanty-Mansija', 181),
(2999, 'Ingusetija', 181),
(3000, 'Irkutsk', 181),
(3001, 'Ivanovo', 181),
(3002, 'Jamalo-Nenets', 181),
(3003, 'Jaroslavl', 181),
(3004, 'Jevrej', 181),
(3005, 'Kabardino-Balkarija', 181),
(3006, 'Kaliningrad', 181),
(3007, 'Kalmykija', 181),
(3008, 'Kaluga', 181),
(3009, 'Kamchatka', 181),
(3010, 'Karachaj-Cherkessija', 181),
(3011, 'Karelija', 181),
(3012, 'Kemerovo', 181),
(3013, 'Khabarovskiy Kray', 181),
(3014, 'Kirov', 181),
(3015, 'Komi', 181),
(3016, 'Komi-Permjakija', 181),
(3017, 'Korjakija', 181),
(3018, 'Kostroma', 181),
(3019, 'Krasnodar', 181),
(3020, 'Krasnojarsk', 181),
(3021, 'Krasnoyarskiy Kray', 181),
(3022, 'Kurgan', 181),
(3023, 'Kursk', 181),
(3024, 'Leningrad', 181),
(3025, 'Lipeck', 181),
(3026, 'Magadan', 181),
(3027, 'Marij El', 181),
(3028, 'Mordovija', 181),
(3029, 'Moscow', 181),
(3030, 'Moskovskaja Oblast', 181),
(3031, 'Moskovskaya Oblast', 181),
(3032, 'Moskva', 181),
(3033, 'Murmansk', 181),
(3034, 'Nenets', 181),
(3035, 'Nizhnij Novgorod', 181),
(3036, 'Novgorod', 181),
(3037, 'Novokusnezk', 181),
(3038, 'Novosibirsk', 181),
(3039, 'Omsk', 181),
(3040, 'Orenburg', 181),
(3041, 'Orjol', 181),
(3042, 'Penza', 181),
(3043, 'Perm', 181),
(3044, 'Primorje', 181),
(3045, 'Pskov', 181),
(3046, 'Pskovskaya Oblast', 181),
(3047, 'Rjazan', 181),
(3048, 'Rostov', 181),
(3049, 'Saha', 181),
(3050, 'Sahalin', 181),
(3051, 'Samara', 181),
(3052, 'Samarskaya', 181),
(3053, 'Sankt-Peterburg', 181),
(3054, 'Saratov', 181),
(3055, 'Smolensk', 181),
(3056, 'Stavropol', 181),
(3057, 'Sverdlovsk', 181),
(3058, 'Tajmyrija', 181),
(3059, 'Tambov', 181),
(3060, 'Tatarstan', 181),
(3061, 'Tjumen', 181),
(3062, 'Tomsk', 181),
(3063, 'Tula', 181),
(3064, 'Tver', 181),
(3065, 'Tyva', 181),
(3066, 'Udmurtija', 181),
(3067, 'Uljanovsk', 181),
(3068, 'Ulyanovskaya Oblast', 181),
(3069, 'Ust-Orda', 181),
(3070, 'Vladimir', 181),
(3071, 'Volgograd', 181),
(3072, 'Vologda', 181),
(3073, 'Voronezh', 181),
(3074, 'Butare', 182),
(3075, 'Byumba', 182),
(3076, 'Cyangugu', 182),
(3077, 'Gikongoro', 182),
(3078, 'Gisenyi', 182),
(3079, 'Gitarama', 182),
(3080, 'Kibungo', 182),
(3081, 'Kibuye', 182),
(3082, 'Kigali-ngali', 182),
(3083, 'Ruhengeri', 182),
(3084, 'Ascension', 183),
(3085, 'Gough Island', 183),
(3086, 'Saint Helena', 183),
(3087, 'Tristan da Cunha', 183),
(3088, 'Christ Church Nichola Town', 184),
(3089, 'Saint Anne Sandy Point', 184),
(3090, 'Saint George Basseterre', 184),
(3091, 'Saint George Gingerland', 184),
(3092, 'Saint James Windward', 184),
(3093, 'Saint John Capesterre', 184),
(3094, 'Saint John Figtree', 184),
(3095, 'Saint Mary Cayon', 184),
(3096, 'Saint Paul Capesterre', 184),
(3097, 'Saint Paul Charlestown', 184),
(3098, 'Saint Peter Basseterre', 184),
(3099, 'Saint Thomas Lowland', 184),
(3100, 'Saint Thomas Middle Island', 184),
(3101, 'Trinity Palmetto Point', 184),
(3102, 'Anse-la-Raye', 185),
(3103, 'Canaries', 185),
(3104, 'Castries', 185),
(3105, 'Choiseul', 185),
(3106, 'Dennery', 185),
(3107, 'Gros Inlet', 185),
(3108, 'Laborie', 185),
(3109, 'Micoud', 185),
(3110, 'Soufriere', 185),
(3111, 'Vieux Fort', 185),
(3112, 'Miquelon-Langlade', 186),
(3113, 'Saint-Pierre', 186),
(3114, 'Charlotte', 187),
(3115, 'Grenadines', 187),
(3116, 'Saint Andrew', 187),
(3117, 'Saint David', 187),
(3118, 'Saint George', 187),
(3119, 'Saint Patrick', 187),
(3120, 'A''ana', 188),
(3121, 'Aiga-i-le-Tai', 188),
(3122, 'Atua', 188),
(3123, 'Fa''asaleleaga', 188),
(3124, 'Gaga''emauga', 188),
(3125, 'Gagaifomauga', 188),
(3126, 'Palauli', 188),
(3127, 'Satupa''itea', 188),
(3128, 'Tuamasaga', 188),
(3129, 'Va''a-o-Fonoti', 188),
(3130, 'Vaisigano', 188),
(3131, 'Acquaviva', 189),
(3132, 'Borgo Maggiore', 189),
(3133, 'Chiesanuova', 189),
(3134, 'Domagnano', 189),
(3135, 'Faetano', 189),
(3136, 'Fiorentino', 189),
(3137, 'Montegiardino', 189),
(3138, 'San Marino', 189),
(3139, 'Serravalle', 189),
(3140, 'Agua Grande', 190),
(3141, 'Cantagalo', 190),
(3142, 'Lemba', 190),
(3143, 'Lobata', 190),
(3144, 'Me-Zochi', 190),
(3145, 'Pague', 190),
(3146, 'Al Khobar', 191),
(3147, 'Aseer', 191),
(3148, 'Ash Sharqiyah', 191),
(3149, 'Asir', 191),
(3150, 'Central Province', 191),
(3151, 'Eastern Province', 191),
(3152, 'Ha''il', 191),
(3153, 'Jawf', 191),
(3154, 'Jizan', 191),
(3155, 'Makkah', 191),
(3156, 'Najran', 191),
(3157, 'Qasim', 191),
(3158, 'Tabuk', 191),
(3159, 'Western Province', 191),
(3160, 'al-Bahah', 191),
(3161, 'al-Hudud-ash-Shamaliyah', 191),
(3162, 'al-Madinah', 191),
(3163, 'ar-Riyad', 191),
(3164, 'Dakar', 192),
(3165, 'Diourbel', 192),
(3166, 'Fatick', 192),
(3167, 'Kaolack', 192),
(3168, 'Kolda', 192),
(3169, 'Louga', 192),
(3170, 'Saint-Louis', 192),
(3171, 'Tambacounda', 192),
(3172, 'Thies', 192),
(3173, 'Ziguinchor', 192),
(3174, 'Central Serbia', 193),
(3175, 'Kosovo and Metohija', 193),
(3176, 'Vojvodina', 193),
(3177, 'Anse Boileau', 194),
(3178, 'Anse Royale', 194),
(3179, 'Cascade', 194),
(3180, 'Takamaka', 194),
(3181, 'Victoria', 194),
(3182, 'Eastern', 195),
(3183, 'Northern', 195),
(3184, 'Southern', 195),
(3185, 'Western', 195),
(3186, 'Singapore', 196),
(3187, 'Banskobystricky', 197),
(3188, 'Bratislavsky', 197),
(3189, 'Kosicky', 197),
(3190, 'Nitriansky', 197),
(3191, 'Presovsky', 197),
(3192, 'Trenciansky', 197),
(3193, 'Trnavsky', 197),
(3194, 'Zilinsky', 197),
(3195, 'Benedikt', 198),
(3196, 'Gorenjska', 198),
(3197, 'Gorishka', 198),
(3198, 'Jugovzhodna Slovenija', 198),
(3199, 'Koroshka', 198),
(3200, 'Notranjsko-krashka', 198),
(3201, 'Obalno-krashka', 198),
(3202, 'Obcina Domzale', 198),
(3203, 'Obcina Vitanje', 198),
(3204, 'Osrednjeslovenska', 198),
(3205, 'Podravska', 198),
(3206, 'Pomurska', 198),
(3207, 'Savinjska', 198),
(3208, 'Slovenian Littoral', 198),
(3209, 'Spodnjeposavska', 198),
(3210, 'Zasavska', 198),
(3211, 'Pitcairn', 199),
(3212, 'Central', 200),
(3213, 'Choiseul', 200),
(3214, 'Guadalcanal', 200),
(3215, 'Isabel', 200),
(3216, 'Makira and Ulawa', 200),
(3217, 'Malaita', 200),
(3218, 'Rennell and Bellona', 200),
(3219, 'Temotu', 200),
(3220, 'Western', 200),
(3221, 'Awdal', 201),
(3222, 'Bakol', 201),
(3223, 'Banadir', 201),
(3224, 'Bari', 201),
(3225, 'Bay', 201),
(3226, 'Galgudug', 201),
(3227, 'Gedo', 201),
(3228, 'Hiran', 201),
(3229, 'Jubbada Hose', 201),
(3230, 'Jubbadha Dexe', 201),
(3231, 'Mudug', 201),
(3232, 'Nugal', 201),
(3233, 'Sanag', 201),
(3234, 'Shabellaha Dhexe', 201),
(3235, 'Shabellaha Hose', 201),
(3236, 'Togdher', 201),
(3237, 'Woqoyi Galbed', 201),
(3238, 'Eastern Cape', 202),
(3239, 'Free State', 202),
(3240, 'Gauteng', 202),
(3241, 'Kempton Park', 202),
(3242, 'Kramerville', 202),
(3243, 'KwaZulu Natal', 202),
(3244, 'Limpopo', 202),
(3245, 'Mpumalanga', 202),
(3246, 'North West', 202),
(3247, 'Northern Cape', 202),
(3248, 'Parow', 202),
(3249, 'Table View', 202),
(3250, 'Umtentweni', 202),
(3251, 'Western Cape', 202),
(3252, 'South Georgia', 203),
(3253, 'Central Equatoria', 204),
(3254, 'A Coruna', 205),
(3255, 'Alacant', 205),
(3256, 'Alava', 205),
(3257, 'Albacete', 205),
(3258, 'Almeria', 205),
(3259, 'Andalucia', 205),
(3260, 'Asturias', 205),
(3261, 'Avila', 205),
(3262, 'Badajoz', 205),
(3263, 'Balears', 205),
(3264, 'Barcelona', 205),
(3265, 'Bertamirans', 205),
(3266, 'Biscay', 205),
(3267, 'Burgos', 205),
(3268, 'Caceres', 205),
(3269, 'Cadiz', 205),
(3270, 'Cantabria', 205),
(3271, 'Castello', 205),
(3272, 'Catalunya', 205),
(3273, 'Ceuta', 205),
(3274, 'Ciudad Real', 205),
(3275, 'Comunidad Autonoma de Canarias', 205),
(3276, 'Comunidad Autonoma de Cataluna', 205),
(3277, 'Comunidad Autonoma de Galicia', 205),
(3278, 'Comunidad Autonoma de las Isla', 205),
(3279, 'Comunidad Autonoma del Princip', 205),
(3280, 'Comunidad Valenciana', 205),
(3281, 'Cordoba', 205),
(3282, 'Cuenca', 205),
(3283, 'Gipuzkoa', 205),
(3284, 'Girona', 205),
(3285, 'Granada', 205),
(3286, 'Guadalajara', 205),
(3287, 'Guipuzcoa', 205),
(3288, 'Huelva', 205),
(3289, 'Huesca', 205),
(3290, 'Jaen', 205),
(3291, 'La Rioja', 205),
(3292, 'Las Palmas', 205),
(3293, 'Leon', 205),
(3294, 'Lerida', 205),
(3295, 'Lleida', 205),
(3296, 'Lugo', 205),
(3297, 'Madrid', 205),
(3298, 'Malaga', 205),
(3299, 'Melilla', 205),
(3300, 'Murcia', 205),
(3301, 'Navarra', 205),
(3302, 'Ourense', 205),
(3303, 'Pais Vasco', 205),
(3304, 'Palencia', 205),
(3305, 'Pontevedra', 205),
(3306, 'Salamanca', 205),
(3307, 'Santa Cruz de Tenerife', 205),
(3308, 'Segovia', 205),
(3309, 'Sevilla', 205),
(3310, 'Soria', 205),
(3311, 'Tarragona', 205),
(3312, 'Tenerife', 205),
(3313, 'Teruel', 205),
(3314, 'Toledo', 205),
(3315, 'Valencia', 205),
(3316, 'Valladolid', 205),
(3317, 'Vizcaya', 205),
(3318, 'Zamora', 205),
(3319, 'Zaragoza', 205),
(3320, 'Amparai', 206),
(3321, 'Anuradhapuraya', 206),
(3322, 'Badulla', 206),
(3323, 'Boralesgamuwa', 206),
(3324, 'Colombo', 206),
(3325, 'Galla', 206),
(3326, 'Gampaha', 206),
(3327, 'Hambantota', 206),
(3328, 'Kalatura', 206),
(3329, 'Kegalla', 206),
(3330, 'Kilinochchi', 206),
(3331, 'Kurunegala', 206),
(3332, 'Madakalpuwa', 206),
(3333, 'Maha Nuwara', 206),
(3334, 'Malwana', 206),
(3335, 'Mannarama', 206),
(3336, 'Matale', 206),
(3337, 'Matara', 206),
(3338, 'Monaragala', 206),
(3339, 'Mullaitivu', 206),
(3340, 'North Eastern Province', 206),
(3341, 'North Western Province', 206),
(3342, 'Nuwara Eliya', 206),
(3343, 'Polonnaruwa', 206),
(3344, 'Puttalama', 206),
(3345, 'Ratnapuraya', 206),
(3346, 'Southern Province', 206),
(3347, 'Tirikunamalaya', 206),
(3348, 'Tuscany', 206),
(3349, 'Vavuniyawa', 206),
(3350, 'Western Province', 206),
(3351, 'Yapanaya', 206),
(3352, 'kadawatha', 206),
(3353, 'A''ali-an-Nil', 207),
(3354, 'Bahr-al-Jabal', 207),
(3355, 'Central Equatoria', 207),
(3356, 'Gharb Bahr-al-Ghazal', 207),
(3357, 'Gharb Darfur', 207),
(3358, 'Gharb Kurdufan', 207),
(3359, 'Gharb-al-Istiwa''iyah', 207),
(3360, 'Janub Darfur', 207),
(3361, 'Janub Kurdufan', 207),
(3362, 'Junqali', 207),
(3363, 'Kassala', 207),
(3364, 'Nahr-an-Nil', 207),
(3365, 'Shamal Bahr-al-Ghazal', 207),
(3366, 'Shamal Darfur', 207),
(3367, 'Shamal Kurdufan', 207),
(3368, 'Sharq-al-Istiwa''iyah', 207),
(3369, 'Sinnar', 207),
(3370, 'Warab', 207),
(3371, 'Wilayat al Khartum', 207),
(3372, 'al-Bahr-al-Ahmar', 207),
(3373, 'al-Buhayrat', 207),
(3374, 'al-Jazirah', 207),
(3375, 'al-Khartum', 207),
(3376, 'al-Qadarif', 207),
(3377, 'al-Wahdah', 207),
(3378, 'an-Nil-al-Abyad', 207),
(3379, 'an-Nil-al-Azraq', 207),
(3380, 'ash-Shamaliyah', 207),
(3381, 'Brokopondo', 208),
(3382, 'Commewijne', 208),
(3383, 'Coronie', 208),
(3384, 'Marowijne', 208),
(3385, 'Nickerie', 208),
(3386, 'Para', 208),
(3387, 'Paramaribo', 208),
(3388, 'Saramacca', 208),
(3389, 'Wanica', 208),
(3390, 'Svalbard', 209),
(3391, 'Hhohho', 210),
(3392, 'Lubombo', 210),
(3393, 'Manzini', 210),
(3394, 'Shiselweni', 210),
(3395, 'Alvsborgs Lan', 211),
(3396, 'Angermanland', 211),
(3397, 'Blekinge', 211),
(3398, 'Bohuslan', 211),
(3399, 'Dalarna', 211),
(3400, 'Gavleborg', 211),
(3401, 'Gaza', 211),
(3402, 'Gotland', 211),
(3403, 'Halland', 211),
(3404, 'Jamtland', 211),
(3405, 'Jonkoping', 211),
(3406, 'Kalmar', 211),
(3407, 'Kristianstads', 211),
(3408, 'Kronoberg', 211),
(3409, 'Norrbotten', 211),
(3410, 'Orebro', 211),
(3411, 'Ostergotland', 211),
(3412, 'Saltsjo-Boo', 211),
(3413, 'Skane', 211),
(3414, 'Smaland', 211),
(3415, 'Sodermanland', 211),
(3416, 'Stockholm', 211),
(3417, 'Uppsala', 211),
(3418, 'Varmland', 211),
(3419, 'Vasterbotten', 211),
(3420, 'Vastergotland', 211),
(3421, 'Vasternorrland', 211),
(3422, 'Vastmanland', 211),
(3423, 'Vastra Gotaland', 211),
(3424, 'Aargau', 212),
(3425, 'Appenzell Inner-Rhoden', 212),
(3426, 'Appenzell-Ausser Rhoden', 212),
(3427, 'Basel-Landschaft', 212),
(3428, 'Basel-Stadt', 212),
(3429, 'Bern', 212),
(3430, 'Canton Ticino', 212),
(3431, 'Fribourg', 212),
(3432, 'Geneve', 212),
(3433, 'Glarus', 212),
(3434, 'Graubunden', 212),
(3435, 'Heerbrugg', 212),
(3436, 'Jura', 212),
(3437, 'Kanton Aargau', 212),
(3438, 'Luzern', 212),
(3439, 'Morbio Inferiore', 212),
(3440, 'Muhen', 212),
(3441, 'Neuchatel', 212),
(3442, 'Nidwalden', 212),
(3443, 'Obwalden', 212),
(3444, 'Sankt Gallen', 212),
(3445, 'Schaffhausen', 212),
(3446, 'Schwyz', 212),
(3447, 'Solothurn', 212),
(3448, 'Thurgau', 212),
(3449, 'Ticino', 212),
(3450, 'Uri', 212),
(3451, 'Valais', 212),
(3452, 'Vaud', 212),
(3453, 'Vauffelin', 212),
(3454, 'Zug', 212),
(3455, 'Zurich', 212),
(3456, 'Aleppo', 213),
(3457, 'Dar''a', 213),
(3458, 'Dayr-az-Zawr', 213),
(3459, 'Dimashq', 213),
(3460, 'Halab', 213),
(3461, 'Hamah', 213),
(3462, 'Hims', 213),
(3463, 'Idlib', 213),
(3464, 'Madinat Dimashq', 213),
(3465, 'Tartus', 213),
(3466, 'al-Hasakah', 213),
(3467, 'al-Ladhiqiyah', 213),
(3468, 'al-Qunaytirah', 213),
(3469, 'ar-Raqqah', 213),
(3470, 'as-Suwayda', 213),
(3471, 'Changhwa', 214),
(3472, 'Chiayi Hsien', 214),
(3473, 'Chiayi Shih', 214),
(3474, 'Eastern Taipei', 214),
(3475, 'Hsinchu Hsien', 214),
(3476, 'Hsinchu Shih', 214),
(3477, 'Hualien', 214),
(3478, 'Ilan', 214),
(3479, 'Kaohsiung Hsien', 214),
(3480, 'Kaohsiung Shih', 214),
(3481, 'Keelung Shih', 214),
(3482, 'Kinmen', 214),
(3483, 'Miaoli', 214),
(3484, 'Nantou', 214),
(3485, 'Northern Taiwan', 214),
(3486, 'Penghu', 214),
(3487, 'Pingtung', 214),
(3488, 'Taichung', 214),
(3489, 'Taichung Hsien', 214),
(3490, 'Taichung Shih', 214),
(3491, 'Tainan Hsien', 214),
(3492, 'Tainan Shih', 214),
(3493, 'Taipei Hsien', 214),
(3494, 'Taipei Shih / Taipei Hsien', 214),
(3495, 'Taitung', 214),
(3496, 'Taoyuan', 214),
(3497, 'Yilan', 214),
(3498, 'Yun-Lin Hsien', 214),
(3499, 'Yunlin', 214),
(3500, 'Dushanbe', 215),
(3501, 'Gorno-Badakhshan', 215),
(3502, 'Karotegin', 215),
(3503, 'Khatlon', 215),
(3504, 'Sughd', 215),
(3505, 'Arusha', 216),
(3506, 'Dar es Salaam', 216),
(3507, 'Dodoma', 216),
(3508, 'Iringa', 216),
(3509, 'Kagera', 216),
(3510, 'Kigoma', 216),
(3511, 'Kilimanjaro', 216),
(3512, 'Lindi', 216),
(3513, 'Mara', 216),
(3514, 'Mbeya', 216),
(3515, 'Morogoro', 216),
(3516, 'Mtwara', 216),
(3517, 'Mwanza', 216),
(3518, 'Pwani', 216),
(3519, 'Rukwa', 216),
(3520, 'Ruvuma', 216),
(3521, 'Shinyanga', 216),
(3522, 'Singida', 216),
(3523, 'Tabora', 216),
(3524, 'Tanga', 216),
(3525, 'Zanzibar and Pemba', 216),
(3526, 'Amnat Charoen', 217),
(3527, 'Ang Thong', 217),
(3528, 'Bangkok', 217),
(3529, 'Buri Ram', 217),
(3530, 'Chachoengsao', 217),
(3531, 'Chai Nat', 217),
(3532, 'Chaiyaphum', 217),
(3533, 'Changwat Chaiyaphum', 217),
(3534, 'Chanthaburi', 217),
(3535, 'Chiang Mai', 217),
(3536, 'Chiang Rai', 217),
(3537, 'Chon Buri', 217),
(3538, 'Chumphon', 217),
(3539, 'Kalasin', 217),
(3540, 'Kamphaeng Phet', 217),
(3541, 'Kanchanaburi', 217),
(3542, 'Khon Kaen', 217),
(3543, 'Krabi', 217),
(3544, 'Krung Thep', 217),
(3545, 'Lampang', 217),
(3546, 'Lamphun', 217),
(3547, 'Loei', 217),
(3548, 'Lop Buri', 217),
(3549, 'Mae Hong Son', 217),
(3550, 'Maha Sarakham', 217),
(3551, 'Mukdahan', 217),
(3552, 'Nakhon Nayok', 217),
(3553, 'Nakhon Pathom', 217),
(3554, 'Nakhon Phanom', 217),
(3555, 'Nakhon Ratchasima', 217),
(3556, 'Nakhon Sawan', 217),
(3557, 'Nakhon Si Thammarat', 217),
(3558, 'Nan', 217),
(3559, 'Narathiwat', 217),
(3560, 'Nong Bua Lam Phu', 217),
(3561, 'Nong Khai', 217),
(3562, 'Nonthaburi', 217),
(3563, 'Pathum Thani', 217),
(3564, 'Pattani', 217),
(3565, 'Phangnga', 217),
(3566, 'Phatthalung', 217),
(3567, 'Phayao', 217),
(3568, 'Phetchabun', 217),
(3569, 'Phetchaburi', 217),
(3570, 'Phichit', 217),
(3571, 'Phitsanulok', 217),
(3572, 'Phra Nakhon Si Ayutthaya', 217),
(3573, 'Phrae', 217),
(3574, 'Phuket', 217),
(3575, 'Prachin Buri', 217),
(3576, 'Prachuap Khiri Khan', 217),
(3577, 'Ranong', 217),
(3578, 'Ratchaburi', 217),
(3579, 'Rayong', 217),
(3580, 'Roi Et', 217),
(3581, 'Sa Kaeo', 217),
(3582, 'Sakon Nakhon', 217),
(3583, 'Samut Prakan', 217),
(3584, 'Samut Sakhon', 217),
(3585, 'Samut Songkhran', 217),
(3586, 'Saraburi', 217),
(3587, 'Satun', 217),
(3588, 'Si Sa Ket', 217),
(3589, 'Sing Buri', 217),
(3590, 'Songkhla', 217),
(3591, 'Sukhothai', 217),
(3592, 'Suphan Buri', 217),
(3593, 'Surat Thani', 217),
(3594, 'Surin', 217),
(3595, 'Tak', 217),
(3596, 'Trang', 217),
(3597, 'Trat', 217),
(3598, 'Ubon Ratchathani', 217),
(3599, 'Udon Thani', 217),
(3600, 'Uthai Thani', 217),
(3601, 'Uttaradit', 217),
(3602, 'Yala', 217),
(3603, 'Yasothon', 217),
(3604, 'Centre', 218),
(3605, 'Kara', 218),
(3606, 'Maritime', 218),
(3607, 'Plateaux', 218),
(3608, 'Savanes', 218),
(3609, 'Atafu', 219),
(3610, 'Fakaofo', 219),
(3611, 'Nukunonu', 219),
(3612, 'Eua', 220),
(3613, 'Ha''apai', 220),
(3614, 'Niuas', 220),
(3615, 'Tongatapu', 220),
(3616, 'Vava''u', 220),
(3617, 'Arima-Tunapuna-Piarco', 221),
(3618, 'Caroni', 221),
(3619, 'Chaguanas', 221),
(3620, 'Couva-Tabaquite-Talparo', 221),
(3621, 'Diego Martin', 221),
(3622, 'Glencoe', 221),
(3623, 'Penal Debe', 221),
(3624, 'Point Fortin', 221),
(3625, 'Port of Spain', 221),
(3626, 'Princes Town', 221),
(3627, 'Saint George', 221),
(3628, 'San Fernando', 221),
(3629, 'San Juan', 221),
(3630, 'Sangre Grande', 221),
(3631, 'Siparia', 221),
(3632, 'Tobago', 221),
(3633, 'Aryanah', 222),
(3634, 'Bajah', 222),
(3635, 'Bin ''Arus', 222),
(3636, 'Binzart', 222),
(3637, 'Gouvernorat de Ariana', 222),
(3638, 'Gouvernorat de Nabeul', 222),
(3639, 'Gouvernorat de Sousse', 222),
(3640, 'Hammamet Yasmine', 222),
(3641, 'Jundubah', 222),
(3642, 'Madaniyin', 222),
(3643, 'Manubah', 222),
(3644, 'Monastir', 222),
(3645, 'Nabul', 222),
(3646, 'Qabis', 222),
(3647, 'Qafsah', 222),
(3648, 'Qibili', 222),
(3649, 'Safaqis', 222),
(3650, 'Sfax', 222),
(3651, 'Sidi Bu Zayd', 222),
(3652, 'Silyanah', 222),
(3653, 'Susah', 222),
(3654, 'Tatawin', 222),
(3655, 'Tawzar', 222),
(3656, 'Tunis', 222),
(3657, 'Zaghwan', 222),
(3658, 'al-Kaf', 222),
(3659, 'al-Mahdiyah', 222),
(3660, 'al-Munastir', 222),
(3661, 'al-Qasrayn', 222),
(3662, 'al-Qayrawan', 222),
(3663, 'Adana', 223),
(3664, 'Adiyaman', 223),
(3665, 'Afyon', 223),
(3666, 'Agri', 223),
(3667, 'Aksaray', 223),
(3668, 'Amasya', 223),
(3669, 'Ankara', 223),
(3670, 'Antalya', 223),
(3671, 'Ardahan', 223),
(3672, 'Artvin', 223),
(3673, 'Aydin', 223),
(3674, 'Balikesir', 223),
(3675, 'Bartin', 223),
(3676, 'Batman', 223),
(3677, 'Bayburt', 223),
(3678, 'Bilecik', 223),
(3679, 'Bingol', 223),
(3680, 'Bitlis', 223),
(3681, 'Bolu', 223),
(3682, 'Burdur', 223),
(3683, 'Bursa', 223),
(3684, 'Canakkale', 223),
(3685, 'Cankiri', 223),
(3686, 'Corum', 223),
(3687, 'Denizli', 223),
(3688, 'Diyarbakir', 223),
(3689, 'Duzce', 223),
(3690, 'Edirne', 223),
(3691, 'Elazig', 223),
(3692, 'Erzincan', 223),
(3693, 'Erzurum', 223),
(3694, 'Eskisehir', 223),
(3695, 'Gaziantep', 223),
(3696, 'Giresun', 223),
(3697, 'Gumushane', 223),
(3698, 'Hakkari', 223),
(3699, 'Hatay', 223),
(3700, 'Icel', 223),
(3701, 'Igdir', 223),
(3702, 'Isparta', 223),
(3703, 'Istanbul', 223),
(3704, 'Izmir', 223),
(3705, 'Kahramanmaras', 223),
(3706, 'Karabuk', 223),
(3707, 'Karaman', 223),
(3708, 'Kars', 223),
(3709, 'Karsiyaka', 223),
(3710, 'Kastamonu', 223),
(3711, 'Kayseri', 223),
(3712, 'Kilis', 223),
(3713, 'Kirikkale', 223),
(3714, 'Kirklareli', 223),
(3715, 'Kirsehir', 223),
(3716, 'Kocaeli', 223),
(3717, 'Konya', 223),
(3718, 'Kutahya', 223),
(3719, 'Lefkosa', 223),
(3720, 'Malatya', 223),
(3721, 'Manisa', 223),
(3722, 'Mardin', 223),
(3723, 'Mugla', 223),
(3724, 'Mus', 223),
(3725, 'Nevsehir', 223),
(3726, 'Nigde', 223),
(3727, 'Ordu', 223),
(3728, 'Osmaniye', 223),
(3729, 'Rize', 223),
(3730, 'Sakarya', 223),
(3731, 'Samsun', 223),
(3732, 'Sanliurfa', 223),
(3733, 'Siirt', 223),
(3734, 'Sinop', 223),
(3735, 'Sirnak', 223),
(3736, 'Sivas', 223),
(3737, 'Tekirdag', 223),
(3738, 'Tokat', 223),
(3739, 'Trabzon', 223),
(3740, 'Tunceli', 223),
(3741, 'Usak', 223),
(3742, 'Van', 223),
(3743, 'Yalova', 223),
(3744, 'Yozgat', 223),
(3745, 'Zonguldak', 223),
(3746, 'Ahal', 224),
(3747, 'Asgabat', 224),
(3748, 'Balkan', 224),
(3749, 'Dasoguz', 224),
(3750, 'Lebap', 224),
(3751, 'Mari', 224),
(3752, 'Grand Turk', 225),
(3753, 'South Caicos and East Caicos', 225),
(3754, 'Funafuti', 226),
(3755, 'Nanumanga', 226),
(3756, 'Nanumea', 226),
(3757, 'Niutao', 226),
(3758, 'Nui', 226),
(3759, 'Nukufetau', 226),
(3760, 'Nukulaelae', 226),
(3761, 'Vaitupu', 226),
(3762, 'Central', 227),
(3763, 'Eastern', 227),
(3764, 'Northern', 227),
(3765, 'Western', 227),
(3766, 'Cherkas''ka', 228),
(3767, 'Chernihivs''ka', 228),
(3768, 'Chernivets''ka', 228),
(3769, 'Crimea', 228),
(3770, 'Dnipropetrovska', 228),
(3771, 'Donets''ka', 228),
(3772, 'Ivano-Frankivs''ka', 228),
(3773, 'Kharkiv', 228),
(3774, 'Kharkov', 228),
(3775, 'Khersonska', 228),
(3776, 'Khmel''nyts''ka', 228),
(3777, 'Kirovohrad', 228),
(3778, 'Krym', 228),
(3779, 'Kyyiv', 228),
(3780, 'Kyyivs''ka', 228),
(3781, 'L''vivs''ka', 228),
(3782, 'Luhans''ka', 228),
(3783, 'Mykolayivs''ka', 228),
(3784, 'Odes''ka', 228),
(3785, 'Odessa', 228),
(3786, 'Poltavs''ka', 228),
(3787, 'Rivnens''ka', 228),
(3788, 'Sevastopol''', 228),
(3789, 'Sums''ka', 228),
(3790, 'Ternopil''s''ka', 228),
(3791, 'Volyns''ka', 228),
(3792, 'Vynnyts''ka', 228),
(3793, 'Zakarpats''ka', 228),
(3794, 'Zaporizhia', 228),
(3795, 'Zhytomyrs''ka', 228),
(3796, 'Abu Zabi', 229),
(3797, 'Ajman', 229),
(3798, 'Dubai', 229),
(3799, 'Ras al-Khaymah', 229),
(3800, 'Sharjah', 229),
(3801, 'Sharjha', 229),
(3802, 'Umm al Qaywayn', 229),
(3803, 'al-Fujayrah', 229),
(3804, 'ash-Shariqah', 229),
(3805, 'Aberdeen', 230),
(3806, 'Aberdeenshire', 230),
(3807, 'Argyll', 230),
(3808, 'Armagh', 230),
(3809, 'Bedfordshire', 230),
(3810, 'Belfast', 230),
(3811, 'Berkshire', 230),
(3812, 'Birmingham', 230),
(3813, 'Brechin', 230),
(3814, 'Bridgnorth', 230),
(3815, 'Bristol', 230),
(3816, 'Buckinghamshire', 230),
(3817, 'Cambridge', 230),
(3818, 'Cambridgeshire', 230),
(3819, 'Channel Islands', 230),
(3820, 'Cheshire', 230),
(3821, 'Cleveland', 230),
(3822, 'Co Fermanagh', 230),
(3823, 'Conwy', 230),
(3824, 'Cornwall', 230),
(3825, 'Coventry', 230),
(3826, 'Craven Arms', 230),
(3827, 'Cumbria', 230),
(3828, 'Denbighshire', 230),
(3829, 'Derby', 230),
(3830, 'Derbyshire', 230),
(3831, 'Devon', 230),
(3832, 'Dial Code Dungannon', 230),
(3833, 'Didcot', 230),
(3834, 'Dorset', 230),
(3835, 'Dunbartonshire', 230),
(3836, 'Durham', 230),
(3837, 'East Dunbartonshire', 230),
(3838, 'East Lothian', 230),
(3839, 'East Midlands', 230),
(3840, 'East Sussex', 230),
(3841, 'East Yorkshire', 230),
(3842, 'England', 230),
(3843, 'Essex', 230),
(3844, 'Fermanagh', 230),
(3845, 'Fife', 230),
(3846, 'Flintshire', 230),
(3847, 'Fulham', 230),
(3848, 'Gainsborough', 230),
(3849, 'Glocestershire', 230),
(3850, 'Gwent', 230),
(3851, 'Hampshire', 230),
(3852, 'Hants', 230),
(3853, 'Herefordshire', 230),
(3854, 'Hertfordshire', 230),
(3855, 'Ireland', 230),
(3856, 'Isle Of Man', 230),
(3857, 'Isle of Wight', 230),
(3858, 'Kenford', 230),
(3859, 'Kent', 230),
(3860, 'Kilmarnock', 230),
(3861, 'Lanarkshire', 230),
(3862, 'Lancashire', 230),
(3863, 'Leicestershire', 230),
(3864, 'Lincolnshire', 230),
(3865, 'Llanymynech', 230),
(3866, 'London', 230),
(3867, 'Ludlow', 230),
(3868, 'Manchester', 230),
(3869, 'Mayfair', 230),
(3870, 'Merseyside', 230),
(3871, 'Mid Glamorgan', 230),
(3872, 'Middlesex', 230),
(3873, 'Mildenhall', 230),
(3874, 'Monmouthshire', 230),
(3875, 'Newton Stewart', 230),
(3876, 'Norfolk', 230),
(3877, 'North Humberside', 230),
(3878, 'North Yorkshire', 230),
(3879, 'Northamptonshire', 230),
(3880, 'Northants', 230),
(3881, 'Northern Ireland', 230),
(3882, 'Northumberland', 230),
(3883, 'Nottinghamshire', 230),
(3884, 'Oxford', 230),
(3885, 'Powys', 230),
(3886, 'Roos-shire', 230),
(3887, 'SUSSEX', 230),
(3888, 'Sark', 230),
(3889, 'Scotland', 230),
(3890, 'Scottish Borders', 230),
(3891, 'Shropshire', 230),
(3892, 'Somerset', 230),
(3893, 'South Glamorgan', 230),
(3894, 'South Wales', 230),
(3895, 'South Yorkshire', 230),
(3896, 'Southwell', 230),
(3897, 'Staffordshire', 230),
(3898, 'Strabane', 230),
(3899, 'Suffolk', 230),
(3900, 'Surrey', 230),
(3901, 'Sussex', 230),
(3902, 'Twickenham', 230),
(3903, 'Tyne and Wear', 230),
(3904, 'Tyrone', 230),
(3905, 'Utah', 230),
(3906, 'Wales', 230),
(3907, 'Warwickshire', 230),
(3908, 'West Lothian', 230),
(3909, 'West Midlands', 230),
(3910, 'West Sussex', 230),
(3911, 'West Yorkshire', 230),
(3912, 'Whissendine', 230),
(3913, 'Wiltshire', 230),
(3914, 'Wokingham', 230),
(3915, 'Worcestershire', 230),
(3916, 'Wrexham', 230),
(3917, 'Wurttemberg', 230),
(3918, 'Yorkshire', 230),
(3919, 'Alabama', 231),
(3920, 'Alaska', 231),
(3921, 'Arizona', 231),
(3922, 'Arkansas', 231),
(3923, 'Byram', 231),
(3924, 'California', 231),
(3925, 'Cokato', 231),
(3926, 'Colorado', 231),
(3927, 'Connecticut', 231),
(3928, 'Delaware', 231),
(3929, 'District of Columbia', 231),
(3930, 'Florida', 231),
(3931, 'Georgia', 231),
(3932, 'Hawaii', 231),
(3933, 'Idaho', 231),
(3934, 'Illinois', 231),
(3935, 'Indiana', 231),
(3936, 'Iowa', 231),
(3937, 'Kansas', 231),
(3938, 'Kentucky', 231),
(3939, 'Louisiana', 231),
(3940, 'Lowa', 231),
(3941, 'Maine', 231),
(3942, 'Maryland', 231),
(3943, 'Massachusetts', 231),
(3944, 'Medfield', 231),
(3945, 'Michigan', 231),
(3946, 'Minnesota', 231),
(3947, 'Mississippi', 231),
(3948, 'Missouri', 231),
(3949, 'Montana', 231),
(3950, 'Nebraska', 231),
(3951, 'Nevada', 231),
(3952, 'New Hampshire', 231),
(3953, 'New Jersey', 231),
(3954, 'New Jersy', 231),
(3955, 'New Mexico', 231),
(3956, 'New York', 231),
(3957, 'North Carolina', 231),
(3958, 'North Dakota', 231),
(3959, 'Ohio', 231),
(3960, 'Oklahoma', 231),
(3961, 'Ontario', 231),
(3962, 'Oregon', 231),
(3963, 'Pennsylvania', 231),
(3964, 'Ramey', 231),
(3965, 'Rhode Island', 231),
(3966, 'South Carolina', 231),
(3967, 'South Dakota', 231),
(3968, 'Sublimity', 231),
(3969, 'Tennessee', 231),
(3970, 'Texas', 231),
(3971, 'Trimble', 231),
(3972, 'Utah', 231),
(3973, 'Vermont', 231),
(3974, 'Virginia', 231),
(3975, 'Washington', 231),
(3976, 'West Virginia', 231),
(3977, 'Wisconsin', 231),
(3978, 'Wyoming', 231),
(3979, 'United States Minor Outlying I', 232),
(3980, 'Artigas', 233),
(3981, 'Canelones', 233),
(3982, 'Cerro Largo', 233),
(3983, 'Colonia', 233),
(3984, 'Durazno', 233),
(3985, 'FLorida', 233),
(3986, 'Flores', 233),
(3987, 'Lavalleja', 233),
(3988, 'Maldonado', 233),
(3989, 'Montevideo', 233),
(3990, 'Paysandu', 233),
(3991, 'Rio Negro', 233),
(3992, 'Rivera', 233),
(3993, 'Rocha', 233),
(3994, 'Salto', 233),
(3995, 'San Jose', 233),
(3996, 'Soriano', 233),
(3997, 'Tacuarembo', 233),
(3998, 'Treinta y Tres', 233),
(3999, 'Andijon', 234),
(4000, 'Buhoro', 234),
(4001, 'Buxoro Viloyati', 234),
(4002, 'Cizah', 234),
(4003, 'Fargona', 234),
(4004, 'Horazm', 234),
(4005, 'Kaskadar', 234),
(4006, 'Korakalpogiston', 234),
(4007, 'Namangan', 234),
(4008, 'Navoi', 234),
(4009, 'Samarkand', 234),
(4010, 'Sirdare', 234),
(4011, 'Surhondar', 234),
(4012, 'Toskent', 234),
(4013, 'Malampa', 235),
(4014, 'Penama', 235),
(4015, 'Sanma', 235),
(4016, 'Shefa', 235),
(4017, 'Tafea', 235),
(4018, 'Torba', 235),
(4019, 'Vatican City State (Holy See)', 236),
(4020, 'Amazonas', 237),
(4021, 'Anzoategui', 237),
(4022, 'Apure', 237),
(4023, 'Aragua', 237),
(4024, 'Barinas', 237),
(4025, 'Bolivar', 237),
(4026, 'Carabobo', 237),
(4027, 'Cojedes', 237),
(4028, 'Delta Amacuro', 237),
(4029, 'Distrito Federal', 237),
(4030, 'Falcon', 237),
(4031, 'Guarico', 237),
(4032, 'Lara', 237),
(4033, 'Merida', 237),
(4034, 'Miranda', 237),
(4035, 'Monagas', 237),
(4036, 'Nueva Esparta', 237),
(4037, 'Portuguesa', 237),
(4038, 'Sucre', 237),
(4039, 'Tachira', 237),
(4040, 'Trujillo', 237),
(4041, 'Vargas', 237),
(4042, 'Yaracuy', 237),
(4043, 'Zulia', 237),
(4044, 'Bac Giang', 238),
(4045, 'Binh Dinh', 238),
(4046, 'Binh Duong', 238),
(4047, 'Da Nang', 238),
(4048, 'Dong Bang Song Cuu Long', 238),
(4049, 'Dong Bang Song Hong', 238),
(4050, 'Dong Nai', 238),
(4051, 'Dong Nam Bo', 238),
(4052, 'Duyen Hai Mien Trung', 238),
(4053, 'Hanoi', 238),
(4054, 'Hung Yen', 238),
(4055, 'Khu Bon Cu', 238),
(4056, 'Long An', 238),
(4057, 'Mien Nui Va Trung Du', 238),
(4058, 'Thai Nguyen', 238),
(4059, 'Thanh Pho Ho Chi Minh', 238),
(4060, 'Thu Do Ha Noi', 238),
(4061, 'Tinh Can Tho', 238),
(4062, 'Tinh Da Nang', 238),
(4063, 'Tinh Gia Lai', 238),
(4064, 'Anegada', 239),
(4065, 'Jost van Dyke', 239),
(4066, 'Tortola', 239),
(4067, 'Saint Croix', 240),
(4068, 'Saint John', 240),
(4069, 'Saint Thomas', 240),
(4070, 'Alo', 241),
(4071, 'Singave', 241),
(4072, 'Wallis', 241),
(4073, 'Bu Jaydur', 242),
(4074, 'Wad-adh-Dhahab', 242),
(4075, 'al-''Ayun', 242),
(4076, 'as-Samarah', 242),
(4077, '''Adan', 243),
(4078, 'Abyan', 243),
(4079, 'Dhamar', 243),
(4080, 'Hadramaut', 243),
(4081, 'Hajjah', 243),
(4082, 'Hudaydah', 243),
(4083, 'Ibb', 243),
(4084, 'Lahij', 243),
(4085, 'Ma''rib', 243),
(4086, 'Madinat San''a', 243),
(4087, 'Sa''dah', 243),
(4088, 'Sana', 243),
(4089, 'Shabwah', 243),
(4090, 'Ta''izz', 243),
(4091, 'al-Bayda', 243),
(4092, 'al-Hudaydah', 243),
(4093, 'al-Jawf', 243),
(4094, 'al-Mahrah', 243),
(4095, 'al-Mahwit', 243),
(4096, 'Central Serbia', 244),
(4097, 'Kosovo and Metohija', 244),
(4098, 'Montenegro', 244),
(4099, 'Republic of Serbia', 244),
(4100, 'Serbia', 244),
(4101, 'Vojvodina', 244),
(4102, 'Central', 245),
(4103, 'Copperbelt', 245),
(4104, 'Eastern', 245),
(4105, 'Luapala', 245),
(4106, 'Lusaka', 245),
(4107, 'North-Western', 245),
(4108, 'Northern', 245),
(4109, 'Southern', 245),
(4110, 'Western', 245),
(4111, 'Bulawayo', 246),
(4112, 'Harare', 246),
(4113, 'Manicaland', 246),
(4114, 'Mashonaland Central', 246),
(4115, 'Mashonaland East', 246),
(4116, 'Mashonaland West', 246),
(4117, 'Masvingo', 246),
(4118, 'Matabeleland North', 246),
(4119, 'Matabeleland South', 246),
(4120, 'Midlands', 246);

-- --------------------------------------------------------

--
-- Table structure for table `subscriber`
--

CREATE TABLE `subscriber` (
  `subscriber_id` varchar(100) NOT NULL,
  `apply_ip` varchar(255) DEFAULT NULL,
  `email` varchar(255) DEFAULT NULL,
  `status` int(11) DEFAULT NULL
) ENGINE=InnoDB DEFAULT CHARSET=utf8;

--
-- Dumping data for table `subscriber`
--

INSERT INTO `subscriber` (`subscriber_id`, `apply_ip`, `email`, `status`) VALUES
('7L6YHDYCSTA8JL9', '::1', NULL, 1),
('CJ9VY3TELQMQEBK', '::1', 'helloiw@gmail.com', 1),
('FTGB6D7QQVFNU3H', '::1', 'aafdf@g.com', 1),
('HVZ4R8TPGN8HHPQ', '::1', ' a@g.com', 1),
('JS5FXYCZ95SWZDO', '::1', 'a@g.com', 1),
('R35WRDGRH7K5HCV', '::1', 'asdfa', 1),
('REKNF3RNS2EYPB2', '::1', 'email@gmail.com', 1),
('VHYDW4XT7EMMOTT', '::1', 'a@gmail.com', 1),
('VV8QWX9Y8X5IDJ8', '::1', 'sdafsa', 1),
('WHIF223XW1AC6RK', '::1', 'test', 1);

-- --------------------------------------------------------

--
-- Table structure for table `synchronizer_setting`
--

CREATE TABLE `synchronizer_setting` (
  `id` int(11) NOT NULL,
  `hostname` varchar(255) NOT NULL,
  `username` varchar(255) NOT NULL,
  `password` varchar(255) NOT NULL,
  `port` varchar(10) NOT NULL,
  `debug` varchar(10) NOT NULL,
  `project_root` varchar(255) NOT NULL
) ENGINE=InnoDB DEFAULT CHARSET=utf8;

--
-- Dumping data for table `synchronizer_setting`
--

INSERT INTO `synchronizer_setting` (`id`, `hostname`, `username`, `password`, `port`, `debug`, `project_root`) VALUES
(8, '70.35.198.244', 'softest3bdtask', 'habijabi098!', '21', 'true', './public_html/saleserp-v4.0/');

-- --------------------------------------------------------

--
-- Table structure for table `tax`
--

CREATE TABLE `tax` (
  `tax_id` varchar(100) NOT NULL,
  `tax_name` varchar(100) NOT NULL,
  `status` int(11) DEFAULT '0'
) ENGINE=InnoDB DEFAULT CHARSET=utf8;

--
-- Dumping data for table `tax`
--

INSERT INTO `tax` (`tax_id`, `tax_name`, `status`) VALUES
('52C2SKCKGQY6Q9J', 'tax 2 ', 0),
('5SN9PRWPN131T4V', 'tax 3', 0),
('H5MQN4NXJBSDX4L', 'Tax 1', 0);

-- --------------------------------------------------------

--
-- Table structure for table `tax_collection_details`
--

CREATE TABLE `tax_collection_details` (
  `tax_col_de_id` varchar(100) NOT NULL,
  `invoice_id` varchar(100) NOT NULL,
  `product_id` varchar(100) NOT NULL,
  `tax_id` varchar(100) NOT NULL,
  `variant_id` varchar(255) DEFAULT NULL,
  `amount` float NOT NULL,
  `date` varchar(100) NOT NULL
) ENGINE=InnoDB DEFAULT CHARSET=utf8;

-- --------------------------------------------------------

--
-- Table structure for table `tax_collection_summary`
--

CREATE TABLE `tax_collection_summary` (
  `tax_collection_id` varchar(100) NOT NULL,
  `invoice_id` varchar(100) NOT NULL,
  `tax_id` varchar(100) NOT NULL,
  `tax_amount` float NOT NULL,
  `date` varchar(100) NOT NULL
) ENGINE=InnoDB DEFAULT CHARSET=utf8;

-- --------------------------------------------------------

--
-- Table structure for table `tax_product_service`
--

CREATE TABLE `tax_product_service` (
  `t_p_s_id` varchar(100) NOT NULL,
  `product_id` varchar(100) NOT NULL,
  `tax_id` varchar(100) NOT NULL,
  `tax_percentage` varchar(100) NOT NULL
) ENGINE=InnoDB DEFAULT CHARSET=utf8;

--
-- Dumping data for table `tax_product_service`
--

INSERT INTO `tax_product_service` (`t_p_s_id`, `product_id`, `tax_id`, `tax_percentage`) VALUES
('Q6A4O22IIISJ858', 'ALLZ3YXI', 'H5MQN4NXJBSDX4L', '3');

-- --------------------------------------------------------

--
-- Table structure for table `unit`
--

CREATE TABLE `unit` (
  `unit_id` varchar(100) NOT NULL,
  `unit_name` varchar(255) NOT NULL,
  `unit_short_name` varchar(100) NOT NULL
) ENGINE=InnoDB DEFAULT CHARSET=utf8;

--
-- Dumping data for table `unit`
--

INSERT INTO `unit` (`unit_id`, `unit_name`, `unit_short_name`) VALUES
('49PW2CURUAVO1X8', 'PC', 'Pcs'),
('FUSLEJJZ6542OZ1', 'Kg', 'Kilogram'),
('V268OBIGCSGA2MK', 'littre', 'littre');

-- --------------------------------------------------------

--
-- Table structure for table `upload_image`
--

CREATE TABLE `upload_image` (
  `upload_image_id` int(255) NOT NULL,
  `upload_id` varchar(255) NOT NULL,
  `image_name` text NOT NULL,
  `image_size` float NOT NULL,
  `image_extension` varchar(255) NOT NULL,
  `image_url` text NOT NULL,
  `date_of_upload` datetime NOT NULL,
  `image_type` int(11) NOT NULL COMMENT '1=thumb,2=large',
  `status` int(11) DEFAULT NULL COMMENT 'primary=1'
) ENGINE=InnoDB DEFAULT CHARSET=utf8;

--
-- Dumping data for table `upload_image`
--

INSERT INTO `upload_image` (`upload_image_id`, `upload_id`, `image_name`, `image_size`, `image_extension`, `image_url`, `date_of_upload`, `image_type`, `status`) VALUES
(1, '1', '7239b738a3c4c034b2af04ef0d402243.jpg', 0.02, '.jpeg', 'my-assets/image/product/temp/thumb/7239b738a3c4c034b2af04ef0d402243.jpg', '2018-05-15 11:51:28', 1, 0),
(2, '1', '7239b738a3c4c034b2af04ef0d402243.jpg', 0.08, '.jpeg', 'my-assets/image/product/temp/7239b738a3c4c034b2af04ef0d402243.jpg', '2018-05-15 11:51:28', 2, 0),
(3, '1', '03f4a7a2e72dd34efaf271dc6a7a2161.jpg', 0.02, '.jpeg', 'my-assets/image/product/temp/thumb/03f4a7a2e72dd34efaf271dc6a7a2161.jpg', '2018-05-15 11:51:31', 1, 0),
(4, '1', '03f4a7a2e72dd34efaf271dc6a7a2161.jpg', 0.17, '.jpeg', 'my-assets/image/product/temp/03f4a7a2e72dd34efaf271dc6a7a2161.jpg', '2018-05-15 11:51:31', 2, 0),
(5, '1', 'c69e5e9bb8a34d1d92adc6b1b0581181.jpg', 0.02, '.jpeg', 'my-assets/image/product/temp/thumb/c69e5e9bb8a34d1d92adc6b1b0581181.jpg', '2018-05-15 11:51:35', 1, 1),
(6, '1', 'c69e5e9bb8a34d1d92adc6b1b0581181.jpg', 0.08, '.jpeg', 'my-assets/image/product/temp/c69e5e9bb8a34d1d92adc6b1b0581181.jpg', '2018-05-15 11:51:35', 2, 1),
(7, '1', 'ba3fdbde30d62cc595ba702661bbf691.jpg', 0.02, '.jpeg', 'my-assets/image/product/temp/thumb/ba3fdbde30d62cc595ba702661bbf691.jpg', '2018-05-15 11:51:41', 1, 0),
(8, '1', 'ba3fdbde30d62cc595ba702661bbf691.jpg', 0.1, '.jpeg', 'my-assets/image/product/temp/ba3fdbde30d62cc595ba702661bbf691.jpg', '2018-05-15 11:51:41', 2, 0),
(9, '2', 'c87eb909ec37a233c039557d01fc515c.jpg', 0.02, '.jpeg', 'my-assets/image/product/temp/thumb/c87eb909ec37a233c039557d01fc515c.jpg', '2018-05-15 01:09:48', 1, 0),
(10, '2', 'c87eb909ec37a233c039557d01fc515c.jpg', 0.08, '.jpeg', 'my-assets/image/product/temp/c87eb909ec37a233c039557d01fc515c.jpg', '2018-05-15 01:09:48', 2, 0),
(11, '2', '731292f11b7ad605680f9c355475cc83.jpg', 0.02, '.jpeg', 'my-assets/image/product/temp/thumb/731292f11b7ad605680f9c355475cc83.jpg', '2018-05-15 01:09:51', 1, 1),
(12, '2', '731292f11b7ad605680f9c355475cc83.jpg', 0.17, '.jpeg', 'my-assets/image/product/temp/731292f11b7ad605680f9c355475cc83.jpg', '2018-05-15 01:09:51', 2, 1),
(13, '2', '7a9e0bfb01214d4c6ebb89da0b8850fe.jpg', 0.02, '.jpeg', 'my-assets/image/product/temp/thumb/7a9e0bfb01214d4c6ebb89da0b8850fe.jpg', '2018-05-15 02:00:09', 1, NULL),
(14, '2', '7a9e0bfb01214d4c6ebb89da0b8850fe.jpg', 0.08, '.jpeg', 'my-assets/image/product/temp/7a9e0bfb01214d4c6ebb89da0b8850fe.jpg', '2018-05-15 02:00:10', 2, 0),
(15, '2', 'cfb7b2fcdf307ceea6656d5d4516214f.jpg', 0.02, '.jpeg', 'my-assets/image/product/temp/thumb/cfb7b2fcdf307ceea6656d5d4516214f.jpg', '2018-05-15 02:06:26', 1, NULL),
(16, '2', 'cfb7b2fcdf307ceea6656d5d4516214f.jpg', 0.09, '.jpeg', 'my-assets/image/product/temp/cfb7b2fcdf307ceea6656d5d4516214f.jpg', '2018-05-15 02:06:26', 2, 0),
(17, '2', 'eedc6144c3597bc4c8a3657d8fb7fe6e.jpg', 0.01, '.jpeg', 'my-assets/image/product/temp/thumb/eedc6144c3597bc4c8a3657d8fb7fe6e.jpg', '2018-05-15 02:08:25', 1, NULL),
(18, '2', 'eedc6144c3597bc4c8a3657d8fb7fe6e.jpg', 0.05, '.jpeg', 'my-assets/image/product/temp/eedc6144c3597bc4c8a3657d8fb7fe6e.jpg', '2018-05-15 02:08:25', 2, 0),
(45, '7', '04e656510c09d46bd1ac5f5fbad36b2d.jpg', 0.02, '.jpeg', 'my-assets/image/product/temp/thumb/04e656510c09d46bd1ac5f5fbad36b2d.jpg', '2018-05-21 07:12:58', 1, 0),
(46, '7', '04e656510c09d46bd1ac5f5fbad36b2d.jpg', 0.01, '.jpeg', 'my-assets/image/product/temp/04e656510c09d46bd1ac5f5fbad36b2d.jpg', '2018-05-21 07:12:58', 2, 0),
(47, '7', '329f9c6f4b4cc8ee88a39c7f2276ec96.jpg', 0.03, '.jpeg', 'my-assets/image/product/temp/thumb/329f9c6f4b4cc8ee88a39c7f2276ec96.jpg', '2018-05-21 07:13:01', 1, 1),
(48, '7', '329f9c6f4b4cc8ee88a39c7f2276ec96.jpg', 0.01, '.jpeg', 'my-assets/image/product/temp/329f9c6f4b4cc8ee88a39c7f2276ec96.jpg', '2018-05-21 07:13:01', 2, 0),
(49, '9', '8b640c26afbaabd3406471b666e16ece.jpg', 0.02, '.jpeg', 'my-assets/image/product/temp/thumb/8b640c26afbaabd3406471b666e16ece.jpg', '2018-05-21 07:58:02', 1, 0),
(50, '9', '8b640c26afbaabd3406471b666e16ece.jpg', 0.01, '.jpeg', 'my-assets/image/product/temp/8b640c26afbaabd3406471b666e16ece.jpg', '2018-05-21 07:58:02', 2, 0),
(51, '9', 'c30826b089ec906576745dbf9fc95d2e.jpg', 0.03, '.jpeg', 'my-assets/image/product/temp/thumb/c30826b089ec906576745dbf9fc95d2e.jpg', '2018-05-21 08:11:06', 1, 0),
(52, '9', 'c30826b089ec906576745dbf9fc95d2e.jpg', 0.01, '.jpeg', 'my-assets/image/product/temp/c30826b089ec906576745dbf9fc95d2e.jpg', '2018-05-21 08:11:06', 2, 0),
(53, '9', 'e92edfbdd40f175d93ce0cd28879d60e.jpg', 0.02, '.jpeg', 'my-assets/image/product/temp/thumb/e92edfbdd40f175d93ce0cd28879d60e.jpg', '2018-05-21 08:11:13', 1, 1),
(54, '9', 'e92edfbdd40f175d93ce0cd28879d60e.jpg', 0.01, '.jpeg', 'my-assets/image/product/temp/e92edfbdd40f175d93ce0cd28879d60e.jpg', '2018-05-21 08:11:13', 2, 0),
(57, '10', '4c70cc405c6800ecf9da648c07a92a22.jpg', 0.06, '.jpeg', 'my-assets/image/product/temp/thumb/4c70cc405c6800ecf9da648c07a92a22.jpg', '2018-06-03 06:57:37', 1, 0),
(58, '10', '4c70cc405c6800ecf9da648c07a92a22.jpg', 0.16, '.jpeg', 'my-assets/image/product/temp/4c70cc405c6800ecf9da648c07a92a22.jpg', '2018-06-03 06:57:37', 2, 0),
(69, '10', 'a66c955464a7b40f9ef5509c016108b6.jpg', 0.01, '.jpeg', 'my-assets/image/product/temp/thumb/a66c955464a7b40f9ef5509c016108b6.jpg', '2018-06-04 11:06:28', 1, 1),
(70, '10', 'a66c955464a7b40f9ef5509c016108b6.jpg', 0.04, '.jpeg', 'my-assets/image/product/temp/a66c955464a7b40f9ef5509c016108b6.jpg', '2018-06-04 11:06:28', 2, 0),
(71, '10', '05d21108968158c16e8172560dee7b3b.jpg', 0.02, '.jpeg', 'my-assets/image/product/temp/thumb/05d21108968158c16e8172560dee7b3b.jpg', '2018-06-04 11:14:18', 1, 0),
(72, '10', '05d21108968158c16e8172560dee7b3b.jpg', 0.06, '.jpeg', 'my-assets/image/product/temp/05d21108968158c16e8172560dee7b3b.jpg', '2018-06-04 11:14:18', 2, 0),
(73, '10', '63fc94c99f37a248cb58fcf47a5dd807.jpg', 0.01, '.jpeg', 'my-assets/image/product/temp/thumb/63fc94c99f37a248cb58fcf47a5dd807.jpg', '2018-06-04 11:22:40', 1, 0),
(74, '10', '63fc94c99f37a248cb58fcf47a5dd807.jpg', 0.04, '.jpeg', 'my-assets/image/product/temp/63fc94c99f37a248cb58fcf47a5dd807.jpg', '2018-06-04 11:22:40', 2, 0),
(85, '12', '04a97f1c76c7d4b219ee414ba893bbcc.png', 0.18, '.png', 'my-assets/image/product/temp/thumb/04a97f1c76c7d4b219ee414ba893bbcc.png', '2018-07-01 01:44:59', 1, 0),
(86, '12', '04a97f1c76c7d4b219ee414ba893bbcc.png', 0.1, '.png', 'my-assets/image/product/temp/04a97f1c76c7d4b219ee414ba893bbcc.png', '2018-07-01 01:44:59', 2, 0),
(89, '12', '93d32ce2d93a6f39221d504292057dd1.jpg', 0.04, '.jpeg', 'my-assets/image/product/temp/thumb/93d32ce2d93a6f39221d504292057dd1.jpg', '2018-07-01 01:46:16', 1, 0),
(90, '12', '93d32ce2d93a6f39221d504292057dd1.jpg', 0.12, '.jpeg', 'my-assets/image/product/temp/93d32ce2d93a6f39221d504292057dd1.jpg', '2018-07-01 01:46:16', 2, 0),
(91, '12', '84b4c638c262eed454354a22bfa463ca.png', 0.16, '.png', 'my-assets/image/product/temp/thumb/84b4c638c262eed454354a22bfa463ca.png', '2018-07-01 01:55:49', 1, 1),
(92, '12', '84b4c638c262eed454354a22bfa463ca.png', 0.05, '.png', 'my-assets/image/product/temp/84b4c638c262eed454354a22bfa463ca.png', '2018-07-01 01:55:49', 2, 0),
(93, 'seller_product_update_form', '40048c9fbf8b3a1dea79802cb89006fa.jpg', 0.04, '.jpeg', 'my-assets/image/product/temp/thumb/40048c9fbf8b3a1dea79802cb89006fa.jpg', '2018-07-02 07:55:30', 1, 0),
(94, 'seller_product_update_form', '40048c9fbf8b3a1dea79802cb89006fa.jpg', 0.05, '.jpeg', 'my-assets/image/product/temp/40048c9fbf8b3a1dea79802cb89006fa.jpg', '2018-07-02 07:55:30', 2, 0),
(123, '11', 'b15266077202676f81001708c00cf088.jpg', 0.04, '.jpeg', 'my-assets/image/product/temp/thumb/b15266077202676f81001708c00cf088.jpg', '2018-07-02 08:11:50', 1, 1),
(124, '11', 'b15266077202676f81001708c00cf088.jpg', 0.11, '.jpeg', 'my-assets/image/product/temp/b15266077202676f81001708c00cf088.jpg', '2018-07-02 08:11:50', 2, 0),
(125, '11', '967e6bbdc0338b393e8b975801a86003.jpg', 0.09, '.jpeg', 'my-assets/image/product/temp/thumb/967e6bbdc0338b393e8b975801a86003.jpg', '2018-07-02 08:57:39', 1, 0),
(126, '11', '967e6bbdc0338b393e8b975801a86003.jpg', 0.19, '.jpeg', 'my-assets/image/product/temp/967e6bbdc0338b393e8b975801a86003.jpg', '2018-07-02 08:57:39', 2, 0),
(127, '13', '3a4f8de5366cf56335d2781f9c82cf3d.jpg', 0.06, '.jpeg', 'my-assets/image/product/temp/thumb/3a4f8de5366cf56335d2781f9c82cf3d.jpg', '2018-07-02 09:16:30', 1, 0),
(128, '13', '3a4f8de5366cf56335d2781f9c82cf3d.jpg', 0.16, '.jpeg', 'my-assets/image/product/temp/3a4f8de5366cf56335d2781f9c82cf3d.jpg', '2018-07-02 09:16:30', 2, 0),
(131, '13', '17ee5800eff3e7b840a321ced3da34c2.jpg', 0.05, '.jpeg', 'my-assets/image/product/temp/thumb/17ee5800eff3e7b840a321ced3da34c2.jpg', '2018-07-02 09:16:35', 1, 1),
(132, '13', '17ee5800eff3e7b840a321ced3da34c2.jpg', 0.06, '.jpeg', 'my-assets/image/product/temp/17ee5800eff3e7b840a321ced3da34c2.jpg', '2018-07-02 09:16:35', 2, 0),
(133, '13', '080a57315494fc65427ffb1b35f6b541.png', 0.07, '.png', 'my-assets/image/product/temp/thumb/080a57315494fc65427ffb1b35f6b541.png', '2018-07-02 10:51:56', 1, 0),
(134, '13', '080a57315494fc65427ffb1b35f6b541.png', 0.02, '.png', 'my-assets/image/product/temp/080a57315494fc65427ffb1b35f6b541.png', '2018-07-02 10:51:56', 2, 0),
(135, '14', 'ea9534861300081a1d5e98dfafbb9206.jpg', 0.04, '.jpeg', 'my-assets/image/product/temp/thumb/ea9534861300081a1d5e98dfafbb9206.jpg', '2018-07-02 11:06:26', 1, 1),
(136, '14', 'ea9534861300081a1d5e98dfafbb9206.jpg', 0.06, '.jpeg', 'my-assets/image/product/temp/ea9534861300081a1d5e98dfafbb9206.jpg', '2018-07-02 11:06:26', 2, 0),
(149, '15', 'ee8f2a2363c72f4dd47a6e5abf8cbd4c.png', 0.46, '.png', 'my-assets/image/product/temp/thumb/ee8f2a2363c72f4dd47a6e5abf8cbd4c.png', '2018-07-02 11:48:26', 1, 0),
(150, '15', 'ee8f2a2363c72f4dd47a6e5abf8cbd4c.png', 0.05, '.png', 'my-assets/image/product/temp/ee8f2a2363c72f4dd47a6e5abf8cbd4c.png', '2018-07-02 11:48:26', 2, 0),
(151, '15', '8579e7d03b7ea28ac5da187b7b6b3432.jpg', 0.37, '.jpeg', 'my-assets/image/product/temp/thumb/8579e7d03b7ea28ac5da187b7b6b3432.jpg', '2018-07-02 12:00:46', 1, 0),
(152, '15', '8579e7d03b7ea28ac5da187b7b6b3432.jpg', 0.11, '.jpeg', 'my-assets/image/product/temp/8579e7d03b7ea28ac5da187b7b6b3432.jpg', '2018-07-02 12:00:46', 2, 0),
(153, '15', '5ebfc0a2f80a3c23f9fdc4ddb8a42c19.jpg', 0.26, '.jpeg', 'my-assets/image/product/temp/thumb/5ebfc0a2f80a3c23f9fdc4ddb8a42c19.jpg', '2018-07-02 02:53:53', 1, 1),
(154, '15', '5ebfc0a2f80a3c23f9fdc4ddb8a42c19.jpg', 0.23, '.jpeg', 'my-assets/image/product/temp/5ebfc0a2f80a3c23f9fdc4ddb8a42c19.jpg', '2018-07-02 02:53:53', 2, 0),
(155, '16', '62562ff432f1a015dbbd81d6c05e2391.jpg', 0.02, '.jpeg', 'my-assets/image/product/temp/thumb/62562ff432f1a015dbbd81d6c05e2391.jpg', '2018-07-15 02:17:26', 1, 1),
(156, '16', '62562ff432f1a015dbbd81d6c05e2391.jpg', 0.01, '.jpeg', 'my-assets/image/product/temp/62562ff432f1a015dbbd81d6c05e2391.jpg', '2018-07-15 02:17:26', 2, 0),
(157, '17', 'cd859b0099988041631f95347f1f6cd6.jpg', 0.03, '.jpeg', 'my-assets/image/product/temp/thumb/cd859b0099988041631f95347f1f6cd6.jpg', '2018-07-15 02:35:15', 1, 1),
(158, '17', 'cd859b0099988041631f95347f1f6cd6.jpg', 0.01, '.jpeg', 'my-assets/image/product/temp/cd859b0099988041631f95347f1f6cd6.jpg', '2018-07-15 02:35:15', 2, 0),
(159, '18', '11b234c641aa7e8faba9c19c2abf955b.jpg', 0.01, '.jpeg', 'my-assets/image/product/temp/thumb/11b234c641aa7e8faba9c19c2abf955b.jpg', '2018-07-22 08:13:26', 1, 1),
(160, '18', '11b234c641aa7e8faba9c19c2abf955b.jpg', 0, '.jpeg', 'my-assets/image/product/temp/11b234c641aa7e8faba9c19c2abf955b.jpg', '2018-07-22 08:13:26', 2, 0),
(161, '19', 'cc21d5acb9378b149f5c419ceff3d547.jpg', 0.03, '.jpeg', 'my-assets/image/product/temp/thumb/cc21d5acb9378b149f5c419ceff3d547.jpg', '2018-07-23 07:59:54', 1, 1),
(162, '19', 'cc21d5acb9378b149f5c419ceff3d547.jpg', 0.01, '.jpeg', 'my-assets/image/product/temp/cc21d5acb9378b149f5c419ceff3d547.jpg', '2018-07-23 07:59:54', 2, 0),
(163, '20', '235c312820f55d02f06f308159f7c45e.jpg', 0.03, '.jpeg', 'my-assets/image/product/temp/thumb/235c312820f55d02f06f308159f7c45e.jpg', '2018-07-23 08:00:36', 1, 1),
(164, '20', '235c312820f55d02f06f308159f7c45e.jpg', 0.01, '.jpeg', 'my-assets/image/product/temp/235c312820f55d02f06f308159f7c45e.jpg', '2018-07-23 08:00:37', 2, 0);

-- --------------------------------------------------------

--
-- Table structure for table `upload_product`
--

CREATE TABLE `upload_product` (
  `upload_id` int(255) NOT NULL,
  `product_id` varchar(255) NOT NULL,
  `seller_id` varchar(255) NOT NULL,
  `category_id` varchar(255) NOT NULL,
  `price` float NOT NULL,
  `unit` varchar(255) NOT NULL,
  `product_model` varchar(255) NOT NULL,
  `brand_id` varchar(255) NOT NULL,
  `variant_id` varchar(255) DEFAULT NULL,
  `product_type` text NOT NULL,
  `tag` text,
  `quantity` int(11) NOT NULL,
  `best_sale` int(11) DEFAULT '0',
  `comission` float DEFAULT NULL COMMENT 'comission in percentage',
  `on_promotion` int(11) DEFAULT '0',
  `pre_order` int(11) DEFAULT NULL,
  `pre_order_quantity` int(11) DEFAULT NULL,
  `details` text,
  `status` int(11) NOT NULL COMMENT '0=request,1=pending,2=approved,3=denied'
) ENGINE=InnoDB DEFAULT CHARSET=utf8;

--
-- Dumping data for table `upload_product`
--

INSERT INTO `upload_product` (`upload_id`, `product_id`, `seller_id`, `category_id`, `price`, `unit`, `product_model`, `brand_id`, `variant_id`, `product_type`, `tag`, `quantity`, `best_sale`, `comission`, `on_promotion`, `pre_order`, `pre_order_quantity`, `details`, `status`) VALUES
(7, 'I6XK8N62', 'NONJJSN6QO', 'ZKAYE257L8J7TP9', 44, '', 'a2z', '', 'C2YDWB5SBR58GW5', '', '', 4, 0, NULL, 0, NULL, NULL, NULL, 2),
(8, '43571248', 'KE8Q8ISK', '1SLTY1Y3HT6DT7Z', 63, '', 'tesgfs', '', 'DZT2RNVHGWCVQAS', '', '', 54, 0, NULL, 0, NULL, NULL, NULL, 3),
(9, '', 'KE8Q8ISK', 'OSUOISELTRZ8ZLP', 1300, 'V268OBIGCSGA2MK', 'P-2', '4U2M79OO9D7VZI3', 'MN2PU851WMA4KNU,DZT2RNVHGWCVQAS', 'sadfdsa', 'sadfsa', 123, 0, NULL, 0, NULL, NULL, NULL, 2),
(10, '88885995', 'JO6P2J5WGS', 'EDB4G2FL4XBZLWX', 321, '', 'w-4', '', NULL, '', '', 14, 0, NULL, 0, NULL, NULL, NULL, 2),
(11, '27674779', '1FADAEW798', 'W26OJBDEBRQPDV1', 333, 'V268OBIGCSGA2MK', '35', '4U2M79OO9D7VZI3', 'C2YDWB5SBR58GW5', 'type', 'Upload ,tag', 12, 1, NULL, 1, 1, 123, 'sfasfa', 3),
(12, '96355456', '1FADAEW798', 'W26OJBDEBRQPDV1', 345, '', '345', 'SYUJWKM1MI7X2D6', 'MN2PU851WMA4KNU,GQ3DZ3N6QB2URPY', 'sadfas', 'fgyu ,dsfgsd', 34, 1, NULL, 1, 1, 5566, 'safasf', 2),
(13, '13497286', '1FADAEW798', 'W26OJBDEBRQPDV1', 23456, 'V268OBIGCSGA2MK', 'test-1', '975UJSQP6H2T8IW', NULL, 'test', '3245', 33, 0, NULL, 0, 0, 0, '', 2),
(14, '77946178', '1FADAEW798', 'CB315BHM7N7276H', 1321, '', 'ISH', '', NULL, '', '', 332, 0, NULL, 0, 0, 0, '', 3),
(15, '93746656', '1FADAEW798', 'CB315BHM7N7276H', 500, 'V268OBIGCSGA2MK', 'J-1', 'EP3RN7R6G1E3YFV', 'C2YDWB5SBR58GW5', 'type', 'pen', 10, 1, NULL, 1, 1, 10, 'demo test', 3),
(16, '11588177', '3RFOQW1E', 'AM4XWGPNAZVIDN2', 452352, '', '12345', '', NULL, '', '', 4534, 0, 32, 0, 0, 0, '', 3),
(17, '72295248', '3RFOQW1E', 'AM4XWGPNAZVIDN2', 1500, '', 'P-123', '', NULL, '', '', 10, 0, 10, 0, 0, 0, '', 2),
(18, '25821698', 'U3HEGA81', '1SLTY1Y3HT6DT7Z', 2000, '', 'SJ-2', '', NULL, '', '', 10, 0, 12, 0, 0, 0, '', 1),
(19, '99984193', 'U3HEGA81', 'AM4XWGPNAZVIDN2', 5000, '', 'SJ-4', 'ALI9KUP7STZTKGM', NULL, '', '', 20, 0, 32, 0, 0, 0, '', 1),
(20, '29348597', 'U3HEGA81', '26JRBXY8RNH45LN', 3500, '', 'SJ-5', '', NULL, '', '', 5, 0, NULL, 0, 0, 0, '', 2);

-- --------------------------------------------------------

--
-- Table structure for table `upload_product_description`
--

CREATE TABLE `upload_product_description` (
  `upload_product_des_id` int(11) NOT NULL,
  `upload_id` varchar(255) NOT NULL,
  `lang_id` varchar(255) NOT NULL,
  `description` text NOT NULL,
  `description_type` int(11) NOT NULL,
  `status` int(11) NOT NULL DEFAULT '0'
) ENGINE=InnoDB DEFAULT CHARSET=utf8;

--
-- Dumping data for table `upload_product_description`
--

INSERT INTO `upload_product_description` (`upload_product_des_id`, `upload_id`, `lang_id`, `description`, `description_type`, `status`) VALUES
(1, '1', 'english', '<p>sdfsa</p>', 2, 0),
(2, '1', 'bangla', '<p>sdf</p>', 2, 0),
(3, '2', 'english', 'Japanese shoe', 1, 0),
(4, '2', 'english', '<p>Jahapasfasfd shoe</p>', 2, 0),
(21, '7', 'english', '<p><br></p>', 1, 0),
(22, '7', 'bangla', '', 1, 0),
(23, '7', 'english', '<p><br></p>', 2, 0),
(24, '7', 'bangla', '', 2, 0),
(25, '9', 'english', '<p>sdfas<br></p>', 1, 0),
(26, '9', 'bangla', '<p>sdfas<br></p>', 1, 0),
(27, '9', 'english', '<p>wrwe<br></p>', 2, 0),
(28, '9', 'bangla', '', 2, 0),
(29, '10', 'english', '<p>This is product des</p>', 1, 0),
(30, '10', 'bangla', '<p>This is bangla des<br></p>', 1, 0),
(31, '10', 'english', '<p>This is product spect</p>', 2, 0),
(32, '10', 'bangla', '<p>This is bangla sepcs</p>', 2, 0),
(33, '12', 'english', '<p>uuuuuuuuu</p>', 1, 0),
(34, '12', 'bangla', '', 1, 0),
(35, '12', 'english', '<p>uuuuuuuuuu</p>', 2, 0),
(36, '12', 'bangla', '', 2, 0),
(37, '11', 'english', '<p>test</p>', 1, 0),
(38, '11', 'bangla', '<p><br></p>', 1, 0),
(39, '11', 'english', '<p>test</p>', 2, 0),
(40, '11', 'bangla', '', 2, 0),
(41, '13', 'english', '<p>des</p>', 1, 0),
(42, '13', 'bangla', '<p>ban</p>', 1, 0),
(43, '13', 'english', '<p>spec</p>', 2, 0),
(44, '13', 'bangla', '<p>ban spec</p>', 2, 0),
(45, '14', 'english', '<p>tgree<br></p>', 1, 0),
(46, '14', 'bangla', '', 1, 0),
(47, '14', 'english', '<p>three<br></p>', 2, 0),
(48, '14', 'bangla', '', 2, 0),
(49, '15', 'english', '<p>Brazil jwrsy<br></p>', 1, 0),
(50, '15', 'bangla', '', 1, 0),
(51, '15', 'english', '<p>jersy<br></p>', 2, 0),
(52, '15', 'bangla', '', 2, 0),
(53, '16', 'english', '<p>etet</p>', 1, 0),
(54, '16', 'bangla', '', 1, 0),
(55, '16', 'english', '<p>sadfas</p>', 2, 0),
(56, '16', 'bangla', '', 2, 0),
(57, '17', 'english', '<p>asdfas</p>', 1, 0),
(58, '17', 'bangla', '', 1, 0),
(59, '17', 'english', '<p>sadfsa</p>', 2, 0),
(60, '17', 'bangla', '', 2, 0),
(61, '18', 'english', '<p>sadfsafa</p>', 1, 0),
(62, '18', 'bangla', '', 1, 0),
(63, '18', 'message_send_successfully', '', 1, 0),
(64, '18', 'english', '<p>sadfsafas</p>', 2, 0),
(65, '18', 'bangla', '', 2, 0),
(66, '18', 'message_send_successfully', '', 2, 0),
(67, '19', 'english', '<p>SJ-4<br></p>', 1, 0),
(68, '19', 'bangla', '', 1, 0),
(69, '19', 'message_send_successfully', '', 1, 0),
(70, '19', 'english', '<p>SJ-4<br></p>', 2, 0),
(71, '19', 'bangla', '', 2, 0),
(72, '19', 'message_send_successfully', '', 2, 0),
(73, '20', 'english', '<p>sdfs</p>', 1, 0),
(74, '20', 'bangla', '', 1, 0),
(75, '20', 'message_send_successfully', '', 1, 0),
(76, '20', 'english', '<p>sdfs</p>', 2, 0),
(77, '20', 'bangla', '', 2, 0),
(78, '20', 'message_send_successfully', '', 2, 0);

-- --------------------------------------------------------

--
-- Table structure for table `upload_product_title`
--

CREATE TABLE `upload_product_title` (
  `upload_product_title_id` int(11) NOT NULL,
  `upload_id` varchar(255) NOT NULL,
  `lang_id` varchar(255) NOT NULL,
  `title` text NOT NULL,
  `status` int(11) NOT NULL
) ENGINE=InnoDB DEFAULT CHARSET=utf8;

--
-- Dumping data for table `upload_product_title`
--

INSERT INTO `upload_product_title` (`upload_product_title_id`, `upload_id`, `lang_id`, `title`, `status`) VALUES
(1, '1', 'english', 'dddd', 0),
(2, '1', 'bangla', 'dadeee', 0),
(3, '2', 'english', 'Japanese shoe        ', 1),
(12, '7', 'english', 'Upload test', 1),
(13, '7', 'bangla', '', 1),
(14, '9', 'english', 'dd', 0),
(15, '9', 'bangla', 'ddd', 0),
(18, '10', 'english', 'tasfa', 1),
(19, '10', 'bangla', '<p>This is bangla title</p>', 1),
(20, '12', 'english', 'uuuuu', 1),
(21, '12', 'bangla', '', 1),
(22, '11', 'english', 'test', 0),
(23, '11', 'bangla', '', 0),
(24, '13', 'english', 'eng ', 1),
(25, '13', 'bangla', '<p>ban</p>', 1),
(26, '14', 'english', 'Three', 1),
(27, '14', 'bangla', '', 1),
(28, '15', 'english', 'Jwersy', 1),
(29, '15', 'bangla', '', 1),
(30, '16', 'english', 'test', 1),
(31, '16', 'bangla', '', 1),
(32, '17', 'english', 'BD-123', 1),
(33, '17', 'bangla', '', 1),
(34, '18', 'english', 'Sarwar Mouse', 1),
(35, '18', 'bangla', '', 1),
(36, '18', 'message_send_successfully', '', 1),
(37, '19', 'english', 'SJ-4', 1),
(38, '19', 'bangla', '', 1),
(39, '19', 'message_send_successfully', '', 1),
(40, '20', 'english', 'SJ-5', 1),
(41, '20', 'bangla', '', 1),
(42, '20', 'message_send_successfully', '', 1);

-- --------------------------------------------------------

--
-- Table structure for table `users`
--

CREATE TABLE `users` (
  `user_id` varchar(100) NOT NULL,
  `last_name` varchar(255) NOT NULL,
  `first_name` varchar(255) NOT NULL,
  `gender` int(2) NOT NULL,
  `date_of_birth` varchar(255) NOT NULL,
  `logo` varchar(250) DEFAULT NULL,
  `status` int(2) NOT NULL
) ENGINE=InnoDB DEFAULT CHARSET=utf8;

--
-- Dumping data for table `users`
--

INSERT INTO `users` (`user_id`, `last_name`, `first_name`, `gender`, `date_of_birth`, `logo`, `status`) VALUES
('1', 'Doye', 'John', 1, '', 'http://localhost/seller_erp/assets/dist/img/profile_picture/b6702e859075ae781450d714bea53150.jpg', 1),
('3ALWXCB1BUITH8A', 'Support', 'Customer', 0, '', 'http://localhost/seller_erp/assets/website/image/login.png', 1),
('7E6L41VW94TRO7X', 'Manager ', 'Store ', 0, '', 'http://localhost/seller_erp/assets/website/image/login.png', 1),
('JUG91MFKLN734PE', 'Assistant', 'Marketing ', 0, '', 'http://localhost/seller_erp/assets/website/image/login.png', 1),
('XAZWM4Z85W3PFW3', 'Supervisor', 'Operation ', 0, '', 'http://localhost/seller_erp/assets/website/image/login.png', 1),
('XHBNZKOQ7EDBPQA', 'Manager', 'Delivery ', 0, '', 'http://localhost/seller_erp/assets/website/image/login.png', 1);

-- --------------------------------------------------------

--
-- Table structure for table `user_login`
--

CREATE TABLE `user_login` (
  `user_id` varchar(100) NOT NULL,
  `username` varchar(255) NOT NULL,
  `password` varchar(255) NOT NULL,
  `user_type` int(2) DEFAULT NULL COMMENT '1=admin,2=shop-manager,3=sales man,4=store keeper,5=customer',
  `security_code` varchar(255) DEFAULT NULL,
  `status` int(2) NOT NULL
) ENGINE=InnoDB DEFAULT CHARSET=utf8;

--
-- Dumping data for table `user_login`
--

INSERT INTO `user_login` (`user_id`, `username`, `password`, `user_type`, `security_code`, `status`) VALUES
('1', 'super@admin.com', '41d99b369894eb1ec3f461135132d8bb', 1, '', 1),
('3ALWXCB1BUITH8A', 'customer@gmail.com', '41d99b369894eb1ec3f461135132d8bb', NULL, NULL, 1),
('7E6L41VW94TRO7X', 'store@gmail.com', '41d99b369894eb1ec3f461135132d8bb', NULL, NULL, 1),
('JUG91MFKLN734PE', 'merketing@gmail.com', '41d99b369894eb1ec3f461135132d8bb', NULL, NULL, 1),
('XAZWM4Z85W3PFW3', 'operation@gmail.com', '41d99b369894eb1ec3f461135132d8bb', NULL, NULL, 1),
('XHBNZKOQ7EDBPQA', 'delivery@gmail.com', '41d99b369894eb1ec3f461135132d8bb', NULL, NULL, 1);

-- --------------------------------------------------------

--
-- Table structure for table `variant`
--

CREATE TABLE `variant` (
  `variant_id` varchar(100) NOT NULL,
  `variant_name` varchar(100) NOT NULL,
  `status` int(2) NOT NULL
) ENGINE=InnoDB DEFAULT CHARSET=utf8;

--
-- Dumping data for table `variant`
--

INSERT INTO `variant` (`variant_id`, `variant_name`, `status`) VALUES
('DZT2RNVHGWCVQAS', 'L', 1),
('GQ3DZ3N6QB2URPY', 'S', 1),
('LZTVL1HJJAOQLOF', 'M', 1),
('MN2PU851WMA4KNU', 'n/a', 1);

-- --------------------------------------------------------

--
-- Table structure for table `web_footer`
--

CREATE TABLE `web_footer` (
  `footer_section_id` varchar(100) NOT NULL,
  `headlines` text NOT NULL,
  `details` text NOT NULL,
  `position` int(11) NOT NULL,
  `status` int(11) NOT NULL
) ENGINE=InnoDB DEFAULT CHARSET=utf8;

--
-- Dumping data for table `web_footer`
--

INSERT INTO `web_footer` (`footer_section_id`, `headlines`, `details`, `position`, `status`) VALUES
('14XE5SSMKCA4RUK', 'asdfas', '<p>asfas</p>', 34534, 1),
('4UXP4OHYVGUBDSQ', 'Third Block', '<div class="col-xs-6 col-sm-2">\r\n                <div class="footer-box">\r\n                    <h4 class="footer-title">Media Partners</h4>\r\n                    <ul class="footer-category">\r\n                        <li><a href="#">Sports Weekly</a></li>\r\n                        <li><a href="#">Education</a></li>\r\n                        <li><a href="#">10Best</a></li>\r\n                        <li><a href="#">Studio Gannett</a></li>\r\n                    </ul>\r\n                </div>\r\n            </div>', 3, 1),
('9PO57IURFTGIQU7', 'Fourth Block', '<div class="col-xs-12 col-sm-2">\r\n                <div class="footer-box">\r\n                    <h4 class="footer-title">Stay Connected</h4>\r\n                    <ul class="footer-category">\r\n                        <li><a href="#">Contact Us</a></li>\r\n                        <li><a href="#">Contact Us</a></li>\r\n                        <li><a href="#">Staff Index</a></li>\r\n                        <li><a href="#">Get Home Delivery</a></li>\r\n                        <li><a href="#">Manage My Subscriptions</a></li>\r\n                        <li><a href="#">Newsletters & Alerts</a></li>\r\n                        <li><a href="#">Mobile Apps</a></li>\r\n                    </ul>\r\n                </div>\r\n            </div>', 4, 1),
('R65OGYDCBUWYYI3', 'Second Block', '<div class="col-xs-6 col-sm-2">\r\n                <div class="footer-box">\r\n                    <h4 class="footer-title">Information</h4>\r\n                    <ul class="footer-category">\r\n                        <li><a href="#">About Us</a></li>\r\n                        <li><a href="#">Editorial Policy</a></li>\r\n                        <li><a href="#">Corrections & Clarifications</a></li>\r\n                        <li><a href="#">Press Room</a></li>\r\n                        <li><a href="#">Advertise</a></li>\r\n                        <li><a href="#">Jobs</a></li>\r\n                        <li><a href="#">Internships</a></li>\r\n                    </ul>\r\n                </div>\r\n            </div>', 2, 1),
('VT6GJCI4FQZ78E2', 'First Block', '<div class="col-xs-12 col-sm-3 col-md-2">\r\n                <div class="footer-box">\r\n                    <div class="social-icons">\r\n                        <ul>\r\n                            <li><a href="#"><i class="fa fa-facebook"></i></a></li>\r\n                            <li><a href="#"><i class="fa fa-twitter"></i></a></li>\r\n                            <li><a href="#"><i class="fa fa-google-plus"></i></a></li>\r\n                            <li><a href="#"><i class="fa fa-instagram"></i></a></li>\r\n                            <li><a href="#"><i class="fa fa-linkedin"></i></a></li>\r\n                            <li><a href="#"><i class="fa fa-tumblr"></i></a></li>\r\n                            <li><a href="#"><i class="fa fa-youtube-play"></i></a></li>\r\n                            <li><a href="#"><i class="fa fa-pinterest"></i></a></li>\r\n                            <li><a href="#"><i class="fa fa-soundcloud"></i></a></li>\r\n                            <li><a href="#"><i class="fa fa-rss"></i></a></li>\r\n                        </ul>\r\n                    </div>\r\n                    <p class="copy">Bdtask.com</p>\r\n                </div>\r\n            </div>', 1, 1);

-- --------------------------------------------------------

--
-- Table structure for table `web_setting`
--

CREATE TABLE `web_setting` (
  `setting_id` int(11) NOT NULL,
  `logo` text,
  `invoice_logo` text,
  `favicon` text,
  `footer_logo` text,
  `footer_text` text,
  `app_url` text,
  `app_logo` text,
  `map_api_key` text,
  `map_latitude` text,
  `map_langitude` text
) ENGINE=InnoDB DEFAULT CHARSET=utf8;

--
-- Dumping data for table `web_setting`
--

INSERT INTO `web_setting` (`setting_id`, `logo`, `invoice_logo`, `favicon`, `footer_logo`, `footer_text`, `app_url`, `app_logo`, `map_api_key`, `map_latitude`, `map_langitude`) VALUES
(1, 'http://localhost/seller_erp/my-assets/image/logo/bc61adae913f84dd86030ac8dd62ea69.png', 'http://localhost/seller_erp/my-assets/image/logo/23c6059f169fb86a655449be4f704804.png', 'http://localhost/seller_erp/my-assets/image/logo/b48bc25448d5461241ca12231fac4f78.png', NULL, 'Developed by <a href=''https://www.bdtask.com/'' target=''_blank''>bdtask</a>', 'http://www.google.com', 'http://localhost/seller_erp/my-assets/image/logo/229cf918fa0b5ee79cf03e35e2362911.png', 'AIzaSyBGwh3ShY_W1hMms1wmwlHK3hpInhExn3o', '23.756107', '90.387196');

-- --------------------------------------------------------

--
-- Table structure for table `wishlist`
--

CREATE TABLE `wishlist` (
  `wishlist_id` varchar(100) NOT NULL,
  `product_id` varchar(100) NOT NULL,
  `user_id` varchar(100) NOT NULL,
  `status` int(11) NOT NULL
) ENGINE=InnoDB DEFAULT CHARSET=utf8;

--
-- Dumping data for table `wishlist`
--

INSERT INTO `wishlist` (`wishlist_id`, `product_id`, `user_id`, `status`) VALUES
('DG6YENG7LKO9V9F', '99623484', '1', 1),
('GT5DTZ3XB77DYCE', '25821698', '1', 1),
('O3HOFJL52JM9KQD', '81817696', '1', 1),
('OFQKAVFQACL3NHW', '35247322', '1', 1),
('Q8I79LWR8ZJDIEX', '59968488', '1', 1),
('XVDN5VNF35CKKO2', '4MD5XKMU', '1', 1);

--
-- Indexes for dumped tables
--

--
-- Indexes for table `about_us`
--
ALTER TABLE `about_us`
  ADD PRIMARY KEY (`content_id`);

--
-- Indexes for table `advertisement`
--
ALTER TABLE `advertisement`
  ADD PRIMARY KEY (`adv_id`);

--
-- Indexes for table `block`
--
ALTER TABLE `block`
  ADD PRIMARY KEY (`block_id`);

--
-- Indexes for table `brand`
--
ALTER TABLE `brand`
  ADD PRIMARY KEY (`brand_id`);

--
-- Indexes for table `comission`
--
ALTER TABLE `comission`
  ADD PRIMARY KEY (`id`);

--
-- Indexes for table `company_information`
--
ALTER TABLE `company_information`
  ADD PRIMARY KEY (`company_id`);

--
-- Indexes for table `contact`
--
ALTER TABLE `contact`
  ADD PRIMARY KEY (`id`);

--
-- Indexes for table `countries`
--
ALTER TABLE `countries`
  ADD PRIMARY KEY (`id`);

--
-- Indexes for table `coupon`
--
ALTER TABLE `coupon`
  ADD PRIMARY KEY (`coupon_id`);

--
-- Indexes for table `crypto_payments`
--
ALTER TABLE `crypto_payments`
  ADD PRIMARY KEY (`paymentID`),
  ADD UNIQUE KEY `key3` (`boxID`,`orderID`,`userID`,`txID`,`amount`,`addr`),
  ADD KEY `boxID` (`boxID`),
  ADD KEY `boxType` (`boxType`),
  ADD KEY `userID` (`userID`),
  ADD KEY `countryID` (`countryID`),
  ADD KEY `orderID` (`orderID`),
  ADD KEY `amount` (`amount`),
  ADD KEY `amountUSD` (`amountUSD`),
  ADD KEY `coinLabel` (`coinLabel`),
  ADD KEY `unrecognised` (`unrecognised`),
  ADD KEY `addr` (`addr`),
  ADD KEY `txID` (`txID`),
  ADD KEY `txDate` (`txDate`),
  ADD KEY `txConfirmed` (`txConfirmed`),
  ADD KEY `txCheckDate` (`txCheckDate`),
  ADD KEY `processed` (`processed`),
  ADD KEY `processedDate` (`processedDate`),
  ADD KEY `recordCreated` (`recordCreated`),
  ADD KEY `key1` (`boxID`,`orderID`),
  ADD KEY `key2` (`boxID`,`orderID`,`userID`);

--
-- Indexes for table `currency_info`
--
ALTER TABLE `currency_info`
  ADD PRIMARY KEY (`currency_id`);

--
-- Indexes for table `customer_information`
--
ALTER TABLE `customer_information`
  ADD PRIMARY KEY (`customer_id`);

--
-- Indexes for table `customer_ledger`
--
ALTER TABLE `customer_ledger`
  ADD KEY `receipt_no` (`receipt_no`),
  ADD KEY `receipt_no_2` (`receipt_no`),
  ADD KEY `receipt_no_3` (`receipt_no`),
  ADD KEY `receipt_no_4` (`receipt_no`);

--
-- Indexes for table `customer_order`
--
ALTER TABLE `customer_order`
  ADD PRIMARY KEY (`customer_order_id`);

--
-- Indexes for table `email_configuration`
--
ALTER TABLE `email_configuration`
  ADD PRIMARY KEY (`email_id`);

--
-- Indexes for table `email_template`
--
ALTER TABLE `email_template`
  ADD PRIMARY KEY (`id`);

--
-- Indexes for table `invoice`
--
ALTER TABLE `invoice`
  ADD PRIMARY KEY (`id`);

--
-- Indexes for table `invoice_details`
--
ALTER TABLE `invoice_details`
  ADD PRIMARY KEY (`invoice_details_id`);

--
-- Indexes for table `language`
--
ALTER TABLE `language`
  ADD PRIMARY KEY (`id`);

--
-- Indexes for table `link_page`
--
ALTER TABLE `link_page`
  ADD PRIMARY KEY (`link_page_id`);

--
-- Indexes for table `order`
--
ALTER TABLE `order`
  ADD PRIMARY KEY (`id`);

--
-- Indexes for table `order_tax_col_details`
--
ALTER TABLE `order_tax_col_details`
  ADD PRIMARY KEY (`order_tax_col_de_id`);

--
-- Indexes for table `order_tax_col_summary`
--
ALTER TABLE `order_tax_col_summary`
  ADD PRIMARY KEY (`order_tax_col_id`);

--
-- Indexes for table `order_tracking`
--
ALTER TABLE `order_tracking`
  ADD PRIMARY KEY (`id`);

--
-- Indexes for table `our_location`
--
ALTER TABLE `our_location`
  ADD PRIMARY KEY (`location_id`);

--
-- Indexes for table `payeer_payments`
--
ALTER TABLE `payeer_payments`
  ADD PRIMARY KEY (`id`);

--
-- Indexes for table `payment`
--
ALTER TABLE `payment`
  ADD PRIMARY KEY (`id`);

--
-- Indexes for table `payment_gateway`
--
ALTER TABLE `payment_gateway`
  ADD PRIMARY KEY (`id`);

--
-- Indexes for table `payment_method`
--
ALTER TABLE `payment_method`
  ADD PRIMARY KEY (`method_id`);

--
-- Indexes for table `pre_order`
--
ALTER TABLE `pre_order`
  ADD PRIMARY KEY (`id`);

--
-- Indexes for table `product_category`
--
ALTER TABLE `product_category`
  ADD PRIMARY KEY (`category_id`);

--
-- Indexes for table `product_description`
--
ALTER TABLE `product_description`
  ADD PRIMARY KEY (`product_description_id`);

--
-- Indexes for table `product_image`
--
ALTER TABLE `product_image`
  ADD PRIMARY KEY (`product_image_id`);

--
-- Indexes for table `product_information`
--
ALTER TABLE `product_information`
  ADD PRIMARY KEY (`product_info_id`),
  ADD UNIQUE KEY `product_model` (`product_model`),
  ADD UNIQUE KEY `product_id` (`product_id`);

--
-- Indexes for table `product_review`
--
ALTER TABLE `product_review`
  ADD PRIMARY KEY (`product_review_id`);

--
-- Indexes for table `product_title`
--
ALTER TABLE `product_title`
  ADD PRIMARY KEY (`product_title_id`);

--
-- Indexes for table `quantiy_log`
--
ALTER TABLE `quantiy_log`
  ADD PRIMARY KEY (`id`);

--
-- Indexes for table `sec_menu_item`
--
ALTER TABLE `sec_menu_item`
  ADD PRIMARY KEY (`menu_id`);

--
-- Indexes for table `sec_role_permission`
--
ALTER TABLE `sec_role_permission`
  ADD PRIMARY KEY (`id`);

--
-- Indexes for table `sec_role_tbl`
--
ALTER TABLE `sec_role_tbl`
  ADD PRIMARY KEY (`role_id`);

--
-- Indexes for table `sec_user_access_tbl`
--
ALTER TABLE `sec_user_access_tbl`
  ADD PRIMARY KEY (`role_acc_id`);

--
-- Indexes for table `seller_information`
--
ALTER TABLE `seller_information`
  ADD PRIMARY KEY (`id`);

--
-- Indexes for table `seller_order`
--
ALTER TABLE `seller_order`
  ADD PRIMARY KEY (`seller_order_id`);

--
-- Indexes for table `seller_policy`
--
ALTER TABLE `seller_policy`
  ADD PRIMARY KEY (`id`);

--
-- Indexes for table `seller_pre_order`
--
ALTER TABLE `seller_pre_order`
  ADD PRIMARY KEY (`seller_pre_order_id`);

--
-- Indexes for table `seller_review`
--
ALTER TABLE `seller_review`
  ADD PRIMARY KEY (`seller_review_id`);

--
-- Indexes for table `shipping_info`
--
ALTER TABLE `shipping_info`
  ADD PRIMARY KEY (`shiping_info_id`);

--
-- Indexes for table `shipping_method`
--
ALTER TABLE `shipping_method`
  ADD PRIMARY KEY (`method_id`);

--
-- Indexes for table `slider`
--
ALTER TABLE `slider`
  ADD PRIMARY KEY (`slider_id`);

--
-- Indexes for table `social_config`
--
ALTER TABLE `social_config`
  ADD PRIMARY KEY (`id`);

--
-- Indexes for table `soft_setting`
--
ALTER TABLE `soft_setting`
  ADD PRIMARY KEY (`setting_id`);

--
-- Indexes for table `states`
--
ALTER TABLE `states`
  ADD PRIMARY KEY (`id`);

--
-- Indexes for table `subscriber`
--
ALTER TABLE `subscriber`
  ADD PRIMARY KEY (`subscriber_id`);

--
-- Indexes for table `synchronizer_setting`
--
ALTER TABLE `synchronizer_setting`
  ADD PRIMARY KEY (`id`);

--
-- Indexes for table `tax`
--
ALTER TABLE `tax`
  ADD PRIMARY KEY (`tax_id`);

--
-- Indexes for table `tax_collection_details`
--
ALTER TABLE `tax_collection_details`
  ADD PRIMARY KEY (`tax_col_de_id`);

--
-- Indexes for table `tax_collection_summary`
--
ALTER TABLE `tax_collection_summary`
  ADD PRIMARY KEY (`tax_collection_id`);

--
-- Indexes for table `tax_product_service`
--
ALTER TABLE `tax_product_service`
  ADD PRIMARY KEY (`t_p_s_id`);

--
-- Indexes for table `unit`
--
ALTER TABLE `unit`
  ADD PRIMARY KEY (`unit_id`);

--
-- Indexes for table `upload_image`
--
ALTER TABLE `upload_image`
  ADD PRIMARY KEY (`upload_image_id`);

--
-- Indexes for table `upload_product`
--
ALTER TABLE `upload_product`
  ADD PRIMARY KEY (`upload_id`);

--
-- Indexes for table `upload_product_description`
--
ALTER TABLE `upload_product_description`
  ADD PRIMARY KEY (`upload_product_des_id`);

--
-- Indexes for table `upload_product_title`
--
ALTER TABLE `upload_product_title`
  ADD PRIMARY KEY (`upload_product_title_id`);

--
-- Indexes for table `users`
--
ALTER TABLE `users`
  ADD PRIMARY KEY (`user_id`);

--
-- Indexes for table `user_login`
--
ALTER TABLE `user_login`
  ADD PRIMARY KEY (`user_id`);

--
-- Indexes for table `variant`
--
ALTER TABLE `variant`
  ADD PRIMARY KEY (`variant_id`);

--
-- Indexes for table `web_footer`
--
ALTER TABLE `web_footer`
  ADD PRIMARY KEY (`footer_section_id`);

--
-- Indexes for table `web_setting`
--
ALTER TABLE `web_setting`
  ADD PRIMARY KEY (`setting_id`);

--
-- Indexes for table `wishlist`
--
ALTER TABLE `wishlist`
  ADD PRIMARY KEY (`wishlist_id`);

--
-- AUTO_INCREMENT for dumped tables
--

--
-- AUTO_INCREMENT for table `about_us`
--
ALTER TABLE `about_us`
  MODIFY `content_id` int(11) NOT NULL AUTO_INCREMENT, AUTO_INCREMENT=13;
--
-- AUTO_INCREMENT for table `comission`
--
ALTER TABLE `comission`
  MODIFY `id` int(11) NOT NULL AUTO_INCREMENT, AUTO_INCREMENT=5;
--
-- AUTO_INCREMENT for table `contact`
--
ALTER TABLE `contact`
  MODIFY `id` int(11) NOT NULL AUTO_INCREMENT;
--
-- AUTO_INCREMENT for table `countries`
--
ALTER TABLE `countries`
  MODIFY `id` int(11) NOT NULL AUTO_INCREMENT, AUTO_INCREMENT=247;
--
-- AUTO_INCREMENT for table `crypto_payments`
--
ALTER TABLE `crypto_payments`
  MODIFY `paymentID` int(11) UNSIGNED NOT NULL AUTO_INCREMENT, AUTO_INCREMENT=2;
--
-- AUTO_INCREMENT for table `email_template`
--
ALTER TABLE `email_template`
  MODIFY `id` int(11) NOT NULL AUTO_INCREMENT, AUTO_INCREMENT=11;
--
-- AUTO_INCREMENT for table `invoice`
--
ALTER TABLE `invoice`
  MODIFY `id` int(11) NOT NULL AUTO_INCREMENT, AUTO_INCREMENT=4;
--
-- AUTO_INCREMENT for table `language`
--
ALTER TABLE `language`
  MODIFY `id` int(11) UNSIGNED NOT NULL AUTO_INCREMENT, AUTO_INCREMENT=1229;
--
-- AUTO_INCREMENT for table `order`
--
ALTER TABLE `order`
  MODIFY `id` int(11) NOT NULL AUTO_INCREMENT, AUTO_INCREMENT=4;
--
-- AUTO_INCREMENT for table `order_tracking`
--
ALTER TABLE `order_tracking`
  MODIFY `id` int(11) NOT NULL AUTO_INCREMENT, AUTO_INCREMENT=31;
--
-- AUTO_INCREMENT for table `our_location`
--
ALTER TABLE `our_location`
  MODIFY `location_id` int(11) NOT NULL AUTO_INCREMENT;
--
-- AUTO_INCREMENT for table `payeer_payments`
--
ALTER TABLE `payeer_payments`
  MODIFY `id` int(11) NOT NULL AUTO_INCREMENT;
--
-- AUTO_INCREMENT for table `payment`
--
ALTER TABLE `payment`
  MODIFY `id` int(11) NOT NULL AUTO_INCREMENT, AUTO_INCREMENT=7;
--
-- AUTO_INCREMENT for table `payment_gateway`
--
ALTER TABLE `payment_gateway`
  MODIFY `id` int(11) NOT NULL AUTO_INCREMENT, AUTO_INCREMENT=4;
--
-- AUTO_INCREMENT for table `payment_method`
--
ALTER TABLE `payment_method`
  MODIFY `method_id` int(11) NOT NULL AUTO_INCREMENT, AUTO_INCREMENT=6;
--
-- AUTO_INCREMENT for table `pre_order`
--
ALTER TABLE `pre_order`
  MODIFY `id` int(11) NOT NULL AUTO_INCREMENT, AUTO_INCREMENT=9;
--
-- AUTO_INCREMENT for table `product_description`
--
ALTER TABLE `product_description`
  MODIFY `product_description_id` int(255) NOT NULL AUTO_INCREMENT, AUTO_INCREMENT=145;
--
-- AUTO_INCREMENT for table `product_image`
--
ALTER TABLE `product_image`
  MODIFY `product_image_id` int(255) NOT NULL AUTO_INCREMENT, AUTO_INCREMENT=219;
--
-- AUTO_INCREMENT for table `product_information`
--
ALTER TABLE `product_information`
  MODIFY `product_info_id` int(11) NOT NULL AUTO_INCREMENT, AUTO_INCREMENT=56;
--
-- AUTO_INCREMENT for table `product_review`
--
ALTER TABLE `product_review`
  MODIFY `product_review_id` int(11) NOT NULL AUTO_INCREMENT, AUTO_INCREMENT=16;
--
-- AUTO_INCREMENT for table `product_title`
--
ALTER TABLE `product_title`
  MODIFY `product_title_id` int(255) NOT NULL AUTO_INCREMENT, AUTO_INCREMENT=87;
--
-- AUTO_INCREMENT for table `quantiy_log`
--
ALTER TABLE `quantiy_log`
  MODIFY `id` int(11) NOT NULL AUTO_INCREMENT, AUTO_INCREMENT=26;
--
-- AUTO_INCREMENT for table `sec_menu_item`
--
ALTER TABLE `sec_menu_item`
  MODIFY `menu_id` int(11) NOT NULL AUTO_INCREMENT, AUTO_INCREMENT=99;
--
-- AUTO_INCREMENT for table `sec_role_permission`
--
ALTER TABLE `sec_role_permission`
  MODIFY `id` bigint(20) NOT NULL AUTO_INCREMENT, AUTO_INCREMENT=3663;
--
-- AUTO_INCREMENT for table `sec_role_tbl`
--
ALTER TABLE `sec_role_tbl`
  MODIFY `role_id` int(11) NOT NULL AUTO_INCREMENT, AUTO_INCREMENT=6;
--
-- AUTO_INCREMENT for table `sec_user_access_tbl`
--
ALTER TABLE `sec_user_access_tbl`
  MODIFY `role_acc_id` int(11) NOT NULL AUTO_INCREMENT, AUTO_INCREMENT=7;
--
-- AUTO_INCREMENT for table `seller_information`
--
ALTER TABLE `seller_information`
  MODIFY `id` int(11) NOT NULL AUTO_INCREMENT, AUTO_INCREMENT=20;
--
-- AUTO_INCREMENT for table `seller_order`
--
ALTER TABLE `seller_order`
  MODIFY `seller_order_id` int(11) NOT NULL AUTO_INCREMENT, AUTO_INCREMENT=4;
--
-- AUTO_INCREMENT for table `seller_policy`
--
ALTER TABLE `seller_policy`
  MODIFY `id` int(11) NOT NULL AUTO_INCREMENT, AUTO_INCREMENT=2;
--
-- AUTO_INCREMENT for table `seller_pre_order`
--
ALTER TABLE `seller_pre_order`
  MODIFY `seller_pre_order_id` int(11) NOT NULL AUTO_INCREMENT, AUTO_INCREMENT=17;
--
-- AUTO_INCREMENT for table `seller_review`
--
ALTER TABLE `seller_review`
  MODIFY `seller_review_id` int(11) NOT NULL AUTO_INCREMENT, AUTO_INCREMENT=3;
--
-- AUTO_INCREMENT for table `shipping_info`
--
ALTER TABLE `shipping_info`
  MODIFY `shiping_info_id` int(100) NOT NULL AUTO_INCREMENT, AUTO_INCREMENT=165;
--
-- AUTO_INCREMENT for table `shipping_method`
--
ALTER TABLE `shipping_method`
  MODIFY `method_id` int(11) NOT NULL AUTO_INCREMENT, AUTO_INCREMENT=10;
--
-- AUTO_INCREMENT for table `social_config`
--
ALTER TABLE `social_config`
  MODIFY `id` int(11) NOT NULL AUTO_INCREMENT, AUTO_INCREMENT=3;
--
-- AUTO_INCREMENT for table `soft_setting`
--
ALTER TABLE `soft_setting`
  MODIFY `setting_id` int(11) NOT NULL AUTO_INCREMENT, AUTO_INCREMENT=2;
--
-- AUTO_INCREMENT for table `states`
--
ALTER TABLE `states`
  MODIFY `id` int(11) NOT NULL AUTO_INCREMENT, AUTO_INCREMENT=4121;
--
-- AUTO_INCREMENT for table `synchronizer_setting`
--
ALTER TABLE `synchronizer_setting`
  MODIFY `id` int(11) NOT NULL AUTO_INCREMENT, AUTO_INCREMENT=9;
--
-- AUTO_INCREMENT for table `upload_image`
--
ALTER TABLE `upload_image`
  MODIFY `upload_image_id` int(255) NOT NULL AUTO_INCREMENT, AUTO_INCREMENT=165;
--
-- AUTO_INCREMENT for table `upload_product`
--
ALTER TABLE `upload_product`
  MODIFY `upload_id` int(255) NOT NULL AUTO_INCREMENT, AUTO_INCREMENT=21;
--
-- AUTO_INCREMENT for table `upload_product_description`
--
ALTER TABLE `upload_product_description`
  MODIFY `upload_product_des_id` int(11) NOT NULL AUTO_INCREMENT, AUTO_INCREMENT=79;
--
-- AUTO_INCREMENT for table `upload_product_title`
--
ALTER TABLE `upload_product_title`
  MODIFY `upload_product_title_id` int(11) NOT NULL AUTO_INCREMENT, AUTO_INCREMENT=43;
--
-- AUTO_INCREMENT for table `web_setting`
--
ALTER TABLE `web_setting`
  MODIFY `setting_id` int(11) NOT NULL AUTO_INCREMENT, AUTO_INCREMENT=2;
/*!40101 SET CHARACTER_SET_CLIENT=@OLD_CHARACTER_SET_CLIENT */;
/*!40101 SET CHARACTER_SET_RESULTS=@OLD_CHARACTER_SET_RESULTS */;
/*!40101 SET COLLATION_CONNECTION=@OLD_COLLATION_CONNECTION */;
